{
    "yes": {
        "cap-shape": {
            "x": 0.46250593260560036,
            "b": 0.09610821072615093,
            "s": 0.007831039392501186,
            "f": 0.3789748457522544,
            "k": 0.05434266729947793,
            "c": 0.00023730422401518748
        },
        "cap-surface": {
            "s": 0.2718423551756885,
            "y": 0.357312440645774,
            "f": 0.3706077872744539,
            "g": 0.00023741690408357076
        },
        "cap-color": {
            "n": 0.29990516832622094,
            "y": 0.09506875296348981,
            "w": 0.17093409198672357,
            "g": 0.2449027975343765,
            "e": 0.14817449027975343,
            "p": 0.013513513513513514,
            "b": 0.011616880037932669,
            "u": 0.0040303461356092935,
            "c": 0.007823613086770981,
            "r": 0.0040303461356092935
        },
        "bruises": {
            "t": 0.6539192399049881,
            "f": 0.3460807600950119
        },
        "odor": {
            "p": 0.00023713540431586437,
            "a": 0.09509129713066161,
            "l": 0.09509129713066161,
            "n": 0.8083945933127816,
            "f": 0.00023713540431586437,
            "c": 0.00023713540431586437,
            "y": 0.00023713540431586437,
            "s": 0.00023713540431586437,
            "m": 0.00023713540431586437
        },
        "gill-attachment": {
            "f": 0.9541567695961995,
            "a": 0.04584323040380048
        },
        "gill-spacing": {
            "c": 0.7147268408551068,
            "w": 0.2852731591448931
        },
        "gill-size": {
            "n": 0.06864608076009501,
            "b": 0.931353919239905
        },
        "gill-color": {
            "k": 0.08175355450236967,
            "n": 0.22203791469194312,
            "g": 0.05900473933649289,
            "p": 0.20213270142180095,
            "w": 0.22677725118483413,
            "h": 0.0485781990521327,
            "u": 0.10545023696682465,
            "e": 0.02298578199052133,
            "b": 0.00023696682464454977,
            "r": 0.00023696682464454977,
            "y": 0.015402843601895734,
            "o": 0.015402843601895734
        },
        "stalk-shape": {
            "e": 0.3840855106888361,
            "t": 0.6159144893111639
        },
        "stalk-root": {
            "e": 0.2053168763351531,
            "c": 0.12176596249703299,
            "b": 0.4559696178495134,
            "r": 0.04581058628056017,
            "?": 0.17113695703774032
        },
        "stalk-surface-above-ring": {
            "s": 0.8644349477682811,
            "f": 0.09710351377018044,
            "k": 0.03442545109211776,
            "y": 0.004036087369420703
        },
        "stalk-surface-below-ring": {
            "s": 0.8074548907882241,
            "f": 0.10849952516619184,
            "y": 0.04962013295346629,
            "k": 0.03442545109211776
        },
        "stalk-color-above-ring": {
            "w": 0.6528337680815746,
            "g": 0.13682712829025373,
            "p": 0.13682712829025373,
            "n": 0.004031301873369694,
            "b": 0.00023713540431586437,
            "e": 0.023002134218638844,
            "o": 0.04576713303296182,
            "c": 0.00023713540431586437,
            "y": 0.00023713540431586437
        },
        "stalk-color-below-ring": {
            "w": 0.641451268674413,
            "p": 0.13682712829025373,
            "g": 0.13682712829025373,
            "b": 0.00023713540431586437,
            "n": 0.015413801280531183,
            "e": 0.023002134218638844,
            "y": 0.00023713540431586437,
            "o": 0.04576713303296182,
            "c": 0.00023713540431586437
        },
        "veil-type": {
            "p": 1.0
        },
        "veil-color": {
            "w": 0.9537037037037037,
            "n": 0.023029439696106362,
            "o": 0.023029439696106362,
            "y": 0.00023741690408357076
        },
        "ring-number": {
            "o": 0.8741391593445738,
            "t": 0.12562336737117075,
            "n": 0.00023747328425552126
        },
        "ring-type": {
            "p": 0.7483978162829338,
            "e": 0.23949679563256587,
            "l": 0.00023736055067647758,
            "f": 0.011630666983147402,
            "n": 0.00023736055067647758
        },
        "spore-print-color": {
            "k": 0.39103628171686033,
            "n": 0.4138012805311833,
            "u": 0.011619634811477354,
            "h": 0.011619634811477354,
            "w": 0.13682712829025373,
            "r": 0.00023713540431586437,
            "o": 0.011619634811477354,
            "y": 0.011619634811477354,
            "b": 0.011619634811477354
        },
        "population": {
            "s": 0.20906502135738017,
            "n": 0.09515899383009017,
            "a": 0.09136212624584718,
            "v": 0.2831039392501187,
            "y": 0.25272899857617465,
            "c": 0.06858092074038918
        },
        "habitat": {
            "u": 0.023013048635824436,
            "g": 0.334282325029656,
            "m": 0.060972716488730726,
            "d": 0.4462633451957295,
            "p": 0.032502965599051005,
            "w": 0.04578884934756821,
            "l": 0.0571767497034401
        }
    },
    "no": {
        "cap-shape": {
            "x": 0.4357470678225395,
            "b": 0.012493625701172871,
            "s": 0.00025497195308516065,
            "f": 0.3969913309535951,
            "k": 0.15323814380418155,
            "c": 0.0012748597654258032
        },
        "cap-surface": {
            "s": 0.3604591836734694,
            "y": 0.4441326530612245,
            "f": 0.19413265306122449,
            "g": 0.0012755102040816326
        },
        "cap-color": {
            "n": 0.26006113092205807,
            "y": 0.17142129393785022,
            "w": 0.08176260825267448,
            "g": 0.20606214977075904,
            "e": 0.22338257768721345,
            "p": 0.022669383596535916,
            "b": 0.030820173204279166,
            "u": 0.00025471217524197657,
            "c": 0.0033112582781456954,
            "r": 0.00025471217524197657
        },
        "bruises": {
            "t": 0.15952016334864727,
            "f": 0.8404798366513527
        },
        "odor": {
            "p": 0.06547770700636943,
            "a": 0.00025477707006369424,
            "l": 0.00025477707006369424,
            "n": 0.030828025477707008,
            "f": 0.5505732484076433,
            "c": 0.049171974522292994,
            "y": 0.1470063694267516,
            "s": 0.1470063694267516,
            "m": 0.009426751592356689
        },
        "gill-attachment": {
            "f": 0.9951505870342011,
            "a": 0.004849412965798877
        },
        "gill-spacing": {
            "c": 0.9711587544665645,
            "w": 0.028841245533435426
        },
        "gill-size": {
            "n": 0.5678917815211842,
            "b": 0.4321082184788157
        },
        "gill-color": {
            "k": 0.01654786150712831,
            "n": 0.028767820773930752,
            "g": 0.12856415478615071,
            "p": 0.16318737270875763,
            "w": 0.06288187372708758,
            "h": 0.13467413441955192,
            "u": 0.012474541751527495,
            "e": 0.0002545824847250509,
            "b": 0.440173116089613,
            "r": 0.006364562118126273,
            "y": 0.005855397148676171,
            "o": 0.0002545824847250509
        },
        "stalk-shape": {
            "e": 0.48519652884124553,
            "t": 0.5148034711587545
        },
        "stalk-root": {
            "e": 0.0655445039530732,
            "c": 0.011476664116296864,
            "b": 0.47360367253251723,
            "r": 0.0002550369803621525,
            "?": 0.44912012241775057
        },
        "stalk-surface-above-ring": {
            "s": 0.3920918367346939,
            "f": 0.036989795918367346,
            "k": 0.5686224489795918,