{
    "yes": {
        "x": {
            "x": 0.44459551325628827,
            "f": 0.389530931339225,
            "b": 0.015295717199184228,
            "k": 0.14887831407205981,
            "s": 0.0003399048266485384,
            "c": 0.0013596193065941536
        },
        "s": {
            "f": 0.1935374149659864,
            "y": 0.45170068027210886,
            "s": 0.35306122448979593,
            "g": 0.0017006802721088435
        },
        "n": {
            "g": 0.2073998642226748,
            "n": 0.2545824847250509,
            "w": 0.0814663951120163,
            "e": 0.2189409368635438,
            "y": 0.17990495587236932,
            "p": 0.02376103190767142,
            "u": 0.00033944331296673454,
            "r": 0.00033944331296673454,
            "c": 0.003054989816700611,
            "b": 0.030210454854039375
        },
        "t": {
            "t": 0.15793056501021102,
            "f": 0.8420694349897889
        },
        "p.1": {
            "n": 0.031578947368421054,
            "c": 0.048556876061120545,
            "l": 0.00033955857385398983,
            "s": 0.13786078098471988,
            "f": 0.5565365025466893,
            "p": 0.06383701188455009,
            "a": 0.00033955857385398983,
            "y": 0.15144312393887946,
            "m": 0.009507640067911714
        },
        "f": {
            "f": 0.995575221238938,
            "a": 0.004424778761061947
        },
        "c": {
            "c": 0.9720898570456092,
            "w": 0.027910142954390742
        },
        "n.1": {
            "b": 0.4421375085091899,
            "n": 0.55786249149081
        },
        "k": {
            "p": 0.16621438263229307,
            "u": 0.011194029850746268,
            "w": 0.06512890094979647,
            "k": 0.015264586160108548,
            "b": 0.4324966078697422,
            "g": 0.13127544097693353,
            "n": 0.028493894165535955,
            "h": 0.13738127544097695,
            "o": 0.00033921302578018993,
            "y": 0.00508819538670285,
            "e": 0.00033921302578018993,
            "r": 0.0067842605156037995
        },
        "e": {
            "t": 0.5061266167460857,
            "e": 0.4938733832539142
        },
        "e.1": {
            "b": 0.48316899013940834,
            "c": 0.011560693641618497,
            "?": 0.44100646038762326,
            "e": 0.06392383543012581,
            "r": 0.00034002040122407346
        },
        "s.1": {
            "s": 0.38197278911564625,
            "k": 0.576530612244898,
            "f": 0.0391156462585034,
            "y": 0.002380952380952381
        },
        "s.2": {
            "s": 0.38333333333333336,
            "k": 0.5608843537414966,
            "f": 0.036734693877551024,
            "y": 0.01904761904761905
        },
        "w": {
            "w": 0.42852292020373517,
            "p": 0.3269949066213922,
            "n": 0.11782682512733446,
            "g": 0.00033955857385398983,
            "b": 0.11375212224108659,
            "c": 0.009507640067911714,
            "o": 0.00033955857385398983,
            "e": 0.00033955857385398983,
            "y": 0.0023769100169779285
        },
        "w.1": {
            "g": 0.00033955857385398983,
            "w": 0.42241086587436333,
            "p": 0.32767402376910015,
            "b": 0.10933786078098472,
            "n": 0.12427843803056027,
            "c": 0.009507640067911714,
            "o": 0.00033955857385398983,
            "e": 0.00033955857385398983,
            "y": 0.005772495755517827
        },
        "p.2": {
            "p": 1.0
        },
        "w.2": {
            "w": 0.996938775510204,
            "n": 0.0003401360544217687,
            "o": 0.0003401360544217687,
            "y": 0.002380952380952381
        },
        "o": {
            "o": 0.9707383463763185,
            "t": 0.019734603606668934,
            "n": 0.00952705001701259
        },
        "p.3": {
            "p": 0.2060523631417885,
            "e": 0.4430465827949677,
            "l": 0.34104046242774566,
            "n": 0.009520571234274057,
            "f": 0.00034002040122407346
        },
        "k.1": {
            "n": 0.05806451612903226,
            "k": 0.05432937181663837,
            "w": 0.45398981324278437,
            "h": 0.41256366723259763,
            "b": 0.00033955857385398983,
            "r": 0.01969439728353141,
            "y": 0.00033955857385398983,
            "u": 0.00033955857385398983,
            "o": 0.00033955857385398983
        },
        "s.3": {
            "y": 0.16927260367097213,
            "v": 0.7256968048946295,
            "s": 0.09041468388851122,
            "n": 0.0003399048266485384,
            "c": 0.013936097892590074,
            "a": 0.0003399048266485384
        },
        "u": {
            "d": 0.32313965341488277,
            "m": 0.010193679918450561,
            "p": 0.2612979952429494,
            "u": 0.0672782874617737,
            "l": 0.1474685694869181,
            "g": 0.19028202514441048,
            "w": 0.0003397893306150187
        }
    },
    "no": {
        "x": {
            "x": 0.4683744465528147,
            "f": 0.37507906388361795,
            "b": 0.09361163820366857,
            "k": 0.05471220746363061,
            "s": 0.007906388361796331,
            "c": 0.00031625553447185326
        },
        "s": {
            "f": 0.3721518987341772,
            "y": 0.3509493670886076,
            "s": 0.27658227848101263,
            "g": 0.00031645569620253165
        },
        "n": {
            "g": 0.24857864813644978,
            "n": 0.30227416298168036,
            "w": 0.16456096020214783,
            "e": 0.14592545799115603,
            "y": 0.09759949463044852,
            "p": 0.013265950726468731,
            "u": 0.003474415666456096,
            "r": 0.004737839545167404,
            "c": 0.0082122552116235,
            "b": 0.011370814908401769
        },
        "t": {
            "t": 0.6507283090563648,
            "f": 0.3492716909436352
        },
        "p.1": {
            "n": 0.8116903633491311,
            "c": 0.000315955766192733,
            "l": 0.09447077409162717,
            "s": 0.000315955766192733,
            "f": 0.000315955766192733,
            "p": 0.000315955766192733,
            "a": 0.09194312796208531,
            "y": 0.000315955766192733,
            "m": 0.000315955766192733
        },
        "f": {
            "f": 0.9534515516149462,
            "a": 0.04654844838505383
        },
        "c": {
            "c": 0.7134262191260291,
            "w": 0.28657378087397084
        },
        "n.1": {
            "b": 0.9325522482583913,
            "n": 0.06744775174160861
        },
        "k": {
            "p": 0.20707070707070707,
            "u": 0.10479797979797979,
            "w": 0.22569444444444445,
            "k": 0.08270202020202021,
            "b": 0.0003156565656565657,
            "g": 0.05808080808080808,
            "n": 0.2159090909090909,
            "h": 0.04924242424242424,
            "o": 0.015467171717171718,
            "y": 0.016098484848484848,
            "e": 0.024305555555555556,
            "r": 0.0003156565656565657
        },
        "e": {
            "t": 0.617162761241292,
            "e": 0.38283723875870806
        },
        "e.1": {
            "b": 0.4549193293261626,
            "c": 0.11958241062954761,
            "?": 0.17273014868712433,
            "e": 0.20721290730781397,
            "r": 0.04555520404935147
        },
        "s.1": {
            "s": 0.865506329113924,
            "k": 0.03417721518987342,
            "f": 0.09620253164556962,
            "y": 0.004113924050632912
        },
        "s.2": {
            "s": 0.805379746835443,
            "k": 0.03512658227848101,
            "f": 0.11012658227848102,
            "y": 0.049367088607594936
        },
        "w": {
            "w": 0.6489731437598736,
            "p": 0.13965244865718798,