{
    "yes": {
        "cap-shape": {
            "x": 0.46250593260560036,
            "b": 0.09610821072615093,
            "s": 0.007831039392501186,
            "f": 0.3789748457522544,
            "k": 0.05434266729947793,
            "c": 0.00023730422401518748
        },
        "cap-surface": {
            "s": 0.2718423551756885,
            "y": 0.357312440645774,
            "f": 0.3706077872744539,
            "g": 0.00023741690408357076
        },
        "cap-color": {
            "y": 0.09506875296348981,
            "w": 0.17093409198672357,
            "g": 0.2449027975343765,
            "n": 0.29990516832622094,
            "e": 0.14817449027975343,
            "p": 0.013513513513513514,
            "b": 0.011616880037932669,
            "u": 0.0040303461356092935,
            "c": 0.007823613086770981,
            "r": 0.0040303461356092935
        },
        "bruises": {
            "t": 0.6539192399049881,
            "f": 0.3460807600950119
        },
        "odor": {
            "a": 0.09509129713066161,
            "l": 0.09509129713066161,
            "p": 0.00023713540431586437,
            "n": 0.8083945933127816,
            "f": 0.00023713540431586437,
            "c": 0.00023713540431586437,
            "y": 0.00023713540431586437,
            "s": 0.00023713540431586437,
            "m": 0.00023713540431586437
        },
        "gill-attachment": {
            "f": 0.9541567695961995,
            "a": 0.04584323040380048
        },
        "gill-spacing": {
            "c": 0.7147268408551068,
            "w": 0.2852731591448931
        },
        "gill-size": {
            "b": 0.931353919239905,
            "n": 0.06864608076009501
        },
        "gill-color": {
            "k": 0.08175355450236967,
            "n": 0.22203791469194312,
            "g": 0.05900473933649289,
            "p": 0.20213270142180095,
            "w": 0.22677725118483413,
            "h": 0.0485781990521327,
            "u": 0.10545023696682465,
            "e": 0.02298578199052133,
            "b": 0.00023696682464454977,
            "r": 0.00023696682464454977,
            "y": 0.015402843601895734,
            "o": 0.015402843601895734
        },
        "stalk-shape": {
            "e": 0.3840855106888361,
            "t": 0.6159144893111639
        },
        "stalk-root": {
            "c": 0.12176596249703299,
            "e": 0.2053168763351531,
            "b": 0.4559696178495134,
            "r": 0.04581058628056017,
            "?": 0.17113695703774032
        },
        "stalk-surface-above-ring": {
            "s": 0.8644349477682811,
            "f": 0.09710351377018044,
            "k": 0.03442545109211776,
            "y": 0.004036087369420703
        },
        "stalk-surface-below-ring": {
            "s": 0.8074548907882241,
            "f": 0.10849952516619184,
            "y": 0.04962013295346629,
            "k": 0.03442545109211776
        },
        "stalk-color-above-ring": {
            "w": 0.6528337680815746,
            "g": 0.13682712829025373,
            "p": 0.13682712829025373,
            "n": 0.004031301873369694,
            "b": 0.00023713540431586437,
            "e": 0.023002134218638844,
            "o": 0.04576713303296182,
            "c": 0.00023713540431586437,
            "y": 0.00023713540431586437
        },
        "stalk-color-below-ring": {
            "w": 0.641451268674413,
            "p": 0.13682712829025373,
            "g": 0.13682712829025373,
            "b": 0.00023713540431586437,
            "n": 0.015413801280531183,
            "e": 0.023002134218638844,
            "y": 0.00023713540431586437,
            "o": 0.04576713303296182,
            "c": 0.00023713540431586437
        },
        "veil-type": {
            "p": 1.0
        },
        "veil-color": {
            "w": 0.9537037037037037,
            "n": 0.023029439696106362,
            "o": 0.023029439696106362,
            "y": 0.00023741690408357076
        },
        "ring-number": {
            "o": 0.8741391593445738,
            "t": 0.12562336737117075,
            "n": 0.00023747328425552126
        },
        "ring-type": {
            "p": 0.7483978162829338,
            "e": 0.23949679563256587,
            "l": 0.00023736055067647758,
            "f": 0.011630666983147402,
            "n": 0.00023736055067647758
        },
        "spore-print-color": {
            "n": 0.4138012805311833,
            "k": 0.39103628171686033,
            "u": 0.011619634811477354,
            "h": 0.011619634811477354,
            "w": 0.13682712829025373,
            "r": 0.00023713540431586437,
            "o": 0.011619634811477354,
            "y": 0.011619634811477354,
            "b": 0.011619634811477354
        },
        "population": {
            "n": 0.09515899383009017,
            "s": 0.20906502135738017,
            "a": 0.09136212624584718,
            "v": 0.2831039392501187,
            "y": 0.25272899857617465,
            "c": 0.06858092074038918
        },
        "habitat": {
            "g": 0.334282325029656,
            "m": 0.060972716488730726,
            "u": 0.023013048635824436,
            "d": 0.4462633451957295,
            "p": 0.032502965599051005,
            "w": 0.04578884934756821,
            "l": 0.0571767497034401
        }
    },
    "no": {
        "cap-shape": {
            "x": 0.4356031624585565,
            "b": 0.012496812037745473,
            "s": 0.0002550369803621525,
            "f": 0.39709257842387147,
            "k": 0.15327722519765366,
            "c": 0.0012751849018107625
        },
        "cap-surface": {
            "s": 0.36029599387598876,
            "y": 0.444245981117632,
            "f": 0.19418218933401377,
            "g": 0.0012758356723653994
        },
        "cap-color": {
            "y": 0.17146496815286624,
            "w": 0.08178343949044586,
            "g": 0.20611464968152865,
            "n": 0.25987261146496815,
            "e": 0.22343949044585987,
            "p": 0.02267515923566879,
            "b": 0.030828025477707008,
            "u": 0.00025477707006369424,
            "c": 0.0033121019108280254,
            "r": 0.00025477707006369424
        },
        "bruises": {
            "t": 0.15930559101353076,
            "f": 0.8406944089864692
        },
        "odor": {
            "a": 0.00025484199796126404,
            "l": 0.00025484199796126404,
            "p": 0.0652395514780836,
            "n": 0.030835881753312946,
            "f": 0.5507135575942915,
            "c": 0.04918450560652395,
            "y": 0.14704383282364933,
            "s": 0.14704383282364933,
            "m": 0.009429153924566768
        },
        "gill-attachment": {
            "f": 0.9951493489915751,
            "a": 0.004850651008424815
        },
        "gill-spacing": {
            "c": 0.9711513913709472,
            "w": 0.028848608629052846
        },
        "gill-size": {
            "b": 0.43221853459280063,
            "n": 0.5677814654071994
        },
        "gill-color": {
            "k": 0.016297428062133943,
            "n": 0.028775146422205244,
            "g": 0.12859689330277566,
            "p": 0.16322892793481028,
            "w": 0.0628978864272982,
            "h": 0.1347084288260759,
            "u": 0.012477718360071301,
            "e": 0.00025464731347084286,
            "b": 0.44028520499108736,
            "r": 0.006366182836771072,
            "y": 0.005856888209829387,
            "o": 0.00025464731347084286
        },
        "stalk-shape": {
            "e": 0.4850651008424815,
            "t": 0.5149348991575186
        },
        "stalk-root": {
            "c": 0.011479591836734694,
            "e": 0.0653061224489796,
            "b": 0.47372448979591836,
            "r": 0.00025510204081632655,
            "?": 0.449234693877551
        },
        "stalk-surface-above-ring": {
            "s": 0.39193671855065065,
            "f": 0.03699923449859658,
            "k": 0.568767542740495,