{
    "yes": {
        "cap-shape": {
            "b": 0.0961416824794434,
            "x": 0.46774193548387094,
            "f": 0.3741302972802024,
            "k": 0.053763440860215055,
            "s": 0.007906388361796331,
            "c": 0.00031625553447185326
        },
        "cap-surface": {
            "s": 0.2759493670886076,
            "y": 0.35348101265822784,
            "f": 0.370253164556962,
            "g": 0.00031645569620253165
        },
        "cap-color": {
            "w": 0.17214150347441567,
            "n": 0.3073278584965256,
            "g": 0.2476310802274163,
            "y": 0.09380922299431459,
            "e": 0.14118761844598862,
            "c": 0.006948831332912192,
            "p": 0.012634238787113077,
            "r": 0.003474415666456096,
            "b": 0.010739102969046115,
            "u": 0.00410612760581175
        },
        "bruises": {
            "t": 0.6437618746041799,
            "f": 0.3562381253958201
        },
        "odor": {
            "n": 0.8101105845181674,
            "a": 0.09573459715639811,
            "p": 0.000315955766192733,
            "f": 0.000315955766192733,
            "l": 0.09225908372827804,
            "y": 0.000315955766192733,
            "s": 0.000315955766192733,
            "c": 0.000315955766192733,
            "m": 0.000315955766192733
        },
        "gill-attachment": {
            "f": 0.954718176060798,
            "a": 0.04528182393920203
        },
        "gill-spacing": {
            "c": 0.7042431918936035,
            "w": 0.29575680810639643
        },
        "gill-size": {
            "b": 0.9316022799240026,
            "n": 0.06839772007599747
        },
        "gill-color": {
            "r": 0.0003156565656565657,
            "k": 0.08333333333333333,
            "p": 0.2023358585858586,
            "b": 0.0003156565656565657,
            "h": 0.049873737373737376,
            "w": 0.23011363636363635,
            "n": 0.22380050505050506,
            "g": 0.06029040404040404,
            "y": 0.016414141414141416,
            "u": 0.10037878787878787,
            "e": 0.017992424242424244,
            "o": 0.014835858585858586
        },
        "stalk-shape": {
            "e": 0.37872070930968965,
            "t": 0.6212792906903103
        },
        "stalk-root": {
            "b": 0.45207212907307814,
            "c": 0.12179689971527997,
            "e": 0.21322366339765897,
            "?": 0.16925023726668775,
            "r": 0.04365707054729516
        },
        "stalk-surface-above-ring": {
            "s": 0.8569620253164557,
            "k": 0.036075949367088606,
            "f": 0.10253164556962026,
            "y": 0.004430379746835443
        },
        "stalk-surface-below-ring": {
            "s": 0.8037974683544303,
            "k": 0.037025316455696206,
            "f": 0.11139240506329114,
            "y": 0.047784810126582276
        },
        "stalk-color-above-ring": {
            "w": 0.6533965244865719,
            "p": 0.13996840442338074,
            "b": 0.000315955766192733,
            "o": 0.04518167456556082,
            "g": 0.13522906793048972,
            "n": 0.0044233807266982625,
            "c": 0.000315955766192733,
            "e": 0.02085308056872038,
            "y": 0.000315955766192733
        },
        "stalk-color-below-ring": {
            "w": 0.641390205371248,
            "p": 0.13428120063191154,
            "n": 0.015481832543443918,
            "b": 0.000315955766192733,
            "o": 0.04518167456556082,
            "g": 0.13933649289099526,
            "c": 0.000315955766192733,
            "e": 0.023380726698262244,
            "y": 0.000315955766192733
        },
        "veil-type": {
            "p": 1.0
        },
        "veil-color": {
            "w": 0.9541139240506329,
            "o": 0.02278481012658228,
            "n": 0.02278481012658228,
            "y": 0.00031645569620253165
        },
        "ring-number": {
            "t": 0.12345679012345678,
            "o": 0.8762266540044318,
            "n": 0.00031655587211142766
        },
        "ring-type": {
            "p": 0.7459664663081303,
            "e": 0.24232837709585575,
            "l": 0.00031635558367605187,
            "n": 0.00031635558367605187,
            "f": 0.011072445428661816
        },
        "spore-print-color": {
            "r": 0.000315955766192733,
            "k": 0.3876777251184834,
            "w": 0.13428120063191154,
            "h": 0.011058451816745656,
            "n": 0.42053712480252764,
            "y": 0.012006319115323854,
            "b": 0.01042654028436019,
            "u": 0.011374407582938388,
            "o": 0.012322274881516588
        },
        "population": {
            "v": 0.2874762808349146,
            "s": 0.21189120809614168,
            "y": 0.24446552814674258,
            "n": 0.09550917141049968,
            "c": 0.06325110689437065,
            "a": 0.09740670461733081
        },
        "habitat": {
            "g": 0.34524185899462534,
            "m": 0.05848877647802719,
            "u": 0.023711666139740753,
            "l": 0.05627568763831805,
            "d": 0.443566234587417,
            "p": 0.030983243755927918,
            "w": 0.041732532405943726
        }
    },
    "no": {
        "cap-shape": {
            "b": 0.013936097892590074,
            "x": 0.43779741672331746,
            "f": 0.39632902787219576,
            "k": 0.14989802855200543,
            "s": 0.0003399048266485384,
            "c": 0.001699524133242692
        },
        "cap-surface": {
            "s": 0.35918367346938773,
            "y": 0.4421768707482993,
            "f": 0.19727891156462585,
            "g": 0.0013605442176870747
        },
        "cap-color": {
            "w": 0.08825526137135098,
            "n": 0.2535641547861507,
            "g": 0.21011541072640869,
            "y": 0.16734555329260015,
            "e": 0.22267481330617786,
            "c": 0.0033944331296673455,
            "p": 0.02308214528173795,
            "r": 0.00033944331296673454,
            "b": 0.030889341479972843,
            "u": 0.00033944331296673454
        },
        "bruises": {
            "t": 0.16269571136827773,
            "f": 0.8373042886317222
        },
        "odor": {
            "n": 0.03463497453310696,
            "a": 0.00033955857385398983,
            "p": 0.06587436332767402,
            "f": 0.5446519524617996,
            "l": 0.00033955857385398983,
            "y": 0.14091680814940577,
            "s": 0.15144312393887946,
            "c": 0.052971137521222414,
            "m": 0.008828522920203734
        },
        "gill-attachment": {
            "f": 0.995575221238938,
            "a": 0.004424778761061947
        },
        "gill-spacing": {
            "c": 0.9673247106875426,
            "w": 0.03267528931245745
        },
        "gill-size": {
            "b": 0.431926480599047,
            "n": 0.5680735194009531
        },
        "gill-color": {
            "r": 0.007123473541383989,
            "k": 0.01662143826322931,
            "p": 0.16010854816824965,
            "b": 0.43487109905020355,
            "h": 0.13331071913161466,
            "w": 0.06614654002713705,
            "n": 0.029850746268656716,
            "g": 0.1319538670284939,
            "y": 0.005427408412483039,
            "u": 0.013907734056987787,
            "e": 0.00033921302578018993,
            "o": 0.00033921302578018993
        },
        "stalk-shape": {
            "e": 0.4901293396868618,
            "t": 0.5098706603131382
        },
        "stalk-root": {
            "b": 0.4777286637198232,
            "c": 0.011220673240394424,
            "e": 0.06596395783747025,
            "?": 0.4447466848010881,
            "r": 0.00034002040122407346
        },
        "stalk-surface-above-ring": {
            "s": 0.39659863945578233,
            "k": 0.5619047619047619,
            "f": 0.03877551020408163,