CustomerID,Gender,Region,Age,PurchaseAmount,PurchaseQuantity,ProductCategory
CUST10000,Male,East,38.0,185.69,2.0,Sports
CUST10001,Female,North,60.0,123.75,1.0,Groceries
CUST10002,Female,North,17.0,59.88,1.0,Groceries
CUST10003,Female,West,35.0,72.43,2.0,Clothing
CUST10004,Male,East,,322.74,0.0,Electronics
CUST10005,Male,South,36.0,41.78,2.0,Groceries
CUST10006,Male,West,34.0,149.69,4.0,Sports
CUST10007,Female,East,22.0,208.45,4.0,Home
CUST10008,Female,East,37.0,198.34,3.0,Home
CUST10009,Female,South,27.0,95.68,3.0,Clothing
CUST10010,Male,West,13.0,165.65,2.0,Home
CUST10011,nan,East,47.0,75.76,2.0,Groceries
CUST10012,Female,East,45.0,198.24,2.0,Home
CUST10013,Male,East,36.0,56.31,1.0,Groceries
CUST10014,Male,South,37.0,24.13,2.0,Groceries
CUST10015,Male,West,46.0,287.72,1.0,Electronics
CUST10016,Male,West,,94.81,2.0,Clothing
CUST10017,Female,West,44.0,153.44,1.0,Sports
CUST10018,Male,West,,77.59,1.0,Groceries
CUST10019,Male,North,48.0,67.13,3.0,Clothing
CUST10020,Female,North,38.0,103.45,4.0,Sports
CUST10021,Male,West,37.0,219.9,1.0,Home
CUST10022,Male,South,22.0,115.95,3.0,Clothing
CUST10023,Male,North,38.0,,0.0,Clothing
CUST10024,Male,East,27.0,98.68,2.0,Clothing
CUST10025,Female,North,29.0,173.76,2.0,Home
CUST10026,Male,East,27.0,167.9,,Home
CUST10027,Female,West,24.0,86.53,2.0,Clothing
CUST10028,Female,North,56.0,293.11,3.0,Electronics
CUST10029,Male,South,48.0,2.98,1.0,Groceries
CUST10030,Female,North,54.0,182.76,1.0,Home
CUST10031,Male,North,23.0,327.33,2.0,Electronics
CUST10032,Male,North,36.0,177.72,4.0,Home
CUST10033,Female,West,22.0,119.55,4.0,Clothing
CUST10034,nan,South,28.0,316.25,1.0,Electronics
CUST10035,Female,North,26.0,151.88,2.0,Sports
CUST10036,Male,South,47.0,48.89,1.0,Groceries
CUST10037,Male,West,31.0,57.85,0.0,Groceries
CUST10038,Female,East,46.0,214.03,2.0,Home
CUST10039,Male,North,41.0,29.94,1.0,Groceries
CUST10040,Male,South,58.0,165.66,1.0,Sports
CUST10041,Female,South,20.0,287.11,3.0,Electronics
CUST10042,Male,West,48.0,255.24,2.0,Electronics
CUST10043,Female,North,46.0,77.48,1.0,Clothing
CUST10044,Male,East,25.0,260.52,4.0,Electronics
CUST10045,Female,South,45.0,225.38,2.0,Home
CUST10046,Male,North,38.0,90.16,5.0,Sports
CUST10047,Female,East,33.0,102.48,0.0,Clothing
CUST10048,Female,South,27.0,182.51,2.0,Home
CUST10049,Male,South,28.0,173.97,3.0,Home
CUST10050,nan,East,55.0,204.71,1.0,Home
CUST10051,Female,East,35.0,70.13,2.0,Groceries
CUST10052,Female,West,43.0,201.53,5.0,Home
CUST10053,Female,North,27.0,38.7,2.0,Groceries
CUST10054,Female,North,27.0,322.41,1.0,Electronics
CUST10055,Female,West,46.0,60.43,1.0,Groceries
CUST10056,Male,South,22.0,184.94,1.0,Home
CUST10057,Male,East,31.0,159.69,3.0,Sports
CUST10058,Male,East,35.0,110.44,2.0,Sports
CUST10059,Male,East,36.0,264.7,2.0,Electronics
CUST10060,Male,South,33.0,193.12,1.0,Home
CUST10061,Male,East,39.0,64.96,3.0,Groceries
CUST10062,Female,East,42.0,131.43,2.0,Sports
CUST10063,Male,West,42.0,158.58,2.0,Clothing
CUST10064,Male,South,25.0,229.78,0.0,Home
CUST10065,Female,North,32.0,192.51,1.0,Home
CUST10066,Male,West,47.0,144.15,2.0,Clothing
CUST10067,Female,West,44.0,155.75,4.0,Sports
CUST10068,Male,North,21.0,126.89,4.0,Clothing
CUST10069,nan,West,,289.94,4.0,Electronics
CUST10070,Female,South,15.0,72.52,3.0,Groceries
CUST10071,Male,East,35.0,4.79,4.0,Groceries
CUST10072,Male,South,,152.6,2.0,Sports
CUST10073,Female,North,26.0,153.32,2.0,Clothing
CUST10074,Female,North,27.0,219.2,1.0,Home
CUST10075,Female,West,43.0,169.53,1.0,Home
CUST10076,Female,South,20.0,229.86,,Home
CUST10077,Male,South,29.0,,5.0,Electronics
CUST10078,Male,North,41.0,371.82,0.0,Electronics
CUST10079,Male,South,29.0,,2.0,Home
CUST10080,Female,North,33.0,123.51,1.0,Sports
CUST10081,Female,South,42.0,334.79,2.0,Electronics
CUST10082,Male,South,39.0,302.32,2.0,Electronics
CUST10083,Male,South,38.0,0.0,0.0,Groceries
CUST10084,Male,North,32.0,21.74,1.0,Groceries
CUST10085,Male,West,39.0,155.79,5.0,Sports
CUST10086,Female,South,34.0,269.26,1.0,Electronics
CUST10087,Female,North,40.0,324.46,4.0,Electronics
CUST10088,Female,North,,86.96,1.0,Clothing
CUST10089,Male,South,33.0,134.96,1.0,Sports
CUST10090,Male,South,25.0,154.97,1.0,Sports
CUST10091,Female,West,35.0,112.86,2.0,Clothing
CUST10092,Female,North,27.0,,1.0,Clothing
CUST10093,Female,North,24.0,79.97,0.0,Groceries
CUST10094,Female,East,38.0,160.18,0.0,Sports
CUST10095,Female,North,37.0,168.11,1.0,Sports
CUST10096,Female,West,43.0,108.65,1.0,Clothing
CUST10097,Male,East,31.0,168.47,2.0,Home
CUST10098,Male,East,39.0,177.34,4.0,Home
CUST10099,Male,East,,25.25,1.0,Groceries
CUST10100,Male,South,39.0,225.19,3.0,Home
CUST10101,Female,South,27.0,209.03,1.0,Home
CUST10102,Male,North,36.0,227.82,1.0,Home
CUST10103,Female,East,39.0,348.14,0.0,Electronics
CUST10104,Female,West,35.0,65.46,2.0,Groceries
CUST10105,Male,South,14.0,109.78,6.0,Clothing
CUST10106,Male,West,37.0,229.98,3.0,Home
CUST10107,Female,West,57.0,307.12,1.0,Electronics
CUST10108,Male,South,,268.87,2.0,Home
CUST10109,Male,South,28.0,338.55,2.0,Electronics
CUST10110,Male,South,39.0,49.71,2.0,Groceries
CUST10111,Male,South,38.0,136.38,3.0,Home
CUST10112,Female,East,47.0,287.94,1.0,Electronics
CUST10113,Female,East,22.0,165.2,2.0,Sports
CUST10114,Female,East,42.0,121.29,1.0,Sports
CUST10115,Female,East,41.0,308.93,1.0,Electronics
CUST10116,Female,North,34.0,176.64,0.0,Home
CUST10117,Male,East,38.0,154.49,4.0,Home
CUST10118,Female,South,45.0,33.44,2.0,Groceries
CUST10119,Female,West,44.0,82.13,2.0,Groceries
CUST10120,Female,East,24.0,122.02,0.0,Clothing
CUST10121,Female,North,43.0,49.71,1.0,Groceries
CUST10122,Male,South,34.0,191.38,1.0,Home
CUST10123,Male,West,36.0,130.87,2.0,Clothing
CUST10124,Male,West,36.0,26.7,1.0,Groceries
CUST10125,Male,East,33.0,280.18,1.0,Electronics
CUST10126,Female,West,,162.85,2.0,Sports
CUST10127,Female,East,34.0,55.28,2.0,Groceries
CUST10128,Male,East,,90.17,2.0,Groceries
CUST10129,Female,South,31.0,299.36,2.0,Electronics
CUST10130,Male,South,37.0,229.04,1.0,Home
CUST10131,Male,North,47.0,302.3,0.0,Electronics
CUST10132,Male,South,41.0,24.18,6.0,Groceries
CUST10133,Male,South,26.0,168.92,1.0,Home
CUST10134,Female,East,60.0,,3.0,Clothing
CUST10135,Male,South,38.0,24.26,2.0,Groceries
CUST10136,Female,East,,313.64,3.0,Electronics
CUST10137,Female,East,33.0,92.42,3.0,Clothing
CUST10138,Male,South,40.0,115.71,2.0,Sports
CUST10139,nan,North,,103.6,3.0,Clothing
CUST10140,nan,North,47.0,291.69,2.0,Electronics
CUST10141,Male,West,46.0,97.87,3.0,Clothing
CUST10142,Female,West,44.0,279.52,5.0,Electronics
CUST10143,Male,South,32.0,22.7,1.0,Groceries
CUST10144,Male,North,,221.39,3.0,Home
CUST10145,Male,East,38.0,95.09,1.0,Sports
CUST10146,Female,West,44.0,263.08,,Home
CUST10147,Female,East,33.0,202.78,0.0,Home
CUST10148,Male,West,46.0,234.32,2.0,Home
CUST10149,Male,South,,328.06,1.0,Electronics
CUST10150,Female,North,26.0,329.07,2.0,Electronics
CUST10151,Male,West,27.0,,2.0,Sports
CUST10152,Male,North,,348.36,1.0,Electronics
CUST10153,Female,East,38.0,304.62,0.0,Electronics
CUST10154,nan,South,30.0,263.6,,Electronics
CUST10155,Male,North,49.0,354.5,2.0,Electronics
CUST10156,Female,South,39.0,83.77,3.0,Groceries
CUST10157,Female,North,35.0,103.99,2.0,Sports
CUST10158,Male,East,21.0,311.52,1.0,Electronics
CUST10159,Female,East,22.0,139.81,0.0,Sports
CUST10160,Male,South,38.0,64.63,4.0,Clothing
CUST10161,Female,East,14.0,7.55,3.0,Groceries
CUST10162,Female,West,45.0,325.43,3.0,Electronics
CUST10163,Female,North,33.0,73.9,1.0,Groceries
CUST10164,Male,East,67.0,83.12,1.0,Groceries
CUST10165,Female,West,58.0,134.64,0.0,Clothing
CUST10166,Male,South,,143.83,0.0,Sports
CUST10167,Male,West,34.0,31.85,2.0,Groceries
CUST10168,Male,South,45.0,225.79,5.0,Home
CUST10169,Female,South,,119.31,4.0,Clothing
CUST10170,Female,North,19.0,302.56,1.0,Home
CUST10171,Male,North,17.0,53.44,1.0,Clothing
CUST10172,Female,West,29.0,253.78,2.0,Home
CUST10173,Male,North,41.0,153.82,3.0,Home
CUST10174,Female,North,40.0,93.01,2.0,Groceries
CUST10175,Male,North,46.0,83.57,0.0,Groceries
CUST10176,Female,West,23.0,72.17,1.0,Clothing
CUST10177,Male,East,12.0,162.35,3.0,Sports
CUST10178,Female,North,44.0,0.0,2.0,Groceries
CUST10179,Male,North,27.0,56.57,1.0,Groceries
CUST10180,Male,West,15.0,269.89,3.0,Electronics
CUST10181,Male,East,36.0,60.97,1.0,Groceries
CUST10182,Female,North,43.0,126.92,4.0,Sports
CUST10183,Female,South,34.0,288.68,1.0,Electronics
CUST10184,Male,West,30.0,166.6,2.0,Home
CUST10185,Female,North,33.0,215.04,0.0,Home
CUST10186,Female,North,31.0,260.99,1.0,Electronics
CUST10187,Female,South,22.0,296.07,0.0,Electronics
CUST10188,Female,South,28.0,255.72,3.0,Electronics
CUST10189,Male,West,,93.58,0.0,Clothing
CUST10190,Male,West,38.0,129.92,3.0,Sports
CUST10191,Female,South,,136.0,1.0,Sports
CUST10192,Female,West,25.0,187.33,4.0,Home
CUST10193,Female,South,33.0,191.93,,Home
CUST10194,Male,North,,173.43,0.0,Home
CUST10195,Male,South,37.0,39.1,3.0,Groceries
CUST10196,Female,South,,208.45,2.0,Home
CUST10197,Female,East,20.0,301.8,2.0,Electronics
CUST10198,Female,South,29.0,254.62,0.0,Home
CUST10199,Female,South,38.0,289.77,1.0,Electronics
CUST10200,Female,East,48.0,111.02,1.0,Clothing
CUST10201,Male,West,31.0,51.69,2.0,Groceries
CUST10202,Male,East,28.0,16.25,4.0,Groceries
CUST10203,Female,North,,152.28,5.0,Sports
CUST10204,Female,East,36.0,49.86,3.0,Clothing
CUST10205,Male,North,55.0,325.53,1.0,Electronics
CUST10206,Male,West,38.0,89.35,2.0,Clothing
CUST10207,Female,East,35.0,43.27,4.0,Groceries
CUST10208,Male,East,38.0,323.6,0.0,Electronics
CUST10209,Male,West,35.0,84.18,2.0,Clothing
CUST10210,Female,North,,29.95,0.0,Groceries
CUST10211,Female,East,43.0,236.98,4.0,Electronics
CUST10212,Female,North,37.0,348.18,3.0,Electronics
CUST10213,Male,East,35.0,64.25,1.0,Groceries
CUST10214,Female,South,25.0,305.6,2.0,Electronics
CUST10215,Male,East,,4.23,2.0,Groceries
CUST10216,Male,West,42.0,,4.0,Home
CUST10217,Female,West,29.0,208.99,2.0,Home
CUST10218,Female,North,45.0,296.42,2.0,Electronics
CUST10219,Female,East,30.0,312.63,4.0,Electronics
CUST10220,Female,North,27.0,43.56,0.0,Groceries
CUST10221,Female,North,27.0,344.03,3.0,Electronics
CUST10222,Male,South,,132.56,4.0,Sports
CUST10223,Male,South,40.0,,2.0,Home
CUST10224,Male,West,17.0,311.45,2.0,Electronics
CUST10225,Male,North,23.0,334.8,4.0,Electronics
CUST10226,nan,West,14.0,79.58,3.0,Clothing
CUST10227,Male,East,34.0,291.68,1.0,Electronics
CUST10228,Female,North,33.0,143.38,4.0,Sports
CUST10229,Female,North,32.0,213.13,0.0,Home
CUST10230,Female,East,25.0,121.42,3.0,Clothing
CUST10231,Female,East,23.0,12.18,0.0,Groceries
CUST10232,Female,West,40.0,96.94,0.0,Groceries
CUST10233,Female,West,29.0,180.74,0.0,Home
CUST10234,Male,East,38.0,63.21,1.0,Groceries
CUST10235,Female,West,26.0,,1.0,Sports
CUST10236,Male,East,37.0,259.42,2.0,Electronics
CUST10237,Male,North,48.0,197.8,0.0,Home
CUST10238,Female,North,41.0,63.48,4.0,Clothing
CUST10239,Male,South,31.0,251.58,3.0,Electronics
CUST10240,Female,North,38.0,56.92,2.0,Groceries
CUST10241,Female,East,33.0,43.69,2.0,Groceries
CUST10242,Female,West,35.0,110.48,2.0,Clothing
CUST10243,Male,South,32.0,159.42,0.0,Sports
CUST10244,Male,West,33.0,85.03,1.0,Clothing
CUST10245,Female,East,37.0,206.79,2.0,Home
CUST10246,Male,North,25.0,107.47,0.0,Clothing
CUST10247,nan,South,25.0,64.17,1.0,Groceries
CUST10248,nan,East,21.0,,4.0,Sports
CUST10249,Female,South,19.0,114.63,4.0,Sports
CUST10250,Male,South,23.0,89.63,0.0,Clothing
CUST10251,Male,North,,211.13,1.0,Home
CUST10252,Female,East,26.0,20.83,2.0,Groceries
CUST10253,Male,West,40.0,255.59,3.0,Electronics
CUST10254,Male,South,35.0,184.08,2.0,Sports
CUST10255,Female,South,15.0,153.45,1.0,Clothing
CUST10256,Female,West,42.0,259.81,1.0,Home
CUST10257,Female,East,43.0,208.47,5.0,Home
CUST10258,Female,South,25.0,85.42,3.0,Groceries
CUST10259,Male,South,39.0,145.77,1.0,Sports
CUST10260,Female,South,26.0,60.53,2.0,Groceries
CUST10261,nan,East,36.0,320.28,0.0,Electronics
CUST10262,Male,East,22.0,308.93,2.0,Electronics
CUST10263,Female,West,17.0,275.28,0.0,Electronics
CUST10264,Female,East,31.0,234.48,1.0,Home
CUST10265,Female,East,,188.68,0.0,Sports
CUST10266,Female,North,31.0,61.32,,Groceries
CUST10267,Female,West,23.0,0.0,,Groceries
CUST10268,Male,South,31.0,290.88,2.0,Electronics
CUST10269,Male,East,,169.43,0.0,Sports
CUST10270,Female,South,35.0,110.44,1.0,Sports
CUST10271,Female,South,37.0,132.61,1.0,Clothing
CUST10272,Female,North,28.0,174.35,0.0,Sports
CUST10273,Female,East,47.0,125.36,5.0,Sports
CUST10274,Female,West,23.0,,2.0,Groceries
CUST10275,Female,East,40.0,125.82,2.0,Sports
CUST10276,Female,South,47.0,73.25,1.0,Sports
CUST10277,Female,West,40.0,41.96,2.0,Groceries
CUST10278,Female,East,33.0,194.13,0.0,Sports
CUST10279,Female,South,30.0,58.67,2.0,Groceries
CUST10280,Female,South,45.0,103.88,2.0,Clothing
CUST10281,Male,North,21.0,190.02,3.0,Home
CUST10282,Male,North,25.0,58.26,2.0,Groceries
CUST10283,Male,North,31.0,12.95,1.0,Groceries
CUST10284,Female,South,47.0,186.97,4.0,Sports
CUST10285,Male,East,39.0,67.82,2.0,Groceries
CUST10286,Male,North,,328.28,1.0,Electronics
CUST10287,Female,East,32.0,267.87,0.0,Electronics
CUST10288,Male,North,29.0,86.27,2.0,Clothing
CUST10289,Female,West,28.0,24.6,3.0,Groceries
CUST10290,Male,West,45.0,159.27,3.0,Sports
CUST10291,Male,North,21.0,183.92,,Sports
CUST10292,Female,South,51.0,140.91,4.0,Home
CUST10293,Male,North,43.0,139.69,6.0,Clothing
CUST10294,Male,North,46.0,152.66,1.0,Sports
CUST10295,Female,South,30.0,209.94,3.0,Home
CUST10296,Female,West,34.0,112.67,1.0,Sports
CUST10297,Male,East,21.0,188.33,2.0,Home
CUST10298,Female,North,30.0,255.42,0.0,Electronics
CUST10299,Male,South,40.0,311.02,2.0,Electronics
CUST10300,Male,North,48.0,141.67,2.0,Sports
CUST10301,Female,South,24.0,116.37,3.0,Clothing
CUST10302,Female,East,31.0,61.8,2.0,Groceries
CUST10303,Female,East,33.0,94.44,5.0,Clothing
CUST10304,Female,West,21.0,148.3,2.0,Clothing
CUST10305,nan,South,41.0,22.29,4.0,Groceries
CUST10306,Female,South,28.0,331.85,1.0,Electronics
CUST10307,Male,West,33.0,292.74,1.0,Electronics
CUST10308,Female,West,30.0,82.73,0.0,Groceries
CUST10309,Male,South,27.0,177.15,0.0,Home
CUST10310,Male,West,35.0,90.09,0.0,Clothing
CUST10311,Male,East,33.0,186.82,1.0,Sports
CUST10312,Male,North,31.0,274.02,2.0,Electronics
CUST10313,nan,East,28.0,149.62,0.0,Sports
CUST10314,Female,West,,33.26,3.0,Groceries
CUST10315,Female,South,52.0,,1.0,Sports
CUST10316,Male,South,36.0,97.78,1.0,Sports
CUST10317,Male,East,,110.59,3.0,Clothing
CUST10318,Male,South,21.0,111.55,2.0,Groceries
CUST10319,Male,West,37.0,153.24,0.0,Sports
CUST10320,Female,East,24.0,306.99,4.0,Electronics
CUST10321,Female,South,20.0,0.93,2.0,Groceries
CUST10322,Female,North,28.0,369.44,2.0,Electronics
CUST10323,Male,North,,206.22,2.0,Home
CUST10324,Female,West,45.0,115.75,3.0,Sports
CUST10325,Female,South,37.0,73.08,3.0,Groceries
CUST10326,Female,West,20.0,274.21,4.0,Electronics
CUST10327,Female,East,33.0,188.46,3.0,Sports
CUST10328,Male,North,38.0,104.52,3.0,Clothing
CUST10329,Male,East,37.0,329.05,1.0,Electronics
CUST10330,Male,South,17.0,348.62,2.0,Electronics
CUST10331,Female,West,26.0,,3.0,Home
CUST10332,Male,West,34.0,113.2,3.0,Clothing
CUST10333,Male,West,40.0,232.26,2.0,Home
CUST10334,Male,East,13.0,94.75,4.0,Clothing
CUST10335,Male,North,33.0,323.28,4.0,Electronics
CUST10336,Female,East,36.0,198.38,4.0,Home
CUST10337,Female,East,43.0,127.71,1.0,Sports
CUST10338,Male,South,,91.35,1.0,Clothing
CUST10339,Male,South,41.0,275.26,2.0,Electronics
CUST10340,Female,South,27.0,56.83,1.0,Groceries
CUST10341,Male,North,16.0,84.16,2.0,Clothing
CUST10342,Male,North,31.0,123.54,1.0,Clothing
CUST10343,Male,South,45.0,148.57,2.0,Sports
CUST10344,Male,South,,66.11,4.0,Clothing
CUST10345,Female,North,42.0,98.92,1.0,Clothing
CUST10346,Female,West,,147.79,2.0,Sports
CUST10347,Male,North,39.0,117.57,2.0,Sports
CUST10348,Male,North,29.0,171.38,1.0,Home
CUST10349,Female,North,34.0,283.99,3.0,Electronics
CUST10350,Female,South,52.0,328.71,4.0,Electronics
CUST10351,Female,West,26.0,199.86,1.0,Home
CUST10352,Female,North,51.0,307.2,1.0,Electronics
CUST10353,Male,South,32.0,84.01,0.0,Clothing
CUST10354,Male,East,48.0,241.29,2.0,Home
CUST10355,Female,East,,178.49,3.0,Home
CUST10356,Male,North,41.0,279.94,2.0,Electronics
CUST10357,Female,East,,91.16,3.0,Groceries
CUST10358,Female,West,21.0,354.82,1.0,Electronics
CUST10359,Female,East,37.0,107.56,1.0,Groceries
CUST10360,Male,East,45.0,208.48,4.0,Home
CUST10361,Female,West,27.0,,,Groceries
CUST10362,Male,North,20.0,57.7,1.0,Clothing
CUST10363,Female,North,34.0,135.62,1.0,Sports
CUST10364,Female,West,34.0,38.97,2.0,Groceries
CUST10365,Male,West,40.0,169.24,4.0,Sports
CUST10366,nan,West,44.0,32.14,2.0,Clothing
CUST10367,Female,East,34.0,189.95,9.0,Sports
CUST10368,Male,West,54.0,95.9,1.0,Clothing
CUST10369,Male,South,37.0,163.48,4.0,Sports
CUST10370,Male,East,32.0,215.18,3.0,Sports
CUST10371,Male,North,19.0,299.57,2.0,Electronics
CUST10372,Male,North,32.0,71.99,1.0,Groceries
CUST10373,Female,North,32.0,129.12,2.0,Sports
CUST10374,Male,East,45.0,206.54,3.0,Home
CUST10375,Male,South,40.0,288.7,3.0,Electronics
CUST10376,Female,West,23.0,80.69,4.0,Groceries
CUST10377,Male,West,37.0,286.03,2.0,Electronics
CUST10378,Female,North,42.0,0.0,2.0,Groceries
CUST10379,Male,North,50.0,108.96,2.0,Clothing
CUST10380,Male,East,,89.38,1.0,Sports
CUST10381,Female,South,43.0,,3.0,Home
CUST10382,Female,West,36.0,259.15,1.0,Electronics
CUST10383,Female,East,,263.46,1.0,Electronics
CUST10384,Female,West,47.0,275.52,0.0,Electronics
CUST10385,Female,North,22.0,363.64,3.0,Electronics
CUST10386,Male,West,32.0,97.37,4.0,Sports
CUST10387,Male,South,27.0,129.67,1.0,Groceries
CUST10388,Female,South,39.0,173.41,2.0,Sports
CUST10389,Female,North,47.0,,7.0,Clothing
CUST10390,nan,South,29.0,161.46,1.0,Sports
CUST10391,Male,South,,217.94,1.0,Sports
CUST10392,Male,East,31.0,89.44,3.0,Clothing
CUST10393,Female,West,44.0,142.18,1.0,Sports
CUST10394,Male,North,40.0,52.31,0.0,Groceries
CUST10395,Female,North,39.0,181.41,0.0,Home
CUST10396,Female,North,32.0,134.68,2.0,Clothing
CUST10397,Male,North,22.0,282.12,0.0,Electronics
CUST10398,Female,North,40.0,32.89,1.0,Groceries
CUST10399,Female,South,27.0,198.53,4.0,Home
CUST10400,Male,East,57.0,76.85,0.0,Groceries
CUST10401,Female,North,41.0,65.77,1.0,Groceries
CUST10402,Female,East,29.0,382.76,2.0,Electronics
CUST10403,Female,East,,191.85,5.0,Home
CUST10404,Male,South,34.0,89.37,3.0,Groceries
CUST10405,Female,North,33.0,252.53,2.0,Electronics
CUST10406,Male,South,46.0,73.42,,Clothing
CUST10407,Male,North,37.0,299.28,1.0,Electronics
CUST10408,Female,South,28.0,204.91,3.0,Sports
CUST10409,Male,East,54.0,310.77,3.0,Electronics
CUST10410,Male,North,35.0,291.11,2.0,Electronics
CUST10411,Female,West,43.0,325.37,0.0,Electronics
CUST10412,Female,East,29.0,0.0,5.0,Groceries
CUST10413,Female,West,39.0,207.28,1.0,Home
CUST10414,Female,East,38.0,293.42,1.0,Electronics
CUST10415,Male,South,16.0,343.5,4.0,Electronics
CUST10416,Male,North,55.0,166.04,2.0,Sports
CUST10417,Male,East,48.0,145.36,4.0,Sports
CUST10418,Female,South,31.0,82.43,2.0,Clothing
CUST10419,Female,North,24.0,117.63,0.0,Clothing
CUST10420,Female,North,38.0,176.72,0.0,Sports
CUST10421,Female,East,36.0,227.15,2.0,Home
CUST10422,Male,North,39.0,49.72,5.0,Clothing
CUST10423,Female,East,37.0,199.91,0.0,Home
CUST10424,Male,North,40.0,112.93,0.0,Sports
CUST10425,Female,West,49.0,157.27,3.0,Clothing
CUST10426,Male,South,41.0,355.16,0.0,Electronics
CUST10427,Female,West,25.0,159.58,7.0,Sports
CUST10428,Male,East,49.0,47.42,4.0,Clothing
CUST10429,Male,West,51.0,207.29,3.0,Home
CUST10430,Male,East,67.0,187.6,1.0,Home
CUST10431,Female,North,24.0,118.15,1.0,Clothing
CUST10432,Female,North,,270.16,,Home
CUST10433,Male,East,14.0,136.86,2.0,Clothing
CUST10434,Male,West,41.0,91.29,2.0,Clothing
CUST10435,Female,North,30.0,132.96,1.0,Home
CUST10436,Male,South,54.0,45.25,3.0,Groceries
CUST10437,Female,North,27.0,319.12,2.0,Electronics
CUST10438,Female,South,18.0,220.62,1.0,Sports
CUST10439,Male,West,30.0,274.03,3.0,Electronics
CUST10440,Male,South,15.0,153.98,0.0,Sports
CUST10441,nan,South,43.0,119.02,0.0,Sports
CUST10442,Male,South,14.0,321.43,1.0,Electronics
CUST10443,Male,South,35.0,98.12,1.0,Clothing
CUST10444,Female,North,14.0,205.96,3.0,Home
CUST10445,Female,South,,63.83,2.0,Groceries
CUST10446,nan,North,51.0,11.61,3.0,Groceries
CUST10447,Female,South,39.0,3.66,1.0,Groceries
CUST10448,Male,East,26.0,329.58,1.0,Electronics
CUST10449,Male,West,35.0,347.21,0.0,Electronics
CUST10450,Female,South,35.0,107.44,2.0,Clothing
CUST10451,Female,East,40.0,52.66,4.0,Groceries
CUST10452,Male,South,21.0,137.2,1.0,Clothing
CUST10453,Female,South,41.0,73.85,3.0,Groceries
CUST10454,Male,South,8.0,300.58,0.0,Electronics
CUST10455,Female,East,29.0,220.9,2.0,Home
CUST10456,Male,West,30.0,216.23,3.0,Home
CUST10457,Male,East,41.0,189.56,3.0,Home
CUST10458,Male,West,35.0,216.67,0.0,Home
CUST10459,Male,South,21.0,123.13,1.0,Sports
CUST10460,Male,North,25.0,88.78,5.0,Groceries
CUST10461,Female,South,37.0,163.26,2.0,Home
CUST10462,Female,West,34.0,194.04,1.0,Sports
CUST10463,Female,East,29.0,164.69,3.0,Sports
CUST10464,nan,South,30.0,,,Sports
CUST10465,Male,East,42.0,55.45,2.0,Clothing
CUST10466,Male,East,30.0,82.31,1.0,Clothing
CUST10467,Female,East,34.0,105.87,2.0,Sports
CUST10468,Male,South,57.0,,0.0,Home
CUST10469,nan,East,21.0,63.9,2.0,Groceries
CUST10470,Male,East,16.0,352.55,4.0,Electronics
CUST10471,nan,South,43.0,76.69,2.0,Clothing
CUST10472,Male,East,28.0,222.97,4.0,Home
CUST10473,Female,South,32.0,141.87,1.0,Home
CUST10474,Female,West,27.0,294.49,1.0,Electronics
CUST10475,nan,West,32.0,,2.0,Electronics
CUST10476,Male,West,,147.22,0.0,Home
CUST10477,Female,East,43.0,326.01,2.0,Electronics
CUST10478,nan,North,44.0,145.75,2.0,Home
CUST10479,Female,North,21.0,313.37,2.0,Electronics
CUST10480,Female,East,23.0,297.75,4.0,Electronics
CUST10481,Female,North,7.0,,1.0,Home
CUST10482,Male,South,27.0,142.69,1.0,Sports
CUST10483,Female,North,45.0,193.37,1.0,Home
CUST10484,Female,East,40.0,32.85,1.0,Groceries
CUST10485,Female,East,33.0,350.18,1.0,Electronics
CUST10486,Male,South,35.0,45.87,0.0,Clothing
CUST10487,Male,West,28.0,340.39,1.0,Electronics
CUST10488,Female,East,37.0,37.74,3.0,Groceries
CUST10489,Female,South,43.0,129.11,3.0,Clothing
CUST10490,Male,North,19.0,130.6,5.0,Clothing
CUST10491,Female,North,,258.72,1.0,Home
CUST10492,Male,South,44.0,159.43,2.0,Sports
CUST10493,Male,South,31.0,231.07,2.0,Home
CUST10494,Male,East,42.0,142.66,0.0,Clothing
CUST10495,Male,North,,42.35,1.0,Clothing
CUST10496,Female,South,34.0,,4.0,Sports
CUST10497,Male,North,39.0,294.02,,Electronics
CUST10498,nan,South,,176.17,4.0,Sports
CUST10499,nan,North,37.0,167.8,1.0,Home
CUST10500,Female,West,40.0,332.95,3.0,Electronics
CUST10501,Female,East,37.0,185.7,3.0,Home
CUST10502,Male,North,25.0,176.92,2.0,Sports
CUST10503,Female,West,37.0,308.5,1.0,Electronics
CUST10504,Female,North,50.0,148.26,6.0,Sports
CUST10505,Male,North,,15.2,1.0,Groceries
CUST10506,Female,West,45.0,70.5,1.0,Clothing
CUST10507,Female,North,,305.29,5.0,Electronics
CUST10508,Female,North,42.0,31.44,2.0,Clothing
CUST10509,Female,East,38.0,32.75,0.0,Groceries
CUST10510,Female,West,25.0,313.85,2.0,Electronics
CUST10511,Male,West,38.0,153.72,2.0,Clothing
CUST10512,Female,South,25.0,75.37,,Clothing
CUST10513,Female,North,29.0,286.41,0.0,Electronics
CUST10514,Male,East,37.0,103.79,2.0,Clothing
CUST10515,Male,North,,63.49,1.0,Clothing
CUST10516,Male,North,23.0,,2.0,Electronics
CUST10517,Female,South,46.0,144.42,2.0,Clothing
CUST10518,nan,North,41.0,68.18,2.0,Clothing
CUST10519,Male,East,28.0,172.69,,Home
CUST10520,Female,East,20.0,209.13,2.0,Home
CUST10521,Male,South,34.0,56.94,1.0,Groceries
CUST10522,nan,North,31.0,219.97,2.0,Home
CUST10523,Female,East,36.0,208.8,2.0,Home
CUST10524,Female,North,31.0,6.16,1.0,Groceries
CUST10525,Male,North,15.0,,2.0,Clothing
CUST10526,Male,North,31.0,100.41,4.0,Clothing
CUST10527,Male,South,32.0,168.06,2.0,Home
CUST10528,Male,North,41.0,52.96,2.0,Groceries
CUST10529,Female,East,28.0,112.69,4.0,Clothing
CUST10530,Female,North,52.0,149.03,2.0,Sports
CUST10531,nan,East,16.0,303.71,,Electronics
CUST10532,nan,North,48.0,264.33,3.0,Electronics
CUST10533,Female,East,33.0,265.44,2.0,Electronics
CUST10534,Female,East,44.0,185.3,3.0,Home
CUST10535,Female,North,36.0,331.13,6.0,Electronics
CUST10536,Female,North,46.0,278.14,3.0,Electronics
CUST10537,Male,East,31.0,162.45,2.0,Sports
CUST10538,Male,West,24.0,89.22,5.0,Clothing
CUST10539,Male,South,49.0,142.28,,Sports
CUST10540,Female,West,34.0,181.66,3.0,Home
CUST10541,Female,West,37.0,273.4,0.0,Electronics
CUST10542,Male,North,,,3.0,Clothing
CUST10543,Female,South,25.0,324.6,1.0,Electronics
CUST10544,Female,West,41.0,278.61,0.0,Electronics
CUST10545,Male,North,29.0,216.56,3.0,Home
CUST10546,Male,West,34.0,285.69,2.0,Electronics
CUST10547,Female,West,36.0,41.81,,Groceries
CUST10548,Female,North,20.0,,2.0,Clothing
CUST10549,Female,North,27.0,54.41,2.0,Clothing
CUST10550,Female,North,49.0,52.12,2.0,Groceries
CUST10551,Female,South,,166.76,1.0,Home
CUST10552,Female,West,34.0,294.58,2.0,Electronics
CUST10553,Female,North,37.0,324.76,3.0,Electronics
CUST10554,Female,East,32.0,75.34,2.0,Clothing
CUST10555,Male,West,49.0,169.68,4.0,Home
CUST10556,Male,East,33.0,191.51,0.0,Home
CUST10557,Male,South,37.0,213.13,3.0,Home
CUST10558,Female,North,46.0,303.08,2.0,Electronics
CUST10559,Female,East,27.0,206.01,2.0,Home
CUST10560,Female,South,51.0,36.26,3.0,Groceries
CUST10561,Male,North,20.0,120.01,3.0,Sports
CUST10562,Male,East,51.0,146.8,4.0,Home
CUST10563,Male,East,31.0,189.31,1.0,Sports
CUST10564,Male,South,33.0,327.89,,Electronics
CUST10565,Female,North,16.0,205.57,2.0,Home
CUST10566,Male,North,,105.64,4.0,Clothing
CUST10567,Male,East,25.0,279.56,2.0,Electronics
CUST10568,Female,East,29.0,73.73,1.0,Groceries
CUST10569,Male,East,34.0,52.51,1.0,Groceries
CUST10570,Female,North,45.0,165.9,,Sports
CUST10571,Female,South,,103.24,1.0,Sports
CUST10572,Male,South,38.0,181.37,3.0,Clothing
CUST10573,Female,North,24.0,134.01,2.0,Clothing
CUST10574,Female,West,26.0,3.69,1.0,Groceries
CUST10575,Female,South,53.0,153.09,3.0,Home
CUST10576,Male,East,28.0,65.63,,Groceries
CUST10577,Female,West,52.0,57.27,1.0,Groceries
CUST10578,Female,West,33.0,114.36,1.0,Clothing
CUST10579,Male,South,35.0,129.21,2.0,Sports
CUST10580,Male,West,46.0,132.28,1.0,Clothing
CUST10581,nan,West,48.0,71.56,0.0,Clothing
CUST10582,Female,South,34.0,97.7,6.0,Clothing
CUST10583,Male,South,31.0,22.5,3.0,Groceries
CUST10584,Female,West,34.0,180.77,1.0,Home
CUST10585,Male,East,38.0,28.75,1.0,Groceries
CUST10586,Male,North,44.0,348.67,1.0,Electronics
CUST10587,Male,West,35.0,46.31,2.0,Clothing
CUST10588,Male,West,41.0,87.63,1.0,Clothing
CUST10589,Male,East,51.0,271.2,1.0,Electronics
CUST10590,Male,West,39.0,141.06,1.0,Clothing
CUST10591,Female,West,38.0,88.05,2.0,Clothing
CUST10592,Male,North,20.0,89.22,1.0,Clothing
CUST10593,Male,North,9.0,313.69,3.0,Electronics
CUST10594,Female,North,39.0,81.1,0.0,Groceries
CUST10595,Male,South,34.0,14.73,4.0,Clothing
CUST10596,Female,South,,230.61,4.0,Home
CUST10597,Male,North,37.0,345.42,2.0,Electronics
CUST10598,Male,North,34.0,144.23,3.0,Sports
CUST10599,Male,South,,277.18,0.0,Electronics
CUST10600,Male,East,36.0,37.6,0.0,Groceries
CUST10601,Male,West,,289.21,1.0,Electronics
CUST10602,Male,West,45.0,164.41,3.0,Sports
CUST10603,Male,North,33.0,161.29,4.0,Home
CUST10604,Male,East,40.0,175.38,1.0,Sports
CUST10605,Male,South,30.0,314.09,2.0,Electronics
CUST10606,Male,North,29.0,194.63,2.0,Sports
CUST10607,Male,East,36.0,272.17,2.0,Electronics
CUST10608,Female,East,35.0,181.66,3.0,Home
CUST10609,Female,East,,222.33,1.0,Home
CUST10610,Male,South,32.0,28.12,2.0,Groceries
CUST10611,Female,South,17.0,257.95,2.0,Home
CUST10612,Female,West,31.0,114.2,2.0,Clothing
CUST10613,Male,West,43.0,147.33,2.0,Sports
CUST10614,Female,East,32.0,209.81,0.0,Sports
CUST10615,Female,East,33.0,304.62,2.0,Electronics
CUST10616,Male,South,45.0,279.64,0.0,Home
CUST10617,Male,West,28.0,56.28,3.0,Groceries
CUST10618,Female,East,20.0,88.28,3.0,Groceries
CUST10619,Female,West,33.0,52.06,2.0,Groceries
CUST10620,Male,West,30.0,97.14,0.0,Clothing
CUST10621,Male,East,25.0,218.04,0.0,Home
CUST10622,Male,South,33.0,56.19,2.0,Groceries
CUST10623,Female,East,40.0,109.02,2.0,Clothing
CUST10624,Female,East,35.0,128.83,1.0,Sports
CUST10625,Male,West,38.0,293.76,2.0,Electronics
CUST10626,Male,East,53.0,227.75,0.0,Home
CUST10627,Female,South,32.0,194.44,0.0,Home
CUST10628,Male,East,38.0,148.38,3.0,Sports
CUST10629,Male,South,30.0,207.27,2.0,Home
CUST10630,Female,South,27.0,187.67,5.0,Home
CUST10631,Female,West,29.0,211.13,4.0,Home
CUST10632,Female,North,30.0,154.84,4.0,Home
CUST10633,Female,North,39.0,136.5,3.0,Clothing
CUST10634,Male,West,58.0,86.17,1.0,Clothing
CUST10635,Male,East,28.0,302.1,0.0,Electronics
CUST10636,Female,West,,214.49,5.0,Home
CUST10637,Male,South,34.0,113.55,1.0,Sports
CUST10638,Male,North,39.0,45.32,2.0,Groceries
CUST10639,Male,West,38.0,350.6,2.0,Electronics
CUST10640,Male,East,48.0,67.73,7.0,Groceries
CUST10641,Male,West,11.0,90.28,2.0,Groceries
CUST10642,Male,North,11.0,160.09,1.0,Home
CUST10643,Male,West,30.0,215.22,3.0,Sports
CUST10644,Male,West,46.0,32.9,3.0,Groceries
CUST10645,Female,North,19.0,51.01,1.0,Groceries
CUST10646,Female,South,5.0,270.46,1.0,Electronics
CUST10647,Female,South,41.0,,0.0,Sports
CUST10648,Female,North,37.0,162.76,2.0,Sports
CUST10649,Female,West,24.0,,2.0,Groceries
CUST10650,Male,North,25.0,189.72,2.0,Sports
CUST10651,Female,South,25.0,302.88,3.0,Electronics
CUST10652,Female,East,36.0,347.5,2.0,Electronics
CUST10653,Female,West,29.0,265.87,2.0,Electronics
CUST10654,Male,South,40.0,226.15,1.0,Home
CUST10655,Male,West,6.0,34.49,4.0,Groceries
CUST10656,Male,North,26.0,122.43,0.0,Sports
CUST10657,Male,East,24.0,316.9,1.0,Electronics
CUST10658,Female,North,32.0,0.0,1.0,Groceries
CUST10659,Female,East,30.0,38.25,0.0,Groceries
CUST10660,Male,West,43.0,,2.0,Home
CUST10661,nan,West,16.0,144.42,0.0,Sports
CUST10662,Female,North,35.0,124.37,2.0,Sports
CUST10663,Male,East,41.0,339.46,5.0,Electronics
CUST10664,Male,East,54.0,249.34,3.0,Electronics
CUST10665,Male,West,30.0,31.71,1.0,Groceries
CUST10666,Male,North,38.0,,1.0,Sports
CUST10667,Male,East,17.0,107.61,1.0,Sports
CUST10668,Male,West,11.0,351.61,,Electronics
CUST10669,Male,South,43.0,112.96,0.0,Clothing
CUST10670,Male,North,35.0,70.4,1.0,Groceries
CUST10671,Female,South,47.0,178.73,1.0,Sports
CUST10672,Male,North,21.0,204.78,0.0,Home
CUST10673,Female,West,40.0,210.63,2.0,Home
CUST10674,Male,East,54.0,,1.0,Clothing
CUST10675,nan,East,39.0,277.13,2.0,Electronics
CUST10676,Male,East,38.0,290.61,1.0,Electronics
CUST10677,Male,North,35.0,293.58,0.0,Electronics
CUST10678,nan,West,19.0,191.15,3.0,Home
CUST10679,Female,South,49.0,290.61,2.0,Electronics
CUST10680,Female,West,,171.96,1.0,Home
CUST10681,Male,South,40.0,143.82,0.0,Clothing
CUST10682,Male,North,19.0,31.08,2.0,Groceries
CUST10683,Female,North,23.0,125.24,1.0,Sports
CUST10684,Female,South,,93.35,1.0,Clothing
CUST10685,Female,South,32.0,208.83,3.0,Home
CUST10686,Female,South,50.0,75.52,0.0,Clothing
CUST10687,Male,West,34.0,173.54,1.0,Sports
CUST10688,Female,South,17.0,40.45,1.0,Groceries
CUST10689,Male,North,44.0,,5.0,Sports
CUST10690,Male,North,29.0,210.57,2.0,Home
CUST10691,Male,East,42.0,132.07,2.0,Sports
CUST10692,Female,South,35.0,91.34,1.0,Clothing
CUST10693,Male,West,20.0,312.49,2.0,Electronics
CUST10694,Male,West,37.0,137.69,4.0,Clothing
CUST10695,Female,West,57.0,197.99,2.0,Home
CUST10696,Male,East,40.0,29.25,1.0,Groceries
CUST10697,Female,North,34.0,143.69,2.0,Sports
CUST10698,Male,West,46.0,0.0,3.0,Groceries
CUST10699,Female,North,,169.58,1.0,Home
CUST10700,Female,East,37.0,140.23,3.0,Sports
CUST10701,Male,South,24.0,72.47,3.0,Clothing
CUST10702,Male,South,37.0,69.39,3.0,Clothing
CUST10703,Male,South,45.0,253.48,0.0,Home
CUST10704,Male,West,27.0,164.81,3.0,Sports
CUST10705,nan,South,49.0,110.95,2.0,Clothing
CUST10706,Male,West,34.0,183.48,0.0,Home
CUST10707,Female,East,26.0,179.06,2.0,Home
CUST10708,Male,East,45.0,107.57,2.0,Groceries
CUST10709,Female,West,,47.3,4.0,Clothing
CUST10710,Female,North,43.0,147.13,1.0,Sports
CUST10711,Female,South,32.0,150.68,1.0,Clothing
CUST10712,Male,South,,133.41,0.0,Clothing
CUST10713,Male,South,40.0,86.41,1.0,Clothing
CUST10714,Male,West,38.0,187.18,0.0,Home
CUST10715,Female,East,15.0,280.15,2.0,Electronics
CUST10716,Female,South,24.0,326.56,0.0,Electronics
CUST10717,nan,East,44.0,0.0,1.0,Groceries
CUST10718,Male,South,,113.98,4.0,Clothing
CUST10719,Female,South,30.0,258.83,3.0,Electronics
CUST10720,Female,West,21.0,16.46,3.0,Groceries
CUST10721,Male,North,24.0,205.18,0.0,Home
CUST10722,Male,West,15.0,101.51,1.0,Clothing
CUST10723,Female,South,34.0,89.79,2.0,Sports
CUST10724,Female,South,29.0,218.39,5.0,Home
CUST10725,Female,North,25.0,72.51,,Groceries
CUST10726,Male,East,34.0,125.22,3.0,Home
CUST10727,Female,East,39.0,176.19,2.0,Sports
CUST10728,Male,South,56.0,174.58,3.0,Home
CUST10729,Male,East,20.0,93.95,2.0,Groceries
CUST10730,Male,South,47.0,98.07,4.0,Sports
CUST10731,Female,North,45.0,177.93,2.0,Sports
CUST10732,Female,North,27.0,210.81,6.0,Home
CUST10733,Female,South,37.0,188.43,2.0,Sports
CUST10734,Male,North,30.0,158.82,2.0,Home
CUST10735,Female,West,37.0,122.56,1.0,Clothing
CUST10736,Male,West,50.0,187.46,2.0,Sports
CUST10737,Female,North,,168.23,2.0,Home
CUST10738,Male,South,40.0,94.19,3.0,Clothing
CUST10739,Male,South,31.0,72.51,1.0,Sports
CUST10740,Male,North,20.0,,3.0,Clothing
CUST10741,Male,East,33.0,106.4,0.0,Sports
CUST10742,Female,West,47.0,105.91,3.0,Groceries
CUST10743,Female,East,20.0,57.6,4.0,Groceries
CUST10744,Male,South,24.0,197.05,0.0,Home
CUST10745,Female,South,36.0,275.94,1.0,Electronics
CUST10746,Male,East,25.0,71.53,2.0,Groceries
CUST10747,Female,North,27.0,343.53,2.0,Electronics
CUST10748,Female,East,31.0,97.61,3.0,Clothing
CUST10749,Female,East,21.0,91.8,3.0,Clothing
CUST10750,Male,West,25.0,258.04,2.0,Electronics
CUST10751,Female,West,42.0,242.2,1.0,Home
CUST10752,Female,East,22.0,151.57,2.0,Sports
CUST10753,Male,East,19.0,299.09,2.0,Electronics
CUST10754,Male,South,29.0,303.78,0.0,Electronics
CUST10755,Female,West,42.0,237.69,0.0,Electronics
CUST10756,Female,West,33.0,266.23,1.0,Electronics
CUST10757,Female,South,30.0,307.23,1.0,Electronics
CUST10758,Female,North,35.0,229.48,1.0,Home
CUST10759,Female,West,18.0,21.16,0.0,Groceries
CUST10760,Male,West,40.0,157.96,2.0,Sports
CUST10761,Male,North,39.0,42.91,4.0,Groceries
CUST10762,Male,West,31.0,297.76,2.0,Electronics
CUST10763,Female,West,45.0,5.15,4.0,Groceries
CUST10764,Male,North,24.0,208.7,4.0,Home
CUST10765,Female,North,46.0,139.64,2.0,Clothing
CUST10766,Female,East,37.0,12.37,2.0,Groceries
CUST10767,Female,South,32.0,162.58,1.0,Sports
CUST10768,Male,South,35.0,187.17,1.0,Home
CUST10769,Female,North,34.0,92.43,3.0,Clothing
CUST10770,Male,North,47.0,177.85,2.0,Home
CUST10771,Female,West,24.0,295.43,5.0,Electronics
CUST10772,Male,East,27.0,71.42,4.0,Clothing
CUST10773,Male,East,45.0,177.88,2.0,Sports
CUST10774,Female,North,29.0,109.75,4.0,Clothing
CUST10775,Male,West,44.0,159.43,0.0,Sports
CUST10776,Male,West,52.0,309.43,2.0,Electronics
CUST10777,Female,South,31.0,104.54,3.0,Sports
CUST10778,Female,South,42.0,191.88,1.0,Home
CUST10779,Female,West,23.0,58.79,1.0,Groceries
CUST10780,Female,South,43.0,223.47,2.0,Home
CUST10781,Female,North,,204.83,3.0,Home
CUST10782,Male,West,40.0,48.45,0.0,Clothing
CUST10783,Male,South,29.0,271.98,2.0,Electronics
CUST10784,Male,East,18.0,75.87,3.0,Groceries
CUST10785,Female,West,40.0,130.27,1.0,Sports
CUST10786,Female,West,14.0,107.87,1.0,Clothing
CUST10787,Male,East,32.0,258.08,3.0,Electronics
CUST10788,Male,North,,77.08,2.0,Groceries
CUST10789,Female,East,37.0,209.04,1.0,Home
CUST10790,Male,West,54.0,329.26,2.0,Electronics
CUST10791,Female,North,45.0,311.41,3.0,Electronics
CUST10792,Female,South,28.0,294.21,0.0,Electronics
CUST10793,Female,South,35.0,159.0,3.0,Home
CUST10794,Male,South,35.0,151.98,1.0,Sports
CUST10795,Female,West,19.0,102.98,4.0,Clothing
CUST10796,Female,East,26.0,203.04,2.0,Sports
CUST10797,Female,North,,90.62,2.0,Groceries
CUST10798,Female,South,15.0,69.58,0.0,Clothing
CUST10799,Female,North,35.0,25.94,3.0,Groceries
CUST10800,Female,West,33.0,177.82,1.0,Home
CUST10801,Male,South,18.0,175.81,1.0,Sports
CUST10802,Female,West,39.0,285.49,0.0,Electronics
CUST10803,Female,East,42.0,100.85,2.0,Clothing
CUST10804,Male,West,37.0,306.98,4.0,Electronics
CUST10805,Female,West,32.0,39.08,4.0,Groceries
CUST10806,Female,East,41.0,273.63,0.0,Electronics
CUST10807,Female,North,42.0,278.6,0.0,Electronics
CUST10808,Male,East,38.0,190.0,0.0,Home
CUST10809,Male,East,27.0,180.04,2.0,Home
CUST10810,nan,West,,157.01,1.0,Sports
CUST10811,Female,North,47.0,31.29,0.0,Groceries
CUST10812,Male,South,29.0,245.35,3.0,Home
CUST10813,Female,East,56.0,150.82,1.0,Home
CUST10814,Female,North,30.0,150.34,3.0,Sports
CUST10815,Female,East,35.0,,3.0,Clothing
CUST10816,Female,East,28.0,168.0,1.0,Sports
CUST10817,Male,East,37.0,290.72,6.0,Electronics
CUST10818,Male,East,18.0,349.37,0.0,Electronics
CUST10819,Male,West,30.0,151.02,2.0,Home
CUST10820,Female,North,24.0,212.63,4.0,Home
CUST10821,Male,North,36.0,145.27,0.0,Sports
CUST10822,Male,North,45.0,125.68,1.0,Sports
CUST10823,Male,East,41.0,62.38,4.0,Groceries
CUST10824,Female,West,11.0,349.09,1.0,Electronics
CUST10825,Female,East,55.0,131.11,3.0,Sports
CUST10826,Male,East,38.0,92.3,3.0,Clothing
CUST10827,Male,North,27.0,16.37,5.0,Groceries
CUST10828,Female,East,37.0,107.07,4.0,Sports
CUST10829,Male,South,37.0,198.92,1.0,Home
CUST10830,Male,East,28.0,191.25,3.0,Sports
CUST10831,Male,South,37.0,194.72,0.0,Home
CUST10832,Male,East,29.0,157.98,5.0,Home
CUST10833,Male,West,31.0,302.39,0.0,Electronics
CUST10834,Female,West,28.0,276.86,4.0,Electronics
CUST10835,Male,North,,140.11,0.0,Sports
CUST10836,Female,East,,121.17,1.0,Sports
CUST10837,Male,South,41.0,81.54,4.0,Clothing
CUST10838,Female,South,40.0,88.82,1.0,Groceries
CUST10839,Female,East,43.0,0.0,4.0,Groceries
CUST10840,Male,South,38.0,153.58,2.0,Sports
CUST10841,Female,West,30.0,299.28,0.0,Electronics
CUST10842,Male,South,,166.76,1.0,Clothing
CUST10843,nan,North,21.0,34.66,0.0,Groceries
CUST10844,Male,West,26.0,116.3,2.0,Sports
CUST10845,Male,West,25.0,284.1,,Electronics
CUST10846,Male,West,46.0,272.1,2.0,Electronics
CUST10847,nan,East,44.0,287.83,2.0,Electronics
CUST10848,Female,East,40.0,194.06,0.0,Home
CUST10849,Female,West,46.0,296.76,2.0,Electronics
CUST10850,Male,East,26.0,167.42,1.0,Sports
CUST10851,Female,South,,122.42,4.0,Clothing
CUST10852,Male,East,34.0,200.32,3.0,Sports
CUST10853,Female,East,43.0,283.92,1.0,Electronics
CUST10854,Male,West,34.0,90.7,2.0,Clothing
CUST10855,Male,North,31.0,40.23,2.0,Groceries
CUST10856,Male,North,40.0,29.19,1.0,Groceries
CUST10857,Male,North,44.0,,1.0,Sports
CUST10858,Female,South,28.0,88.81,,Clothing
CUST10859,Male,East,34.0,123.87,4.0,Sports
CUST10860,Female,North,24.0,129.81,2.0,Clothing
CUST10861,Male,West,10.0,102.66,0.0,Clothing
CUST10862,Female,North,,199.26,3.0,Sports
CUST10863,Male,North,41.0,65.55,2.0,Clothing
CUST10864,Male,East,38.0,332.85,3.0,Electronics
CUST10865,Female,East,,61.25,2.0,Clothing
CUST10866,Male,East,31.0,,1.0,Clothing
CUST10867,Male,South,13.0,182.24,3.0,Sports
CUST10868,Female,South,49.0,107.52,2.0,Groceries
CUST10869,Female,North,24.0,187.7,4.0,Home
CUST10870,Male,East,48.0,77.06,0.0,Clothing
CUST10871,Male,North,44.0,214.29,0.0,Home
CUST10872,Female,West,26.0,104.05,0.0,Clothing
CUST10873,Male,West,24.0,202.13,2.0,Sports
CUST10874,Male,East,39.0,149.83,3.0,Sports
CUST10875,Male,East,27.0,46.27,1.0,Clothing
CUST10876,Female,West,36.0,194.7,1.0,Sports
CUST10877,Female,East,30.0,113.62,2.0,Sports
CUST10878,Male,South,17.0,,3.0,Clothing
CUST10879,Male,South,13.0,55.18,2.0,Groceries
CUST10880,Male,East,,111.05,2.0,Clothing
CUST10881,Female,West,29.0,43.09,1.0,Groceries
CUST10882,Male,North,29.0,142.03,0.0,Sports
CUST10883,Male,East,42.0,26.69,2.0,Groceries
CUST10884,Female,East,47.0,,3.0,Sports
CUST10885,Male,North,32.0,41.17,2.0,Groceries
CUST10886,Female,East,32.0,45.75,4.0,Groceries
CUST10887,Male,North,,111.18,2.0,Clothing
CUST10888,Male,West,21.0,100.15,1.0,Groceries
CUST10889,Male,South,37.0,187.55,3.0,Sports
CUST10890,Female,West,,82.11,0.0,Clothing
CUST10891,Female,South,42.0,77.76,3.0,Groceries
CUST10892,Female,North,16.0,149.89,2.0,Clothing
CUST10893,Male,South,27.0,169.79,2.0,Home
CUST10894,Female,West,26.0,65.7,4.0,Clothing
CUST10895,Male,South,36.0,222.38,1.0,Home
CUST10896,Male,North,40.0,,5.0,Home
CUST10897,Female,South,50.0,70.62,1.0,Clothing
CUST10898,Male,East,30.0,160.4,2.0,Sports
CUST10899,Male,West,30.0,161.23,2.0,Sports
CUST10900,Male,East,46.0,132.05,1.0,Sports
CUST10901,Male,North,38.0,278.24,3.0,Electronics
CUST10902,Male,South,48.0,225.69,3.0,Home
CUST10903,Female,East,,123.33,4.0,Clothing
CUST10904,Male,East,,203.67,3.0,Sports
CUST10905,Female,South,22.0,185.93,1.0,Sports
CUST10906,Female,South,19.0,98.39,3.0,Clothing
CUST10907,Male,West,42.0,178.77,2.0,Home
CUST10908,Male,East,47.0,,2.0,Clothing
CUST10909,Male,East,53.0,320.75,4.0,Electronics
CUST10910,Female,North,43.0,,3.0,Electronics
CUST10911,Male,West,47.0,107.65,1.0,Clothing
CUST10912,Female,North,29.0,188.14,0.0,Home
CUST10913,Male,East,23.0,119.76,2.0,Sports
CUST10914,Female,North,44.0,363.88,1.0,Electronics
CUST10915,Male,East,39.0,307.21,2.0,Electronics
CUST10916,Male,East,36.0,211.4,2.0,Home
CUST10917,Female,North,,310.39,1.0,Electronics
CUST10918,Female,North,38.0,,1.0,Electronics
CUST10919,Male,South,48.0,204.42,2.0,Home
CUST10920,Female,South,48.0,90.0,3.0,Clothing
CUST10921,Female,South,40.0,169.87,4.0,Sports
CUST10922,Female,East,43.0,,1.0,Sports
CUST10923,Female,North,40.0,273.62,3.0,Electronics
CUST10924,Male,West,30.0,139.38,3.0,Sports
CUST10925,Male,East,43.0,148.61,1.0,Clothing
CUST10926,Male,West,21.0,295.2,3.0,Electronics
CUST10927,Female,North,46.0,134.43,4.0,Sports
CUST10928,Female,East,23.0,64.82,1.0,Groceries
CUST10929,Male,West,38.0,30.0,2.0,Groceries
CUST10930,Male,West,27.0,86.85,4.0,Groceries
CUST10931,Female,South,41.0,68.73,3.0,Groceries
CUST10932,nan,South,35.0,24.58,3.0,Groceries
CUST10933,Female,South,19.0,307.22,1.0,Electronics
CUST10934,Male,East,39.0,182.63,4.0,Home
CUST10935,Male,North,29.0,167.47,1.0,Home
CUST10936,Male,North,44.0,298.38,0.0,Electronics
CUST10937,Female,South,35.0,299.43,2.0,Electronics
CUST10938,Male,South,39.0,102.78,0.0,Clothing
CUST10939,Female,South,,173.55,0.0,Home
CUST10940,Male,West,29.0,75.9,0.0,Groceries
CUST10941,Female,South,30.0,,4.0,Electronics
CUST10942,Female,West,44.0,77.25,3.0,Groceries
CUST10943,Female,North,52.0,205.1,2.0,Home
CUST10944,Male,East,27.0,134.82,1.0,Sports
CUST10945,Male,East,46.0,211.07,3.0,Sports
CUST10946,Male,East,13.0,286.42,1.0,Electronics
CUST10947,Female,East,23.0,81.45,0.0,Clothing
CUST10948,Female,West,25.0,77.99,,Groceries
CUST10949,Female,West,21.0,,3.0,Electronics
CUST10950,Female,South,19.0,119.55,1.0,Clothing
CUST10951,Female,West,39.0,0.0,1.0,Groceries
CUST10952,Male,South,33.0,173.66,3.0,Home
CUST10953,Female,South,39.0,135.21,1.0,Sports
CUST10954,Male,East,42.0,87.12,1.0,Clothing
CUST10955,Male,West,38.0,42.06,2.0,Groceries
CUST10956,Female,West,,320.2,3.0,Electronics
CUST10957,Male,South,34.0,66.42,3.0,Groceries
CUST10958,Male,South,,314.74,3.0,Electronics
CUST10959,Female,North,46.0,128.81,3.0,Sports
CUST10960,Male,North,29.0,193.83,,Sports
CUST10961,Female,South,26.0,66.27,2.0,Groceries
CUST10962,Male,North,33.0,67.85,,Groceries
CUST10963,Male,North,26.0,313.52,2.0,Electronics
CUST10964,Male,South,31.0,285.64,1.0,Electronics
CUST10965,Male,South,38.0,81.34,1.0,Clothing
CUST10966,Female,West,38.0,90.0,,Clothing
CUST10967,Male,South,26.0,124.34,4.0,Clothing
CUST10968,Female,South,30.0,25.67,3.0,Groceries
CUST10969,Male,East,46.0,74.38,1.0,Clothing
CUST10970,Female,West,40.0,,0.0,Groceries
CUST10971,Female,West,56.0,118.0,6.0,Sports
CUST10972,Female,West,47.0,166.81,0.0,Home
CUST10973,Male,East,46.0,113.85,2.0,Sports
CUST10974,Male,South,21.0,36.24,1.0,Groceries
CUST10975,Male,West,43.0,122.58,0.0,Groceries
CUST10976,Female,West,34.0,200.18,2.0,Home
CUST10977,Male,North,29.0,289.55,3.0,Electronics
CUST10978,Female,West,37.0,320.96,5.0,Electronics
CUST10979,Female,South,44.0,284.78,2.0,Electronics
CUST10980,Male,South,40.0,75.42,0.0,Clothing
CUST10981,Female,North,26.0,277.94,1.0,Electronics
CUST10982,Male,West,42.0,46.92,3.0,Clothing
CUST10983,Male,West,29.0,103.61,3.0,Clothing
CUST10984,Female,West,37.0,230.5,4.0,Electronics
CUST10985,Female,East,32.0,275.96,2.0,Electronics
CUST10986,Female,West,33.0,210.08,1.0,Home
CUST10987,Male,South,43.0,203.73,4.0,Home
CUST10988,Male,South,25.0,136.03,2.0,Clothing
CUST10989,Female,East,54.0,189.92,0.0,Home
CUST10990,Female,East,17.0,115.94,3.0,Clothing
CUST10991,Female,West,29.0,78.92,3.0,Groceries
CUST10992,Male,North,39.0,173.65,1.0,Clothing
CUST10993,Female,East,41.0,116.55,2.0,Clothing
CUST10994,Male,East,34.0,202.37,3.0,Home
CUST10995,Male,West,34.0,71.08,2.0,Groceries
CUST10996,Female,West,39.0,134.64,1.0,Sports
CUST10997,Male,East,33.0,156.25,2.0,Sports
CUST10998,Female,North,49.0,169.86,3.0,Sports
CUST10999,Male,East,43.0,79.17,3.0,Groceries
CUST11000,Male,West,44.0,324.85,0.0,Electronics
CUST11001,Female,West,25.0,76.79,4.0,Groceries
CUST11002,Female,East,34.0,271.25,1.0,Home
CUST11003,Female,North,32.0,58.94,1.0,Clothing
CUST11004,Female,East,25.0,152.32,0.0,Clothing
CUST11005,Female,East,39.0,212.18,3.0,Home
CUST11006,Female,West,30.0,185.3,3.0,Home
CUST11007,Female,North,42.0,96.99,6.0,Clothing
CUST11008,Male,South,24.0,332.92,,Electronics
CUST11009,Female,North,52.0,288.57,5.0,Electronics
CUST11010,Male,East,26.0,283.94,2.0,Electronics
CUST11011,nan,East,37.0,250.9,4.0,Home
CUST11012,Female,East,43.0,93.45,2.0,Clothing
CUST11013,Male,North,29.0,90.13,2.0,Clothing
CUST11014,Female,West,44.0,119.11,1.0,Clothing
CUST11015,Female,East,23.0,39.31,4.0,Groceries
CUST11016,Male,East,50.0,49.94,1.0,Groceries
CUST11017,Female,North,35.0,111.46,2.0,Sports
CUST11018,Female,South,29.0,,3.0,Groceries
CUST11019,Male,South,32.0,339.73,4.0,Electronics
CUST11020,Female,West,43.0,268.66,1.0,Electronics
CUST11021,Male,West,,305.59,3.0,Electronics
CUST11022,Female,East,28.0,273.53,3.0,Electronics
CUST11023,nan,North,33.0,174.32,0.0,Sports
CUST11024,Female,East,23.0,296.61,1.0,Electronics
CUST11025,Male,West,53.0,216.74,3.0,Home
CUST11026,Female,North,29.0,213.52,2.0,Home
CUST11027,Female,North,43.0,193.27,1.0,Home
CUST11028,Male,West,37.0,33.27,1.0,Groceries
CUST11029,Female,South,25.0,118.8,2.0,Clothing
CUST11030,Male,South,35.0,158.49,1.0,Sports
CUST11031,Female,North,43.0,241.3,3.0,Home
CUST11032,Male,East,33.0,201.93,2.0,Home
CUST11033,Male,South,47.0,302.45,2.0,Electronics
CUST11034,Male,East,45.0,155.48,2.0,Home
CUST11035,Female,South,,218.03,1.0,Electronics
CUST11036,Male,South,30.0,299.69,1.0,Electronics
CUST11037,Female,East,24.0,117.34,4.0,Clothing
CUST11038,Male,West,29.0,53.72,1.0,Groceries
CUST11039,Male,South,,316.96,1.0,Electronics
CUST11040,Female,South,40.0,366.38,1.0,Electronics
CUST11041,Female,East,13.0,101.72,3.0,Clothing
CUST11042,Male,West,35.0,340.27,3.0,Electronics
CUST11043,Female,South,37.0,117.01,4.0,Sports
CUST11044,Female,South,32.0,86.48,2.0,Groceries
CUST11045,Female,West,,104.57,4.0,Sports
CUST11046,Male,South,,187.53,1.0,Home
CUST11047,Male,West,48.0,38.83,3.0,Groceries
CUST11048,Female,West,33.0,163.78,4.0,Home
CUST11049,Male,East,44.0,303.13,2.0,Electronics
CUST11050,Female,North,51.0,,1.0,Clothing
CUST11051,Female,West,48.0,95.86,1.0,Sports
CUST11052,Female,East,24.0,170.46,0.0,Home
CUST11053,Female,North,32.0,,3.0,Electronics
CUST11054,nan,South,32.0,190.31,0.0,Sports
CUST11055,Male,North,,177.11,1.0,Sports
CUST11056,Female,West,42.0,184.15,0.0,Home
CUST11057,Male,West,27.0,295.57,1.0,Electronics
CUST11058,Male,West,36.0,88.72,4.0,Clothing
CUST11059,Female,West,15.0,203.74,2.0,Home
CUST11060,Female,West,49.0,140.13,3.0,Sports
CUST11061,nan,East,,162.08,0.0,Sports
CUST11062,Female,West,,62.92,1.0,Groceries
CUST11063,Male,East,32.0,291.3,2.0,Electronics
CUST11064,Male,South,46.0,0.0,2.0,Groceries
CUST11065,Female,West,7.0,108.2,4.0,Clothing
CUST11066,Male,West,35.0,162.65,0.0,Home
CUST11067,Male,North,34.0,147.37,2.0,Sports
CUST11068,Male,South,30.0,257.28,1.0,Electronics
CUST11069,Male,West,52.0,137.51,3.0,Sports
CUST11070,Male,West,26.0,74.3,3.0,Groceries
CUST11071,Male,South,43.0,90.93,3.0,Groceries
CUST11072,Male,East,39.0,232.68,3.0,Home
CUST11073,Male,West,48.0,242.29,,Electronics
CUST11074,nan,North,28.0,273.17,2.0,Electronics
CUST11075,Male,West,28.0,243.35,,Home
CUST11076,Male,North,46.0,19.5,1.0,Groceries
CUST11077,Female,North,39.0,,0.0,Groceries
CUST11078,Male,West,20.0,38.58,1.0,Groceries
CUST11079,Female,West,30.0,141.72,1.0,Sports
CUST11080,Female,North,39.0,103.2,,Clothing
CUST11081,Male,South,43.0,50.85,2.0,Groceries
CUST11082,Male,South,28.0,114.46,1.0,Clothing
CUST11083,Female,West,6.0,160.35,3.0,Clothing
CUST11084,Female,East,40.0,286.97,3.0,Electronics
CUST11085,Male,South,23.0,246.86,2.0,Home
CUST11086,Female,West,15.0,143.26,2.0,Sports
CUST11087,Male,South,7.0,52.07,1.0,Clothing
CUST11088,nan,East,43.0,129.7,1.0,Sports
CUST11089,Male,West,36.0,284.99,0.0,Electronics
CUST11090,Female,East,33.0,30.72,3.0,Groceries
CUST11091,Female,West,49.0,91.91,2.0,Clothing
CUST11092,Female,East,41.0,149.25,0.0,Home
CUST11093,Female,South,51.0,298.35,2.0,Electronics
CUST11094,Male,South,21.0,200.96,4.0,Sports
CUST11095,Male,East,35.0,74.43,4.0,Groceries
CUST11096,Male,East,19.0,223.83,3.0,Sports
CUST11097,Male,East,33.0,219.0,0.0,Home
CUST11098,Female,West,33.0,109.96,3.0,Clothing
CUST11099,Male,South,41.0,153.65,2.0,Home
CUST11100,Male,West,35.0,137.37,2.0,Sports
CUST11101,nan,South,41.0,168.15,4.0,Sports
CUST11102,Female,North,42.0,213.49,3.0,Home
CUST11103,Female,West,57.0,221.61,3.0,Home
CUST11104,nan,South,32.0,213.04,3.0,Home
CUST11105,Male,South,26.0,8.65,0.0,Groceries
CUST11106,Male,West,37.0,174.93,2.0,Sports
CUST11107,Female,West,27.0,246.15,4.0,Electronics
CUST11108,Female,South,50.0,6.1,,Groceries
CUST11109,Male,West,32.0,0.0,4.0,Groceries
CUST11110,Female,East,29.0,46.74,2.0,Groceries
CUST11111,Male,West,30.0,305.49,1.0,Electronics
CUST11112,Male,West,42.0,200.3,2.0,Home
CUST11113,Female,West,33.0,117.9,3.0,Sports
CUST11114,Female,South,29.0,92.88,0.0,Clothing
CUST11115,Female,East,52.0,87.93,2.0,Clothing
CUST11116,Male,North,26.0,132.76,4.0,Sports
CUST11117,Female,North,35.0,295.62,2.0,Electronics
CUST11118,Male,East,42.0,108.88,0.0,Clothing
CUST11119,Male,East,,69.32,2.0,Groceries
CUST11120,Female,East,40.0,145.0,2.0,Clothing
CUST11121,Female,South,24.0,121.61,0.0,Sports
CUST11122,Female,North,43.0,59.18,3.0,Groceries
CUST11123,Female,East,25.0,176.47,3.0,Clothing
CUST11124,Female,South,42.0,107.8,2.0,Sports
CUST11125,Female,North,46.0,269.96,1.0,Electronics
CUST11126,Male,West,44.0,199.18,3.0,Sports
CUST11127,Male,South,38.0,306.65,3.0,Electronics
CUST11128,Male,North,,50.61,0.0,Groceries
CUST11129,Male,South,29.0,162.34,2.0,Sports
CUST11130,Female,North,50.0,240.66,2.0,Home
CUST11131,Female,North,28.0,242.74,,Home
CUST11132,Male,West,25.0,204.11,,Home
CUST11133,Male,South,42.0,210.02,1.0,Home
CUST11134,Female,East,27.0,217.51,0.0,Home
CUST11135,Male,West,25.0,246.59,1.0,Electronics
CUST11136,Female,West,21.0,150.45,2.0,Sports
CUST11137,Female,North,30.0,21.74,9.0,Groceries
CUST11138,Female,East,34.0,193.38,0.0,Home
CUST11139,Female,South,37.0,184.54,2.0,Home
CUST11140,Female,East,45.0,81.25,0.0,Groceries
CUST11141,Male,East,40.0,16.8,2.0,Groceries
CUST11142,Female,East,33.0,189.83,1.0,Home
CUST11143,Female,East,33.0,238.41,3.0,Electronics
CUST11144,Male,East,40.0,25.07,2.0,Groceries
CUST11145,Female,North,48.0,159.66,5.0,Sports
CUST11146,Female,North,36.0,129.47,2.0,Sports
CUST11147,Female,West,30.0,289.25,5.0,Electronics
CUST11148,Female,North,25.0,136.74,4.0,Clothing
CUST11149,Female,West,21.0,377.14,8.0,Electronics
CUST11150,Female,West,42.0,163.03,0.0,Home
CUST11151,Female,South,41.0,117.58,1.0,Clothing
CUST11152,Female,East,41.0,243.19,4.0,Home
CUST11153,Female,North,34.0,120.94,2.0,Sports
CUST11154,Female,South,49.0,37.61,1.0,Groceries
CUST11155,Female,North,30.0,245.68,0.0,Home
CUST11156,Male,West,45.0,82.91,3.0,Sports
CUST11157,Female,North,35.0,346.95,1.0,Electronics
CUST11158,Female,East,29.0,199.46,1.0,Home
CUST11159,Male,West,,136.27,3.0,Sports
CUST11160,Female,West,39.0,67.56,3.0,Groceries
CUST11161,Male,South,39.0,265.18,1.0,Home
CUST11162,Male,East,36.0,,2.0,Sports
CUST11163,Female,West,35.0,182.69,0.0,Home
CUST11164,Male,East,59.0,17.74,2.0,Groceries
CUST11165,Female,North,47.0,215.71,2.0,Home
CUST11166,Female,East,42.0,219.66,1.0,Home
CUST11167,Female,West,36.0,155.71,1.0,Sports
CUST11168,Male,South,45.0,92.73,2.0,Clothing
CUST11169,Male,West,40.0,215.56,3.0,Home
CUST11170,Female,East,35.0,106.29,3.0,Clothing
CUST11171,nan,East,32.0,320.65,2.0,Electronics
CUST11172,Female,West,34.0,233.85,1.0,Home
CUST11173,Male,East,3.0,148.79,3.0,Clothing
CUST11174,Female,North,37.0,314.68,2.0,Electronics
CUST11175,Female,West,30.0,177.31,,Sports
CUST11176,Female,South,51.0,209.08,5.0,Home
CUST11177,Male,West,35.0,150.38,2.0,Sports
CUST11178,Female,North,23.0,308.96,1.0,Electronics
CUST11179,Female,North,35.0,163.79,3.0,Sports
CUST11180,nan,North,25.0,,4.0,Sports
CUST11181,Male,North,40.0,13.69,3.0,Groceries
CUST11182,Female,North,38.0,313.5,0.0,Electronics
CUST11183,Female,South,45.0,128.68,1.0,Sports
CUST11184,Male,East,27.0,105.17,1.0,Clothing
CUST11185,Female,North,35.0,278.03,2.0,Electronics
CUST11186,Female,North,21.0,36.85,3.0,Groceries
CUST11187,Male,West,42.0,210.07,2.0,Home
CUST11188,Male,South,40.0,204.7,0.0,Sports
CUST11189,Female,South,40.0,,2.0,Clothing
CUST11190,Male,East,35.0,64.88,3.0,Groceries
CUST11191,Female,South,39.0,268.09,3.0,Electronics
CUST11192,Male,West,,198.4,3.0,Sports
CUST11193,Female,West,32.0,47.37,2.0,Groceries
CUST11194,Male,East,36.0,24.15,1.0,Groceries
CUST11195,Female,West,24.0,140.72,2.0,Clothing
CUST11196,nan,North,26.0,208.82,3.0,Home
CUST11197,nan,North,36.0,245.75,2.0,Home
CUST11198,Female,West,46.0,154.39,2.0,Home
CUST11199,Male,East,32.0,271.87,2.0,Electronics
CUST11200,Female,South,33.0,58.62,3.0,Groceries
CUST11201,Male,East,31.0,294.92,2.0,Electronics
CUST11202,Male,South,30.0,98.09,0.0,Groceries
CUST11203,Male,West,38.0,126.62,2.0,Clothing
CUST11204,Female,West,20.0,127.53,2.0,Clothing
CUST11205,Female,North,48.0,279.71,1.0,Electronics
CUST11206,Female,South,28.0,307.36,0.0,Electronics
CUST11207,Male,East,42.0,107.89,0.0,Clothing
CUST11208,Male,West,22.0,,1.0,Sports
CUST11209,nan,East,42.0,218.37,0.0,Home
CUST11210,Male,North,,189.71,0.0,Home
CUST11211,Male,South,,115.94,4.0,Clothing
CUST11212,Male,South,25.0,165.7,3.0,Home
CUST11213,Female,West,37.0,161.68,2.0,Sports
CUST11214,Female,South,23.0,124.18,0.0,Sports
CUST11215,Male,West,32.0,66.87,3.0,Groceries
CUST11216,Male,North,45.0,274.29,3.0,Electronics
CUST11217,Female,South,43.0,250.21,3.0,Home
CUST11218,Female,West,35.0,166.55,1.0,Sports
CUST11219,Male,East,25.0,291.63,1.0,Electronics
CUST11220,Female,West,41.0,359.4,0.0,Electronics
CUST11221,Male,South,35.0,56.7,2.0,Groceries
CUST11222,Male,North,12.0,348.09,1.0,Electronics
CUST11223,Female,South,43.0,302.15,2.0,Electronics
CUST11224,Male,South,,158.64,2.0,Clothing
CUST11225,Female,West,47.0,40.13,3.0,Groceries
CUST11226,Male,East,24.0,16.92,5.0,Groceries
CUST11227,Male,South,3.0,189.46,2.0,Home
CUST11228,nan,East,38.0,317.88,1.0,Electronics
CUST11229,Male,West,,182.33,2.0,Home
CUST11230,Female,East,18.0,125.77,1.0,Sports
CUST11231,Male,West,,329.57,1.0,Electronics
CUST11232,Male,North,63.0,,0.0,Sports
CUST11233,Male,East,32.0,86.06,3.0,Clothing
CUST11234,Female,East,42.0,288.63,1.0,Electronics
CUST11235,Male,North,28.0,199.05,1.0,Home
CUST11236,Female,East,14.0,213.27,3.0,Home
CUST11237,Male,North,33.0,300.79,1.0,Electronics
CUST11238,nan,South,32.0,179.27,1.0,Home
CUST11239,Male,West,31.0,255.71,5.0,Electronics
CUST11240,Female,North,34.0,77.28,3.0,Groceries
CUST11241,Female,East,38.0,226.7,1.0,Home
CUST11242,Female,North,33.0,305.59,1.0,Electronics
CUST11243,Female,East,22.0,276.87,0.0,Electronics
CUST11244,Female,South,40.0,211.39,2.0,Home
CUST11245,Female,North,16.0,0.0,0.0,Groceries
CUST11246,Male,South,14.0,226.92,0.0,Home
CUST11247,Male,West,42.0,257.19,2.0,Electronics
CUST11248,Female,East,40.0,55.8,0.0,Groceries
CUST11249,Female,East,34.0,,2.0,Sports
CUST11250,Female,South,21.0,128.56,4.0,Clothing
CUST11251,Female,West,28.0,239.0,0.0,Home
CUST11252,Male,North,32.0,,1.0,Electronics
CUST11253,Male,North,19.0,17.61,2.0,Groceries
CUST11254,Female,East,,54.85,2.0,Groceries
CUST11255,Male,South,42.0,,2.0,Sports
CUST11256,Male,South,49.0,150.14,2.0,Home
CUST11257,Female,North,31.0,71.46,0.0,Groceries
CUST11258,Male,West,43.0,127.58,1.0,Sports
CUST11259,Female,West,16.0,283.97,0.0,Electronics
CUST11260,Male,North,42.0,85.31,0.0,Sports
CUST11261,Female,North,27.0,223.68,0.0,Home
CUST11262,Male,South,38.0,184.84,,Sports
CUST11263,Male,West,33.0,31.93,1.0,Groceries
CUST11264,Male,North,,56.03,2.0,Groceries
CUST11265,Male,North,26.0,89.6,4.0,Clothing
CUST11266,Male,East,,153.01,1.0,Sports
CUST11267,Male,North,32.0,287.16,1.0,Electronics
CUST11268,Female,North,33.0,236.29,2.0,Home
CUST11269,Male,West,33.0,144.77,4.0,Clothing
CUST11270,Female,South,27.0,146.52,5.0,Sports
CUST11271,Female,West,35.0,321.7,3.0,Electronics
CUST11272,Female,South,34.0,69.41,3.0,Clothing
CUST11273,Male,East,37.0,44.09,1.0,Groceries
CUST11274,Female,North,36.0,211.44,0.0,Home
CUST11275,Male,East,43.0,146.74,1.0,Sports
CUST11276,Male,South,44.0,302.56,4.0,Electronics
CUST11277,nan,West,24.0,43.94,4.0,Groceries
CUST11278,Male,West,44.0,70.91,0.0,Clothing
CUST11279,Female,East,23.0,200.56,3.0,Home
CUST11280,Female,South,41.0,69.09,2.0,Clothing
CUST11281,Female,East,41.0,,5.0,Clothing
CUST11282,Female,East,16.0,302.27,4.0,Electronics
CUST11283,Male,North,36.0,66.21,3.0,Groceries
CUST11284,Male,East,30.0,174.4,1.0,Sports
CUST11285,Female,North,27.0,262.68,0.0,Electronics
CUST11286,Male,North,49.0,197.11,1.0,Home
CUST11287,Male,West,28.0,126.24,0.0,Clothing
CUST11288,Male,North,27.0,167.52,3.0,Home
CUST11289,Male,North,36.0,,1.0,Electronics
CUST11290,Male,West,42.0,323.27,2.0,Electronics
CUST11291,Male,East,34.0,192.7,1.0,Sports
CUST11292,Female,South,,132.17,3.0,Clothing
CUST11293,Female,South,40.0,308.31,2.0,Electronics
CUST11294,Female,South,13.0,225.29,1.0,Home
CUST11295,Male,East,30.0,,5.0,Sports
CUST11296,Male,North,29.0,231.05,0.0,Home
CUST11297,Male,South,40.0,86.8,5.0,Clothing
CUST11298,Female,East,9.0,176.45,0.0,Sports
CUST11299,Female,North,60.0,159.76,1.0,Sports
CUST11300,Male,West,40.0,193.82,4.0,Sports
CUST11301,Female,South,36.0,94.29,2.0,Groceries
CUST11302,Male,North,,176.2,0.0,Sports
CUST11303,Female,South,58.0,243.23,3.0,Home
CUST11304,Female,South,44.0,236.37,,Home
CUST11305,Female,South,44.0,115.65,2.0,Clothing
CUST11306,Female,North,36.0,321.85,1.0,Electronics
CUST11307,Female,East,34.0,323.51,3.0,Electronics
CUST11308,Male,North,30.0,111.03,,Groceries
CUST11309,Female,South,27.0,193.91,2.0,Sports
CUST11310,Male,North,28.0,69.44,1.0,Groceries
CUST11311,Female,West,21.0,126.88,1.0,Clothing
CUST11312,Female,East,34.0,62.59,3.0,Clothing
CUST11313,Female,North,18.0,264.06,1.0,Electronics
CUST11314,Male,West,37.0,10.54,1.0,Clothing
CUST11315,Female,East,35.0,,1.0,Sports
CUST11316,Female,West,36.0,216.89,0.0,Home
CUST11317,Female,East,30.0,130.74,2.0,Clothing
CUST11318,Male,North,66.0,19.46,3.0,Groceries
CUST11319,Male,West,49.0,140.02,2.0,Sports
CUST11320,Male,South,23.0,130.57,4.0,Clothing
CUST11321,Male,West,37.0,100.42,4.0,Clothing
CUST11322,Female,East,,171.77,1.0,Sports
CUST11323,Male,North,25.0,105.43,2.0,Clothing
CUST11324,nan,East,22.0,244.26,1.0,Home
CUST11325,Male,West,39.0,285.34,2.0,Electronics
CUST11326,Male,West,28.0,148.41,,Sports
CUST11327,Female,South,45.0,66.78,2.0,Groceries
CUST11328,Female,North,45.0,66.58,0.0,Clothing
CUST11329,Female,North,49.0,273.2,3.0,Electronics
CUST11330,Female,West,26.0,68.49,3.0,Groceries
CUST11331,Female,North,40.0,69.89,2.0,Groceries
CUST11332,Male,South,41.0,163.31,2.0,Home
CUST11333,nan,East,30.0,301.6,4.0,Electronics
CUST11334,nan,North,27.0,120.76,3.0,Sports
CUST11335,Female,West,51.0,306.27,2.0,Electronics
CUST11336,Male,East,37.0,338.78,4.0,Electronics
CUST11337,Female,East,41.0,64.86,1.0,Groceries
CUST11338,Male,South,27.0,233.84,2.0,Home
CUST11339,Male,West,23.0,175.49,1.0,Home
CUST11340,Male,North,29.0,289.94,6.0,Electronics
CUST11341,Male,West,34.0,303.64,4.0,Electronics
CUST11342,Female,East,24.0,87.84,3.0,Clothing
CUST11343,Female,West,35.0,47.25,0.0,Groceries
CUST11344,Female,North,,120.64,2.0,Sports
CUST11345,Male,North,24.0,,2.0,Sports
CUST11346,Male,South,42.0,189.99,2.0,Home
CUST11347,Male,North,41.0,71.92,1.0,Groceries
CUST11348,nan,North,31.0,201.05,3.0,Home
CUST11349,Male,West,25.0,145.99,0.0,Sports
CUST11350,Female,West,25.0,331.8,2.0,Electronics
CUST11351,Female,East,31.0,42.7,2.0,Groceries
CUST11352,Male,South,41.0,62.79,2.0,Groceries
CUST11353,Female,West,44.0,121.2,1.0,Clothing
CUST11354,Female,North,30.0,257.8,3.0,Electronics
CUST11355,Female,East,23.0,330.09,4.0,Electronics
CUST11356,Female,West,38.0,240.18,3.0,Home
CUST11357,Male,South,,59.57,1.0,Groceries
CUST11358,Male,South,30.0,185.43,3.0,Home
CUST11359,Female,East,48.0,288.04,6.0,Electronics
CUST11360,Female,East,43.0,108.26,4.0,Clothing
CUST11361,Male,East,37.0,13.95,2.0,Groceries
CUST11362,Female,East,22.0,273.15,1.0,Electronics
CUST11363,Female,East,,141.38,2.0,Clothing
CUST11364,Female,North,46.0,159.54,2.0,Sports
CUST11365,Male,North,31.0,291.14,2.0,Electronics
CUST11366,Female,West,49.0,152.73,2.0,Sports
CUST11367,Female,South,48.0,183.08,3.0,Home
CUST11368,Male,North,52.0,182.58,2.0,Sports
CUST11369,Male,North,,324.08,0.0,Electronics
CUST11370,nan,North,41.0,164.03,1.0,Sports
CUST11371,Male,West,49.0,37.51,1.0,Groceries
CUST11372,Female,East,39.0,282.24,0.0,Electronics
CUST11373,Female,West,30.0,70.42,0.0,Clothing
CUST11374,Male,South,31.0,,2.0,Sports
CUST11375,Female,South,37.0,58.31,1.0,Groceries
CUST11376,Male,South,22.0,209.52,3.0,Home
CUST11377,Female,South,34.0,207.56,3.0,Home
CUST11378,Male,North,46.0,160.12,3.0,Sports
CUST11379,Female,North,13.0,212.04,5.0,Home
CUST11380,Male,West,50.0,78.68,3.0,Clothing
CUST11381,Male,East,46.0,270.11,2.0,Electronics
CUST11382,nan,South,30.0,70.35,2.0,Groceries
CUST11383,Male,West,40.0,147.55,1.0,Sports
CUST11384,Female,North,35.0,195.47,3.0,Home
CUST11385,Male,North,47.0,334.8,0.0,Electronics
CUST11386,Female,East,45.0,61.46,3.0,Clothing
CUST11387,Male,East,21.0,227.81,2.0,Home
CUST11388,nan,East,41.0,151.87,2.0,Home
CUST11389,Male,West,33.0,17.63,1.0,Groceries
CUST11390,Male,North,,101.07,1.0,Clothing
CUST11391,Male,North,28.0,78.41,0.0,Clothing
CUST11392,Male,East,52.0,161.12,3.0,Sports
CUST11393,Female,South,45.0,88.03,1.0,Groceries
CUST11394,Male,East,,148.17,1.0,Sports
CUST11395,Female,West,,54.69,2.0,Groceries
CUST11396,Male,East,31.0,110.08,1.0,Clothing
CUST11397,Male,East,39.0,73.1,3.0,Groceries
CUST11398,Female,West,37.0,53.79,2.0,Groceries
CUST11399,Female,East,,86.56,1.0,Groceries
CUST11400,Male,North,43.0,284.27,2.0,Electronics
CUST11401,Male,South,45.0,323.66,1.0,Electronics
CUST11402,Male,East,38.0,73.57,,Clothing
CUST11403,Female,West,21.0,0.0,1.0,Groceries
CUST11404,Female,South,33.0,,3.0,Clothing
CUST11405,Male,West,46.0,320.7,3.0,Electronics
CUST11406,Female,South,34.0,108.4,4.0,Groceries
CUST11407,Female,South,40.0,136.82,3.0,Sports
CUST11408,Female,East,32.0,267.34,2.0,Electronics
CUST11409,Female,North,25.0,375.48,2.0,Electronics
CUST11410,Male,East,34.0,293.65,3.0,Electronics
CUST11411,Male,West,38.0,0.0,2.0,Groceries
CUST11412,Male,West,28.0,201.23,2.0,Home
CUST11413,Male,South,33.0,208.52,,Sports
CUST11414,Female,South,26.0,186.79,2.0,Sports
CUST11415,Female,North,46.0,76.39,2.0,Clothing
CUST11416,Male,East,32.0,38.15,1.0,Groceries
CUST11417,Male,West,50.0,,1.0,Electronics
CUST11418,Male,South,50.0,253.43,1.0,Home
CUST11419,Female,North,34.0,88.28,4.0,Groceries
CUST11420,Male,West,25.0,24.9,3.0,Groceries
CUST11421,Female,South,14.0,,0.0,Home
CUST11422,Male,West,20.0,312.44,2.0,Electronics
CUST11423,Male,North,21.0,65.14,3.0,Groceries
CUST11424,nan,North,49.0,130.43,3.0,Sports
CUST11425,nan,West,36.0,155.38,3.0,Sports
CUST11426,Male,East,39.0,199.35,0.0,Home
CUST11427,Female,West,13.0,322.42,,Electronics
CUST11428,Female,South,,215.36,1.0,Home
CUST11429,Female,East,44.0,9.3,2.0,Groceries
CUST11430,Male,South,38.0,170.42,4.0,Sports
CUST11431,Female,West,,116.31,1.0,Clothing
CUST11432,Female,East,,198.05,,Home
CUST11433,Female,South,,95.23,2.0,Clothing
CUST11434,Male,West,33.0,5.38,1.0,Clothing
CUST11435,Male,West,36.0,164.97,1.0,Sports
CUST11436,Male,East,37.0,154.33,2.0,Home
CUST11437,Female,West,,113.16,5.0,Clothing
CUST11438,Male,North,14.0,45.05,2.0,Groceries
CUST11439,Female,South,,303.35,3.0,Electronics
CUST11440,nan,South,34.0,255.96,1.0,Electronics
CUST11441,Male,West,41.0,196.87,1.0,Sports
CUST11442,Female,West,28.0,194.19,0.0,Home
CUST11443,Male,North,35.0,220.37,2.0,Home
CUST11444,Female,East,42.0,305.13,4.0,Electronics
CUST11445,Male,West,66.0,,1.0,Groceries
CUST11446,Female,West,43.0,265.0,1.0,Electronics
CUST11447,Female,West,27.0,356.27,2.0,Electronics
CUST11448,Female,West,31.0,142.31,4.0,Home
CUST11449,Female,South,30.0,97.71,1.0,Clothing
CUST11450,Female,West,17.0,77.76,0.0,Groceries
CUST11451,Female,South,32.0,196.84,4.0,Home
CUST11452,Female,West,42.0,298.0,2.0,Electronics
CUST11453,Female,East,22.0,86.04,3.0,Clothing
CUST11454,Male,North,45.0,1.22,2.0,Groceries
CUST11455,Female,East,40.0,131.84,5.0,Sports
CUST11456,Female,West,28.0,53.88,2.0,Groceries
CUST11457,Female,West,34.0,28.02,2.0,Groceries
CUST11458,Male,West,51.0,274.97,2.0,Electronics
CUST11459,Female,East,42.0,262.78,2.0,Electronics
CUST11460,Male,West,35.0,202.42,0.0,Sports
CUST11461,Female,East,33.0,139.76,3.0,Sports
CUST11462,Male,South,36.0,163.84,0.0,Sports
CUST11463,Female,North,30.0,203.69,1.0,Home
CUST11464,nan,North,14.0,197.12,4.0,Home
CUST11465,Male,East,55.0,262.9,3.0,Electronics
CUST11466,nan,South,37.0,264.18,4.0,Electronics
CUST11467,Male,East,39.0,145.83,2.0,Sports
CUST11468,Female,South,34.0,,4.0,Home
CUST11469,Female,West,28.0,99.57,1.0,Clothing
CUST11470,Female,South,,180.4,1.0,Home
CUST11471,Female,South,19.0,,2.0,Electronics
CUST11472,Female,South,58.0,181.06,0.0,Home
CUST11473,Male,North,23.0,349.41,1.0,Electronics
CUST11474,Male,South,25.0,196.41,3.0,Sports
CUST11475,Female,West,31.0,186.74,1.0,Sports
CUST11476,Female,West,48.0,106.44,1.0,Sports
CUST11477,Female,West,35.0,70.59,2.0,Clothing
CUST11478,Female,South,23.0,95.89,2.0,Clothing
CUST11479,Male,East,48.0,356.37,4.0,Electronics
CUST11480,Female,East,42.0,40.84,1.0,Groceries
CUST11481,Male,West,40.0,141.8,1.0,Clothing
CUST11482,Female,North,42.0,332.06,1.0,Electronics
CUST11483,Male,East,59.0,194.99,0.0,Home
CUST11484,Male,South,57.0,149.01,3.0,Sports
CUST11485,Male,East,28.0,168.47,1.0,Sports
CUST11486,Male,West,51.0,103.73,1.0,Sports
CUST11487,Female,North,39.0,314.45,0.0,Electronics
CUST11488,Male,East,40.0,151.47,1.0,Sports
CUST11489,Male,East,18.0,52.87,1.0,Clothing
CUST11490,Male,West,33.0,225.66,3.0,Home
CUST11491,Male,North,,130.23,3.0,Sports
CUST11492,Male,North,43.0,301.26,0.0,Electronics
CUST11493,Male,West,46.0,173.04,3.0,Home
CUST11494,Female,South,14.0,173.48,5.0,Sports
CUST11495,Female,East,35.0,25.42,1.0,Groceries
CUST11496,Female,South,46.0,168.82,2.0,Sports
CUST11497,Male,East,33.0,,3.0,Clothing
CUST11498,Male,East,42.0,207.56,3.0,Home
CUST11499,Female,South,39.0,116.73,1.0,Clothing
CUST11500,Female,West,38.0,10.01,3.0,Groceries
CUST11501,Male,West,32.0,69.12,2.0,Groceries
CUST11502,Male,East,23.0,82.09,1.0,Clothing
CUST11503,Male,West,24.0,228.42,1.0,Home
CUST11504,Male,East,42.0,71.22,0.0,Groceries
CUST11505,Male,West,35.0,65.54,2.0,Groceries
CUST11506,Female,East,,141.76,2.0,Sports
CUST11507,Female,West,31.0,303.05,1.0,Electronics
CUST11508,Female,North,32.0,58.04,1.0,Groceries
CUST11509,Female,South,45.0,191.94,1.0,Home
CUST11510,Female,North,32.0,218.51,2.0,Home
CUST11511,Female,South,22.0,223.11,0.0,Sports
CUST11512,Female,South,42.0,213.54,1.0,Home
CUST11513,Male,East,33.0,,4.0,Sports
CUST11514,Male,South,,12.85,2.0,Groceries
CUST11515,Male,North,51.0,36.16,2.0,Groceries
CUST11516,Female,North,35.0,49.21,1.0,Groceries
CUST11517,Female,West,38.0,49.21,1.0,Groceries
CUST11518,Male,North,23.0,301.22,0.0,Electronics
CUST11519,Female,West,33.0,300.46,4.0,Electronics
CUST11520,Male,South,41.0,7.33,4.0,Groceries
CUST11521,Female,North,19.0,189.99,2.0,Home
CUST11522,Male,South,37.0,185.81,1.0,Sports
CUST11523,Male,North,36.0,67.7,3.0,Clothing
CUST11524,Female,North,35.0,100.4,1.0,Sports
CUST11525,Male,West,45.0,115.1,3.0,Clothing
CUST11526,Male,South,38.0,65.65,2.0,Clothing
CUST11527,Male,North,50.0,56.11,2.0,Groceries
CUST11528,Female,East,25.0,101.84,5.0,Clothing
CUST11529,Female,South,36.0,54.52,0.0,Groceries
CUST11530,Male,South,36.0,280.72,4.0,Electronics
CUST11531,Female,South,24.0,224.98,2.0,Home
CUST11532,Female,West,45.0,84.52,4.0,Clothing
CUST11533,Male,East,58.0,179.14,1.0,Home
CUST11534,Male,South,,4.81,2.0,Groceries
CUST11535,Male,North,40.0,138.47,3.0,Clothing
CUST11536,Male,North,36.0,211.09,4.0,Sports
CUST11537,Female,West,28.0,340.59,3.0,Electronics
CUST11538,Male,North,17.0,328.1,3.0,Electronics
CUST11539,Female,South,28.0,83.23,5.0,Clothing
CUST11540,Female,North,21.0,319.74,1.0,Electronics
CUST11541,Male,South,52.0,148.36,3.0,Sports
CUST11542,Female,North,34.0,171.56,1.0,Home
CUST11543,Male,East,32.0,194.3,3.0,Sports
CUST11544,nan,West,44.0,249.36,2.0,Electronics
CUST11545,Female,West,24.0,186.64,2.0,Home
CUST11546,Female,East,27.0,129.3,2.0,Sports
CUST11547,Female,East,36.0,59.85,1.0,Groceries
CUST11548,Male,West,45.0,39.06,0.0,Groceries
CUST11549,Female,East,40.0,199.85,3.0,Home
CUST11550,Female,South,37.0,227.93,2.0,Home
CUST11551,Female,North,36.0,156.64,0.0,Home
CUST11552,Female,West,,27.32,0.0,Groceries
CUST11553,Female,East,37.0,122.88,2.0,Sports
CUST11554,Male,South,25.0,223.04,2.0,Home
CUST11555,Male,West,35.0,18.39,6.0,Groceries
CUST11556,Female,East,24.0,164.55,1.0,Home
CUST11557,Male,West,36.0,184.27,3.0,Home
CUST11558,Female,East,30.0,199.31,0.0,Home
CUST11559,Female,West,,101.77,2.0,Groceries
CUST11560,Male,South,35.0,173.92,2.0,Sports
CUST11561,Male,South,21.0,36.81,4.0,Groceries
CUST11562,Female,North,34.0,0.0,1.0,Groceries
CUST11563,Male,West,40.0,174.85,3.0,Home
CUST11564,Female,North,52.0,100.34,2.0,Clothing
CUST11565,Male,West,,142.87,2.0,Clothing
CUST11566,Female,East,19.0,79.8,1.0,Clothing
CUST11567,Male,East,43.0,80.74,2.0,Groceries
CUST11568,Female,North,21.0,159.7,5.0,Home
CUST11569,Male,West,31.0,102.12,1.0,Clothing
CUST11570,Female,North,,366.87,3.0,Electronics
CUST11571,Male,South,34.0,303.57,3.0,Electronics
CUST11572,Female,North,42.0,,1.0,Electronics
CUST11573,Female,North,28.0,153.29,4.0,Sports
CUST11574,Male,East,32.0,126.25,2.0,Home
CUST11575,Male,North,35.0,27.8,2.0,Groceries
CUST11576,Male,West,36.0,28.64,3.0,Groceries
CUST11577,Female,East,36.0,182.1,4.0,Home
CUST11578,Female,North,39.0,145.0,1.0,Sports
CUST11579,Female,South,43.0,184.34,3.0,Home
CUST11580,Male,North,39.0,137.36,2.0,Sports
CUST11581,Male,North,40.0,45.57,0.0,Clothing
CUST11582,Female,North,,58.27,1.0,Clothing
CUST11583,Female,East,36.0,145.47,0.0,Sports
CUST11584,nan,West,40.0,196.96,0.0,Home
CUST11585,Male,South,42.0,63.48,0.0,Clothing
CUST11586,Female,North,28.0,185.44,0.0,Home
CUST11587,Male,West,28.0,113.67,0.0,Clothing
CUST11588,Male,West,29.0,182.87,0.0,Home
CUST11589,Female,East,40.0,170.84,3.0,Home
CUST11590,Female,South,45.0,262.49,2.0,Electronics
CUST11591,nan,East,31.0,168.07,2.0,Sports
CUST11592,Male,West,44.0,49.43,0.0,Groceries
CUST11593,Male,West,,171.06,3.0,Sports
CUST11594,Female,West,34.0,203.8,3.0,Home
CUST11595,Female,East,33.0,169.21,3.0,Home
CUST11596,Male,South,42.0,170.37,2.0,Sports
CUST11597,Male,North,,166.61,0.0,Home
CUST11598,Male,East,,77.98,0.0,Clothing
CUST11599,Female,West,26.0,206.07,2.0,Home
CUST11600,Male,East,40.0,143.07,2.0,Sports
CUST11601,Male,West,30.0,181.25,3.0,Sports
CUST11602,Male,North,26.0,126.24,2.0,Sports
CUST11603,Male,North,35.0,277.96,1.0,Electronics
CUST11604,Male,South,36.0,317.23,1.0,Electronics
CUST11605,Female,West,64.0,288.14,1.0,Electronics
CUST11606,Male,South,33.0,283.58,1.0,Electronics
CUST11607,Female,South,24.0,319.21,2.0,Electronics
CUST11608,Male,North,38.0,308.53,2.0,Electronics
CUST11609,Female,East,14.0,253.09,0.0,Electronics
CUST11610,Female,East,34.0,143.21,1.0,Sports
CUST11611,Female,South,35.0,31.55,1.0,Groceries
CUST11612,Female,North,43.0,293.14,2.0,Electronics
CUST11613,Male,West,45.0,140.78,2.0,Sports
CUST11614,Male,East,30.0,27.89,,Groceries
CUST11615,Female,South,33.0,271.12,0.0,Electronics
CUST11616,nan,East,27.0,34.6,1.0,Groceries
CUST11617,Female,East,24.0,15.1,5.0,Groceries
CUST11618,Female,West,38.0,56.41,2.0,Clothing
CUST11619,Female,North,22.0,163.4,0.0,Home
CUST11620,Male,West,31.0,134.26,2.0,Clothing
CUST11621,Male,North,25.0,45.44,1.0,Groceries
CUST11622,Female,East,40.0,146.78,,Sports
CUST11623,Female,South,53.0,329.44,,Electronics
CUST11624,Male,West,22.0,190.7,0.0,Home
CUST11625,Female,North,16.0,324.54,4.0,Electronics
CUST11626,Male,East,34.0,123.2,2.0,Sports
CUST11627,Female,North,35.0,197.0,0.0,Home
CUST11628,Male,North,37.0,77.87,0.0,Clothing
CUST11629,Male,North,31.0,23.97,1.0,Groceries
CUST11630,Female,East,33.0,101.94,0.0,Sports
CUST11631,Male,South,39.0,57.63,0.0,Groceries
CUST11632,Female,South,45.0,30.73,3.0,Groceries
CUST11633,Female,South,15.0,298.18,,Electronics
CUST11634,Female,North,31.0,139.29,1.0,Sports
CUST11635,Male,East,37.0,0.0,1.0,Groceries
CUST11636,Male,North,26.0,93.74,2.0,Clothing
CUST11637,Male,South,52.0,216.45,1.0,Home
CUST11638,nan,South,29.0,183.16,0.0,Sports
CUST11639,Female,East,35.0,350.05,1.0,Electronics
CUST11640,Female,North,41.0,108.01,1.0,Sports
CUST11641,Female,West,29.0,266.74,3.0,Electronics
CUST11642,Female,West,17.0,166.02,2.0,Home
CUST11643,Female,South,31.0,102.26,1.0,Clothing
CUST11644,Male,East,45.0,46.42,2.0,Groceries
CUST11645,Female,North,32.0,173.55,4.0,Sports
CUST11646,Male,North,27.0,307.97,3.0,Electronics
CUST11647,Female,South,44.0,188.02,0.0,Home
CUST11648,Female,South,32.0,57.63,,Groceries
CUST11649,Female,North,30.0,165.76,1.0,Home
CUST11650,Male,North,,122.72,0.0,Clothing
CUST11651,Male,South,43.0,30.75,2.0,Groceries
CUST11652,Male,North,59.0,41.76,1.0,Groceries
CUST11653,Male,West,43.0,91.09,5.0,Groceries
CUST11654,Male,South,47.0,289.09,2.0,Electronics
CUST11655,Female,North,30.0,36.48,1.0,Groceries
CUST11656,Female,South,25.0,197.59,2.0,Home
CUST11657,Male,East,36.0,266.88,4.0,Electronics
CUST11658,Male,South,36.0,59.52,3.0,Groceries
CUST11659,Male,South,24.0,169.41,4.0,Home
CUST11660,Female,East,33.0,208.21,2.0,Home
CUST11661,Female,West,39.0,195.81,2.0,Sports
CUST11662,Female,North,39.0,161.81,2.0,Home
CUST11663,Female,East,40.0,131.51,0.0,Clothing
CUST11664,nan,South,38.0,140.91,2.0,Groceries
CUST11665,Female,North,30.0,28.82,1.0,Groceries
CUST11666,Male,East,30.0,65.41,1.0,Groceries
CUST11667,Female,North,23.0,216.46,2.0,Home
CUST11668,Male,North,53.0,166.08,1.0,Home
CUST11669,Female,East,35.0,66.78,1.0,Groceries
CUST11670,Male,North,33.0,298.45,1.0,Electronics
CUST11671,Female,West,26.0,259.64,2.0,Electronics
CUST11672,Female,East,64.0,72.65,2.0,Clothing
CUST11673,Female,West,24.0,121.76,2.0,Sports
CUST11674,Female,South,31.0,98.29,4.0,Clothing
CUST11675,Male,North,39.0,42.31,6.0,Groceries
CUST11676,Male,South,41.0,54.38,3.0,Groceries
CUST11677,Male,South,45.0,10.48,1.0,Groceries
CUST11678,Male,North,53.0,147.52,3.0,Sports
CUST11679,Female,East,40.0,224.28,4.0,Home
CUST11680,Male,North,24.0,109.58,3.0,Sports
CUST11681,nan,South,32.0,95.17,4.0,Clothing
CUST11682,Female,South,38.0,251.28,0.0,Home
CUST11683,Female,East,56.0,194.68,2.0,Home
CUST11684,Male,North,,76.07,1.0,Clothing
CUST11685,Female,South,47.0,207.82,1.0,Home
CUST11686,Female,West,37.0,346.16,0.0,Electronics
CUST11687,Female,South,43.0,72.35,0.0,Clothing
CUST11688,Female,South,34.0,159.21,0.0,Clothing
CUST11689,Female,East,27.0,310.92,3.0,Electronics
CUST11690,Male,West,43.0,152.64,3.0,Sports
CUST11691,Female,South,,101.36,3.0,Sports
CUST11692,Male,South,45.0,126.0,1.0,Sports
CUST11693,Male,West,35.0,196.53,3.0,Home
CUST11694,Male,North,29.0,334.98,4.0,Electronics
CUST11695,Male,North,19.0,114.53,4.0,Clothing
CUST11696,Male,South,43.0,74.89,3.0,Clothing
CUST11697,Male,South,39.0,144.06,7.0,Clothing
CUST11698,nan,North,25.0,276.8,3.0,Home
CUST11699,Female,East,30.0,248.74,3.0,Home
CUST11700,nan,West,30.0,163.84,0.0,Sports
CUST11701,Male,West,20.0,202.93,1.0,Home
CUST11702,Male,East,27.0,141.61,4.0,Sports
CUST11703,Female,East,24.0,124.78,3.0,Sports
CUST11704,Male,East,31.0,85.81,2.0,Clothing
CUST11705,Male,East,28.0,219.83,1.0,Home
CUST11706,Female,East,19.0,208.72,3.0,Sports
CUST11707,Male,East,,330.07,2.0,Electronics
CUST11708,Female,West,,281.58,2.0,Electronics
CUST11709,Female,East,27.0,,2.0,Home
CUST11710,Male,North,38.0,91.45,2.0,Clothing
CUST11711,Male,East,39.0,40.04,2.0,Clothing
CUST11712,Female,East,47.0,155.9,3.0,Sports
CUST11713,Male,West,,161.21,2.0,Home
CUST11714,Male,West,46.0,332.52,3.0,Electronics
CUST11715,nan,East,30.0,155.7,1.0,Sports
CUST11716,Male,West,22.0,163.64,2.0,Sports
CUST11717,Female,South,42.0,56.31,1.0,Groceries
CUST11718,nan,West,48.0,206.83,0.0,Home
CUST11719,Male,West,61.0,163.85,3.0,Sports
CUST11720,Male,West,23.0,302.73,2.0,Electronics
CUST11721,Male,West,42.0,2.63,2.0,Groceries
CUST11722,Male,North,31.0,301.45,2.0,Electronics
CUST11723,Male,North,43.0,153.94,2.0,Clothing
CUST11724,Female,North,20.0,135.3,1.0,Groceries
CUST11725,Male,East,22.0,66.63,4.0,Groceries
CUST11726,Female,East,27.0,159.47,4.0,Sports
CUST11727,nan,South,36.0,102.35,1.0,Clothing
CUST11728,Female,North,,144.62,2.0,Sports
CUST11729,Female,East,42.0,170.62,2.0,Home
CUST11730,Male,West,45.0,272.77,3.0,Electronics
CUST11731,Female,West,41.0,351.85,4.0,Electronics
CUST11732,Female,North,51.0,150.93,2.0,Sports
CUST11733,Male,South,39.0,356.08,0.0,Electronics
CUST11734,Male,South,23.0,283.12,1.0,Electronics
CUST11735,Female,West,49.0,192.03,0.0,Home
CUST11736,Male,South,29.0,149.65,1.0,Clothing
CUST11737,Male,North,44.0,0.0,4.0,Groceries
CUST11738,Male,West,51.0,139.55,1.0,Sports
CUST11739,Male,East,40.0,200.53,7.0,Sports
CUST11740,Female,East,20.0,206.33,1.0,Home
CUST11741,Female,South,26.0,192.29,3.0,Home
CUST11742,Female,West,48.0,37.81,0.0,Groceries
CUST11743,Male,West,33.0,94.41,0.0,Clothing
CUST11744,Male,East,36.0,151.08,1.0,Sports
CUST11745,Female,West,43.0,276.37,3.0,Home
CUST11746,Male,West,,171.62,2.0,Sports
CUST11747,Male,West,38.0,268.41,0.0,Electronics
CUST11748,Female,South,33.0,160.79,2.0,Sports
CUST11749,Male,West,32.0,60.93,1.0,Clothing
CUST11750,Female,North,,54.4,4.0,Clothing
CUST11751,Male,South,,164.07,3.0,Sports
CUST11752,Male,West,32.0,254.4,0.0,Electronics
CUST11753,Male,West,46.0,74.47,,Clothing
CUST11754,nan,North,34.0,160.58,2.0,Home
CUST11755,Female,South,26.0,126.78,2.0,Sports
CUST11756,Female,East,,317.62,4.0,Electronics
CUST11757,Female,East,25.0,190.43,2.0,Home
CUST11758,Male,South,32.0,150.02,,Sports
CUST11759,Female,West,47.0,292.67,1.0,Electronics
CUST11760,Male,West,27.0,195.73,5.0,Home
CUST11761,Female,East,37.0,137.84,1.0,Clothing
CUST11762,Male,East,28.0,99.55,1.0,Sports
CUST11763,Female,East,32.0,146.17,,Sports
CUST11764,Male,North,20.0,136.92,3.0,Clothing
CUST11765,Male,East,33.0,27.09,5.0,Groceries
CUST11766,Female,North,33.0,192.72,2.0,Home
CUST11767,Male,South,40.0,138.92,3.0,Clothing
CUST11768,Male,West,37.0,,2.0,Sports
CUST11769,Male,East,,198.73,0.0,Home
CUST11770,Male,West,,229.33,1.0,Home
CUST11771,Female,West,37.0,39.51,2.0,Groceries
CUST11772,Female,East,37.0,175.86,3.0,Sports
CUST11773,Female,East,,304.47,1.0,Electronics
CUST11774,Female,South,30.0,69.91,0.0,Groceries
CUST11775,Male,North,37.0,31.78,1.0,Groceries
CUST11776,Female,North,40.0,279.71,2.0,Electronics
CUST11777,Male,West,,243.81,2.0,Electronics
CUST11778,Male,East,30.0,28.58,3.0,Groceries
CUST11779,Female,South,32.0,180.47,5.0,Home
CUST11780,Male,South,38.0,79.74,,Clothing
CUST11781,Female,South,47.0,71.3,3.0,Clothing
CUST11782,Male,South,27.0,42.7,0.0,Groceries
CUST11783,Female,South,30.0,200.25,4.0,Home
CUST11784,Female,North,30.0,305.65,4.0,Electronics
CUST11785,Female,North,27.0,33.09,1.0,Groceries
CUST11786,Female,North,32.0,123.98,3.0,Sports
CUST11787,Female,East,43.0,210.72,2.0,Home
CUST11788,Male,West,24.0,98.72,1.0,Sports
CUST11789,Female,South,39.0,163.73,2.0,Sports
CUST11790,Male,East,18.0,44.11,2.0,Groceries
CUST11791,Female,South,29.0,222.58,2.0,Home
CUST11792,Female,North,32.0,157.53,0.0,Sports
CUST11793,Female,East,52.0,147.3,0.0,Home
CUST11794,Male,North,32.0,85.61,3.0,Clothing
CUST11795,Male,South,13.0,157.7,2.0,Sports
CUST11796,Female,South,15.0,195.36,1.0,Sports
CUST11797,Male,West,35.0,221.32,3.0,Home
CUST11798,Male,South,41.0,80.8,,Clothing
CUST11799,Male,North,39.0,167.11,4.0,Sports
CUST11800,Female,South,37.0,59.79,0.0,Groceries
CUST11801,Female,West,47.0,208.56,2.0,Home
CUST11802,Male,West,30.0,164.9,,Home
CUST11803,Male,North,44.0,150.36,1.0,Sports
CUST11804,Male,East,19.0,97.17,1.0,Clothing
CUST11805,Female,South,26.0,174.4,1.0,Sports
CUST11806,Female,West,17.0,293.68,2.0,Electronics
CUST11807,Male,South,32.0,178.12,2.0,Sports
CUST11808,Male,South,35.0,302.91,2.0,Electronics
CUST11809,Male,East,,24.59,1.0,Groceries
CUST11810,Female,West,36.0,192.96,1.0,Home
CUST11811,Female,South,26.0,228.35,3.0,Home
CUST11812,Male,West,33.0,90.33,3.0,Clothing
CUST11813,Male,North,20.0,147.51,1.0,Sports
CUST11814,Male,North,49.0,89.46,3.0,Groceries
CUST11815,nan,South,,310.08,2.0,Electronics
CUST11816,Male,West,30.0,77.51,4.0,Clothing
CUST11817,Female,South,51.0,0.35,2.0,Groceries
CUST11818,Female,West,23.0,2.2,2.0,Groceries
CUST11819,Male,West,24.0,317.72,3.0,Electronics
CUST11820,Male,East,,,2.0,Electronics
CUST11821,Male,East,,,1.0,Home
CUST11822,Female,East,,167.64,3.0,Sports
CUST11823,Female,South,42.0,103.47,1.0,Clothing
CUST11824,Female,East,61.0,167.71,3.0,Sports
CUST11825,Female,East,13.0,144.24,1.0,Clothing
CUST11826,Male,North,41.0,,3.0,Groceries
CUST11827,nan,West,29.0,342.24,1.0,Electronics
CUST11828,Female,West,29.0,292.35,4.0,Electronics
CUST11829,Male,East,29.0,65.65,0.0,Groceries
CUST11830,nan,West,26.0,0.12,0.0,Groceries
CUST11831,Female,North,,,1.0,Clothing
CUST11832,Female,North,43.0,55.39,0.0,Groceries
CUST11833,Female,East,35.0,129.92,4.0,Clothing
CUST11834,Female,North,49.0,203.4,1.0,Sports
CUST11835,Female,West,20.0,251.13,3.0,Electronics
CUST11836,Male,South,22.0,286.21,0.0,Electronics
CUST11837,Male,West,13.0,304.86,2.0,Electronics
CUST11838,Female,South,28.0,110.07,1.0,Sports
CUST11839,Male,East,37.0,144.23,6.0,Sports
CUST11840,Male,South,36.0,264.87,2.0,Home
CUST11841,Male,North,36.0,87.87,1.0,Clothing
CUST11842,Male,West,21.0,82.81,4.0,Clothing
CUST11843,Female,South,43.0,246.36,4.0,Home
CUST11844,Female,West,37.0,279.51,3.0,Electronics
CUST11845,Male,East,42.0,,0.0,Clothing
CUST11846,Male,East,16.0,163.65,4.0,Clothing
CUST11847,Male,North,38.0,360.39,4.0,Electronics
CUST11848,Female,East,23.0,56.23,2.0,Groceries
CUST11849,Female,South,31.0,30.45,3.0,Groceries
CUST11850,Male,East,40.0,208.87,6.0,Home
CUST11851,Female,North,36.0,139.87,2.0,Sports
CUST11852,Female,West,26.0,122.31,3.0,Clothing
CUST11853,Female,West,35.0,78.75,3.0,Clothing
CUST11854,Female,East,20.0,169.16,4.0,Home
CUST11855,Male,South,47.0,186.7,4.0,Home
CUST11856,Female,North,33.0,61.95,5.0,Clothing
CUST11857,Male,South,,292.48,2.0,Electronics
CUST11858,Female,North,30.0,266.49,5.0,Electronics
CUST11859,Female,East,30.0,152.88,1.0,Sports
CUST11860,Female,North,27.0,176.25,2.0,Clothing
CUST11861,Female,North,44.0,62.46,2.0,Clothing
CUST11862,Male,East,28.0,69.28,1.0,Clothing
CUST11863,Female,South,41.0,,2.0,Clothing
CUST11864,nan,East,31.0,194.76,1.0,Home
CUST11865,Female,North,15.0,20.71,2.0,Groceries
CUST11866,Male,East,29.0,93.33,3.0,Clothing
CUST11867,Male,North,23.0,61.14,5.0,Groceries
CUST11868,Male,East,35.0,303.33,1.0,Electronics
CUST11869,Female,West,23.0,131.59,1.0,Sports
CUST11870,Female,West,44.0,337.62,3.0,Electronics
CUST11871,Male,East,34.0,75.89,2.0,Clothing
CUST11872,Female,South,33.0,317.99,3.0,Electronics
CUST11873,Female,North,42.0,229.94,4.0,Home
CUST11874,Female,West,45.0,46.92,4.0,Groceries
CUST11875,Female,South,35.0,136.62,3.0,Clothing
CUST11876,Female,North,27.0,182.76,5.0,Home
CUST11877,Female,West,17.0,56.75,5.0,Groceries
CUST11878,Male,West,28.0,250.23,3.0,Home
CUST11879,Female,East,29.0,309.29,,Electronics
CUST11880,Female,North,36.0,77.63,4.0,Clothing
CUST11881,Female,South,32.0,,2.0,Electronics
CUST11882,Female,South,,151.4,1.0,Sports
CUST11883,Female,South,29.0,83.82,2.0,Clothing
CUST11884,Male,North,34.0,243.99,3.0,Electronics
CUST11885,Male,South,47.0,89.7,0.0,Clothing
CUST11886,Male,South,38.0,44.29,2.0,Groceries
CUST11887,Male,South,34.0,106.59,3.0,Clothing
CUST11888,Female,East,29.0,58.81,4.0,Clothing
CUST11889,nan,East,29.0,,4.0,Groceries
CUST11890,Male,North,26.0,295.8,2.0,Electronics
CUST11891,Male,North,30.0,139.41,1.0,Clothing
CUST11892,Female,South,43.0,211.18,1.0,Home
CUST11893,Male,East,33.0,70.73,2.0,Clothing
CUST11894,Female,West,22.0,304.01,1.0,Electronics
CUST11895,Female,West,53.0,29.5,1.0,Groceries
CUST11896,Female,South,38.0,359.05,,Electronics
CUST11897,Male,South,21.0,165.48,3.0,Sports
CUST11898,Male,East,,65.01,1.0,Clothing
CUST11899,Female,East,36.0,80.12,1.0,Clothing
CUST11900,Female,East,52.0,0.0,2.0,Groceries
CUST11901,Male,North,24.0,100.86,6.0,Clothing
CUST11902,Female,North,45.0,235.57,0.0,Home
CUST11903,Male,South,49.0,187.76,2.0,Home
CUST11904,Female,North,29.0,313.49,3.0,Electronics
CUST11905,Male,East,32.0,73.5,2.0,Groceries
CUST11906,Female,East,25.0,144.46,0.0,Sports
CUST11907,Male,North,33.0,294.32,3.0,Electronics
CUST11908,Male,West,35.0,7.38,,Groceries
CUST11909,Male,South,42.0,67.1,1.0,Groceries
CUST11910,Male,West,46.0,329.39,2.0,Electronics
CUST11911,Female,South,28.0,334.69,2.0,Electronics
CUST11912,nan,West,15.0,71.77,0.0,Clothing
CUST11913,Male,North,35.0,168.78,3.0,Sports
CUST11914,Male,South,38.0,209.1,0.0,Home
CUST11915,Female,South,37.0,81.92,4.0,Clothing
CUST11916,Female,South,,84.23,1.0,Groceries
CUST11917,Female,East,36.0,167.07,2.0,Sports
CUST11918,Male,East,,124.87,6.0,Sports
CUST11919,Male,West,39.0,351.25,0.0,Electronics
CUST11920,Female,North,31.0,155.6,2.0,Sports
CUST11921,Male,East,30.0,183.38,4.0,Sports
CUST11922,Female,South,33.0,25.49,3.0,Groceries
CUST11923,Male,East,51.0,115.63,0.0,Clothing
CUST11924,Female,North,33.0,112.04,1.0,Sports
CUST11925,Male,East,35.0,312.82,4.0,Electronics
CUST11926,Female,South,30.0,131.31,1.0,Clothing
CUST11927,Female,West,46.0,264.19,2.0,Electronics
CUST11928,Female,South,55.0,,1.0,Sports
CUST11929,Male,North,40.0,105.84,2.0,Clothing
CUST11930,Female,West,36.0,135.83,0.0,Sports
CUST11931,Female,East,35.0,70.98,1.0,Groceries
CUST11932,Female,East,11.0,134.6,1.0,Clothing
CUST11933,Female,East,42.0,272.17,1.0,Electronics
CUST11934,Female,West,36.0,52.68,1.0,Groceries
CUST11935,Female,South,39.0,244.43,4.0,Home
CUST11936,Male,West,28.0,271.83,2.0,Electronics
CUST11937,Female,West,31.0,111.46,1.0,Sports
CUST11938,Female,North,31.0,280.47,2.0,Electronics
CUST11939,Male,West,45.0,165.36,1.0,Home
CUST11940,Male,East,,305.57,,Electronics
CUST11941,Male,South,56.0,60.11,7.0,Groceries
CUST11942,Female,South,39.0,361.75,3.0,Electronics
CUST11943,Female,South,22.0,126.32,3.0,Clothing
CUST11944,Female,East,34.0,209.82,0.0,Home
CUST11945,Female,East,28.0,313.42,,Electronics
CUST11946,Male,East,13.0,250.3,2.0,Home
CUST11947,Male,East,51.0,84.69,2.0,Groceries
CUST11948,Male,East,42.0,110.13,1.0,Clothing
CUST11949,Male,West,40.0,211.42,2.0,Sports
CUST11950,Male,East,37.0,,5.0,Electronics
CUST11951,Male,East,21.0,45.11,4.0,Groceries
CUST11952,Female,East,30.0,171.69,2.0,Home
CUST11953,Female,East,43.0,154.81,3.0,Home
CUST11954,nan,South,24.0,0.0,2.0,Groceries
CUST11955,Female,East,10.0,298.27,1.0,Electronics
CUST11956,Female,West,33.0,121.25,0.0,Sports
CUST11957,Male,West,34.0,329.56,3.0,Electronics
CUST11958,Female,West,36.0,92.46,3.0,Clothing
CUST11959,Female,North,42.0,230.58,3.0,Electronics
CUST11960,Male,South,41.0,117.58,1.0,Clothing
CUST11961,Male,East,38.0,171.35,,Home
CUST11962,Female,North,47.0,118.4,1.0,Clothing
CUST11963,Male,East,20.0,169.58,1.0,Sports
CUST11964,Female,North,40.0,79.31,3.0,Groceries
CUST11965,Female,North,41.0,42.22,2.0,Clothing
CUST11966,Male,West,23.0,270.86,1.0,Electronics
CUST11967,Male,West,20.0,87.78,4.0,Clothing
CUST11968,Male,North,28.0,158.21,2.0,Home
CUST11969,Male,West,,131.54,2.0,Clothing
CUST11970,Male,North,,106.38,1.0,Sports
CUST11971,Female,South,29.0,102.74,4.0,Clothing
CUST11972,Male,West,26.0,184.58,0.0,Sports
CUST11973,Female,West,29.0,306.18,1.0,Electronics
CUST11974,Male,West,46.0,168.23,3.0,Home
CUST11975,Female,South,35.0,74.4,1.0,Groceries
CUST11976,Male,North,33.0,313.23,0.0,Electronics
CUST11977,Male,East,34.0,277.78,0.0,Electronics
CUST11978,Female,West,48.0,70.08,2.0,Groceries
CUST11979,Female,North,28.0,97.31,2.0,Clothing
CUST11980,Male,South,48.0,86.19,2.0,Clothing
CUST11981,Female,East,37.0,70.19,1.0,Clothing
CUST11982,Male,West,33.0,224.89,1.0,Home
CUST11983,Female,South,60.0,270.47,3.0,Electronics
CUST11984,Male,South,24.0,135.96,5.0,Sports
CUST11985,Male,East,31.0,77.98,0.0,Groceries
CUST11986,Female,North,23.0,291.21,2.0,Electronics
CUST11987,Female,West,45.0,65.2,3.0,Clothing
CUST11988,Male,West,52.0,86.94,4.0,Groceries
CUST11989,Female,North,52.0,108.24,2.0,Sports
CUST11990,Female,North,47.0,288.12,2.0,Electronics
CUST11991,Male,North,33.0,273.61,4.0,Electronics
CUST11992,Female,East,31.0,,4.0,Home
CUST11993,Male,East,18.0,348.76,6.0,Electronics
CUST11994,Female,West,55.0,278.02,4.0,Electronics
CUST11995,Female,East,40.0,,1.0,Sports
CUST11996,Female,South,30.0,155.51,5.0,Sports
CUST11997,Male,West,48.0,61.1,2.0,Groceries
CUST11998,Male,East,25.0,117.68,2.0,Clothing
CUST11999,Male,North,39.0,119.16,1.0,Sports
CUST12000,Male,South,33.0,57.97,2.0,Groceries
CUST12001,Male,North,41.0,273.3,,Electronics
CUST12002,Female,West,34.0,55.61,1.0,Groceries
CUST12003,Male,North,20.0,19.69,0.0,Groceries
CUST12004,Male,East,36.0,30.07,1.0,Groceries
CUST12005,Female,East,45.0,92.08,1.0,Groceries
CUST12006,Male,West,35.0,127.24,1.0,Sports
CUST12007,Female,North,43.0,,0.0,Clothing
CUST12008,Male,West,25.0,15.78,2.0,Groceries
CUST12009,Female,North,35.0,236.64,1.0,Home
CUST12010,Male,South,29.0,289.89,,Electronics
CUST12011,Male,East,42.0,296.42,1.0,Electronics
CUST12012,Female,West,35.0,253.16,1.0,Electronics
CUST12013,Male,South,42.0,280.11,3.0,Electronics
CUST12014,Female,South,46.0,309.72,6.0,Electronics
CUST12015,Male,West,42.0,40.92,4.0,Groceries
CUST12016,Male,West,38.0,,1.0,Clothing
CUST12017,Female,South,25.0,176.17,1.0,Home
CUST12018,Male,North,35.0,,1.0,Sports
CUST12019,Female,South,30.0,,1.0,Home
CUST12020,nan,West,32.0,142.35,1.0,Sports
CUST12021,Female,South,31.0,133.87,3.0,Sports
CUST12022,Female,North,25.0,153.28,2.0,Home
CUST12023,Male,East,15.0,70.82,3.0,Groceries
CUST12024,Male,East,28.0,281.69,0.0,Electronics
CUST12025,Male,South,37.0,94.94,3.0,Groceries
CUST12026,Female,North,22.0,319.69,1.0,Electronics
CUST12027,nan,East,35.0,90.3,0.0,Clothing
CUST12028,Male,South,54.0,186.48,,Sports
CUST12029,Female,South,45.0,176.61,2.0,Home
CUST12030,Male,North,51.0,70.9,3.0,Clothing
CUST12031,Female,West,39.0,215.92,3.0,Electronics
CUST12032,Male,South,47.0,73.71,2.0,Groceries
CUST12033,nan,West,28.0,186.4,,Home
CUST12034,Female,West,29.0,118.58,0.0,Sports
CUST12035,Male,East,,88.44,2.0,Clothing
CUST12036,Male,West,47.0,174.56,2.0,Sports
CUST12037,Male,North,50.0,342.68,3.0,Electronics
CUST12038,Male,East,29.0,128.31,,Sports
CUST12039,Male,East,,46.43,1.0,Groceries
CUST12040,Female,East,27.0,120.91,3.0,Clothing
CUST12041,Female,South,39.0,64.03,0.0,Clothing
CUST12042,Female,South,46.0,68.12,0.0,Groceries
CUST12043,Male,West,18.0,166.19,1.0,Sports
CUST12044,Female,East,39.0,13.17,2.0,Groceries
CUST12045,Female,East,32.0,173.42,1.0,Home
CUST12046,Male,North,36.0,41.51,2.0,Groceries
CUST12047,Female,West,40.0,183.17,3.0,Sports
CUST12048,Female,North,33.0,0.0,4.0,Groceries
CUST12049,Male,West,,333.37,1.0,Electronics
CUST12050,Male,West,33.0,75.33,2.0,Groceries
CUST12051,Female,South,45.0,36.01,2.0,Groceries
CUST12052,Male,South,39.0,,4.0,Sports
CUST12053,Female,North,37.0,221.11,2.0,Home
CUST12054,Female,West,22.0,195.05,6.0,Home
CUST12055,Female,East,31.0,150.3,1.0,Sports
CUST12056,Male,South,44.0,146.94,3.0,Sports
CUST12057,Male,East,35.0,154.12,4.0,Sports
CUST12058,Female,North,42.0,294.81,2.0,Electronics
CUST12059,Female,South,53.0,76.42,4.0,Clothing
CUST12060,Male,South,45.0,2.54,4.0,Groceries
CUST12061,Female,West,36.0,134.59,0.0,Sports
CUST12062,Female,North,30.0,147.26,0.0,Sports
CUST12063,Male,West,9.0,201.44,2.0,Sports
CUST12064,Male,South,33.0,146.81,1.0,Home
CUST12065,Female,North,32.0,129.23,0.0,Sports
CUST12066,Male,South,39.0,,1.0,Groceries
CUST12067,Male,North,33.0,171.64,2.0,Sports
CUST12068,Male,South,32.0,,2.0,Groceries
CUST12069,Male,East,17.0,273.93,1.0,Electronics
CUST12070,Female,East,26.0,97.43,2.0,Clothing
CUST12071,Female,West,40.0,201.56,1.0,Home
CUST12072,Male,East,52.0,44.89,6.0,Groceries
CUST12073,Female,South,34.0,311.22,2.0,Electronics
CUST12074,Female,South,38.0,153.75,3.0,Clothing
CUST12075,Female,East,45.0,152.42,0.0,Clothing
CUST12076,Male,West,27.0,127.6,3.0,Clothing
CUST12077,Male,East,,86.22,3.0,Groceries
CUST12078,nan,North,28.0,283.73,2.0,Electronics
CUST12079,Female,North,44.0,153.15,5.0,Sports
CUST12080,Male,North,37.0,282.11,2.0,Electronics
CUST12081,Male,East,38.0,379.39,0.0,Electronics
CUST12082,Male,East,27.0,,1.0,Electronics
CUST12083,Female,East,42.0,100.13,2.0,Groceries
CUST12084,Female,North,56.0,59.01,5.0,Groceries
CUST12085,Female,West,25.0,59.63,4.0,Groceries
CUST12086,Male,South,32.0,334.94,2.0,Electronics
CUST12087,Female,East,37.0,38.18,2.0,Groceries
CUST12088,Female,West,43.0,123.69,1.0,Clothing
CUST12089,Male,South,29.0,37.07,1.0,Groceries
CUST12090,Female,South,7.0,,,Home
CUST12091,nan,South,49.0,103.93,1.0,Groceries
CUST12092,Male,West,43.0,63.4,0.0,Groceries
CUST12093,Female,West,18.0,30.34,1.0,Groceries
CUST12094,Male,North,29.0,0.0,3.0,Groceries
CUST12095,Female,West,51.0,157.5,2.0,Home
CUST12096,Female,West,49.0,151.01,1.0,Sports
CUST12097,Female,West,44.0,16.85,1.0,Groceries
CUST12098,Female,South,33.0,71.17,3.0,Clothing
CUST12099,Male,East,36.0,206.31,2.0,Home
CUST12100,Female,North,34.0,178.72,1.0,Sports
CUST12101,Female,East,46.0,54.58,1.0,Groceries
CUST12102,Male,East,26.0,130.55,2.0,Sports
CUST12103,Female,West,27.0,88.3,2.0,Clothing
CUST12104,Female,North,45.0,186.75,1.0,Home
CUST12105,Male,East,35.0,194.62,6.0,Home
CUST12106,Female,East,49.0,99.24,1.0,Sports
CUST12107,Female,North,28.0,94.84,1.0,Groceries
CUST12108,Male,West,34.0,312.72,0.0,Electronics
CUST12109,nan,East,26.0,190.83,1.0,Home
CUST12110,Male,South,35.0,340.45,0.0,Electronics
CUST12111,Male,East,20.0,211.26,4.0,Home
CUST12112,Male,South,,74.41,8.0,Groceries
CUST12113,Female,West,21.0,45.76,2.0,Groceries
CUST12114,Female,East,42.0,208.39,0.0,Home
CUST12115,Male,North,42.0,172.2,2.0,Sports
CUST12116,Male,North,18.0,55.23,1.0,Groceries
CUST12117,Female,East,48.0,61.2,1.0,Groceries
CUST12118,Male,West,60.0,137.75,1.0,Clothing
CUST12119,Female,West,35.0,69.36,0.0,Groceries
CUST12120,Female,North,29.0,144.75,2.0,Clothing
CUST12121,Female,East,63.0,62.24,0.0,Groceries
CUST12122,nan,West,22.0,71.09,3.0,Groceries
CUST12123,Male,North,35.0,,1.0,Sports
CUST12124,nan,South,37.0,148.64,3.0,Sports
CUST12125,Female,East,48.0,73.05,3.0,Groceries
CUST12126,Female,South,39.0,186.34,4.0,Home
CUST12127,Male,South,30.0,211.23,1.0,Home
CUST12128,Female,West,25.0,98.03,1.0,Groceries
CUST12129,Male,West,32.0,168.09,,Home
CUST12130,Male,West,25.0,37.87,1.0,Groceries
CUST12131,Male,East,35.0,109.84,2.0,Sports
CUST12132,Female,South,29.0,314.62,2.0,Electronics
CUST12133,Female,East,20.0,93.07,1.0,Clothing
CUST12134,Female,West,,162.39,4.0,Home
CUST12135,Female,South,30.0,188.1,3.0,Home
CUST12136,Male,East,,131.52,1.0,Sports
CUST12137,Female,East,33.0,238.58,1.0,Home
CUST12138,Male,North,36.0,63.7,2.0,Groceries
CUST12139,Female,East,18.0,87.02,4.0,Groceries
CUST12140,Female,West,38.0,351.79,2.0,Electronics
CUST12141,Female,East,25.0,309.04,2.0,Electronics
CUST12142,Female,South,52.0,272.26,2.0,Electronics
CUST12143,Male,East,40.0,60.55,2.0,Groceries
CUST12144,Male,North,31.0,277.6,2.0,Electronics
CUST12145,Female,South,28.0,293.6,,Electronics
CUST12146,Male,South,34.0,55.21,2.0,Groceries
CUST12147,Male,North,41.0,,3.0,Sports
CUST12148,Female,West,35.0,190.79,1.0,Home
CUST12149,Female,South,33.0,77.97,6.0,Clothing
CUST12150,Male,West,36.0,26.96,1.0,Groceries
CUST12151,Male,South,29.0,16.08,1.0,Groceries
CUST12152,Female,South,32.0,86.54,3.0,Clothing
CUST12153,Female,West,14.0,118.72,4.0,Clothing
CUST12154,Male,South,45.0,,3.0,Electronics
CUST12155,Male,West,38.0,50.82,2.0,Clothing
CUST12156,Male,North,27.0,127.15,2.0,Home
CUST12157,Male,West,54.0,212.74,1.0,Home
CUST12158,Male,North,36.0,226.63,0.0,Home
CUST12159,Female,South,25.0,163.55,1.0,Home
CUST12160,Female,West,44.0,164.15,2.0,Home
CUST12161,Female,South,39.0,284.48,3.0,Electronics
CUST12162,Male,West,39.0,78.85,1.0,Groceries
CUST12163,Female,North,31.0,106.92,1.0,Clothing
CUST12164,Male,North,40.0,86.71,5.0,Groceries
CUST12165,nan,West,,64.03,2.0,Clothing
CUST12166,Female,North,,256.99,2.0,Electronics
CUST12167,Male,South,,333.64,,Electronics
CUST12168,Female,South,31.0,150.06,2.0,Sports
CUST12169,Male,East,52.0,169.12,5.0,Sports
CUST12170,Female,North,27.0,328.17,1.0,Electronics
CUST12171,Male,South,,339.06,1.0,Electronics
CUST12172,Male,West,31.0,108.91,3.0,Clothing
CUST12173,Female,North,23.0,305.67,2.0,Electronics
CUST12174,Male,South,,52.78,2.0,Groceries
CUST12175,Female,North,33.0,76.28,2.0,Clothing
CUST12176,Male,West,,333.75,2.0,Electronics
CUST12177,Female,South,34.0,146.31,,Clothing
CUST12178,Female,East,34.0,61.18,1.0,Clothing
CUST12179,Female,East,35.0,196.57,3.0,Home
CUST12180,Male,North,45.0,172.55,3.0,Sports
CUST12181,Male,West,33.0,85.71,1.0,Clothing
CUST12182,Male,South,29.0,94.92,1.0,Clothing
CUST12183,Male,West,32.0,133.38,1.0,Home
CUST12184,Female,South,41.0,314.0,3.0,Electronics
CUST12185,Female,North,49.0,67.2,4.0,Clothing
CUST12186,Female,South,29.0,173.18,1.0,Home
CUST12187,Female,West,36.0,55.58,2.0,Groceries
CUST12188,Female,West,38.0,254.44,1.0,Home
CUST12189,Female,North,,,0.0,Sports
CUST12190,Male,West,35.0,116.32,2.0,Sports
CUST12191,Female,South,,347.31,1.0,Electronics
CUST12192,Female,North,17.0,304.76,3.0,Electronics
CUST12193,Female,South,39.0,136.65,3.0,Sports
CUST12194,Male,West,31.0,,4.0,Sports
CUST12195,Male,North,37.0,118.59,6.0,Clothing
CUST12196,Male,South,35.0,174.96,3.0,Sports
CUST12197,Female,West,25.0,347.51,3.0,Electronics
CUST12198,Female,West,35.0,209.81,2.0,Sports
CUST12199,Male,East,23.0,289.95,1.0,Electronics
CUST12200,nan,West,49.0,55.85,1.0,Groceries
CUST12201,Male,South,21.0,151.9,2.0,Sports
CUST12202,Male,North,,301.86,3.0,Electronics
CUST12203,Male,East,25.0,215.46,2.0,Home
CUST12204,Female,West,41.0,56.53,2.0,Clothing
CUST12205,Female,West,32.0,323.02,2.0,Electronics
CUST12206,Male,West,30.0,126.03,1.0,Sports
CUST12207,Female,South,44.0,149.55,4.0,Sports
CUST12208,Male,East,35.0,37.37,1.0,Groceries
CUST12209,Female,South,40.0,134.29,1.0,Home
CUST12210,Female,East,25.0,347.19,3.0,Electronics
CUST12211,Female,North,,194.32,3.0,Home
CUST12212,Male,South,36.0,0.0,3.0,Groceries
CUST12213,nan,South,32.0,90.22,0.0,Clothing
CUST12214,Female,North,41.0,184.26,2.0,Home
CUST12215,Male,East,34.0,38.11,6.0,Groceries
CUST12216,Female,West,37.0,317.6,3.0,Electronics
CUST12217,Male,North,19.0,106.85,0.0,Clothing
CUST12218,Female,West,54.0,190.04,3.0,Sports
CUST12219,Male,West,33.0,23.59,3.0,Groceries
CUST12220,Female,North,42.0,166.25,1.0,Sports
CUST12221,Female,East,27.0,60.84,1.0,Clothing
CUST12222,Male,West,38.0,0.0,1.0,Groceries
CUST12223,Male,North,22.0,78.59,0.0,Groceries
CUST12224,Male,South,40.0,95.69,4.0,Clothing
CUST12225,Male,South,31.0,208.41,1.0,Electronics
CUST12226,Male,South,35.0,29.7,2.0,Groceries
CUST12227,Female,North,42.0,159.84,1.0,Clothing
CUST12228,Male,South,23.0,205.37,3.0,Home
CUST12229,Male,West,28.0,178.01,1.0,Sports
CUST12230,Female,South,40.0,39.46,0.0,Groceries
CUST12231,Male,South,56.0,212.95,2.0,Home
CUST12232,Female,West,34.0,66.23,2.0,Groceries
CUST12233,Female,South,41.0,279.16,1.0,Electronics
CUST12234,Female,West,34.0,91.78,1.0,Clothing
CUST12235,Female,South,54.0,94.17,2.0,Groceries
CUST12236,Female,West,18.0,70.33,3.0,Clothing
CUST12237,Male,South,36.0,37.81,2.0,Groceries
CUST12238,Male,West,19.0,327.5,1.0,Electronics
CUST12239,Male,North,10.0,326.85,4.0,Electronics
CUST12240,Female,West,38.0,204.4,2.0,Home
CUST12241,Male,South,,277.18,3.0,Electronics
CUST12242,Female,South,32.0,40.69,2.0,Clothing
CUST12243,nan,East,34.0,313.76,1.0,Electronics
CUST12244,Female,West,66.0,88.92,2.0,Groceries
CUST12245,Female,North,32.0,319.62,6.0,Electronics
CUST12246,Male,West,40.0,83.32,2.0,Clothing
CUST12247,Female,West,29.0,17.24,1.0,Groceries
CUST12248,Female,North,38.0,,3.0,Home
CUST12249,Male,West,33.0,207.42,1.0,Home
CUST12250,Male,North,31.0,222.93,3.0,Home
CUST12251,Female,North,53.0,31.17,1.0,Groceries
CUST12252,Female,West,47.0,227.52,2.0,Home
CUST12253,Female,West,36.0,326.66,2.0,Electronics
CUST12254,Female,South,12.0,53.42,1.0,Groceries
CUST12255,Female,South,31.0,73.12,2.0,Groceries
CUST12256,Female,East,62.0,94.12,3.0,Groceries
CUST12257,Male,East,33.0,171.98,2.0,Sports
CUST12258,Male,West,46.0,116.11,1.0,Clothing
CUST12259,Male,North,49.0,182.41,0.0,Sports
CUST12260,Female,East,37.0,200.91,1.0,Sports
CUST12261,Female,West,27.0,124.63,3.0,Sports
CUST12262,Female,East,11.0,100.38,0.0,Clothing
CUST12263,Male,North,42.0,189.18,2.0,Sports
CUST12264,Female,West,27.0,237.01,2.0,Home
CUST12265,Female,North,37.0,49.2,,Groceries
CUST12266,Female,West,23.0,32.91,0.0,Groceries
CUST12267,Female,East,32.0,333.42,1.0,Electronics
CUST12268,Male,South,35.0,234.7,2.0,Home
CUST12269,Female,East,38.0,136.3,2.0,Clothing
CUST12270,Male,East,24.0,44.89,,Groceries
CUST12271,Male,South,47.0,225.67,2.0,Sports
CUST12272,Female,South,,275.26,1.0,Electronics
CUST12273,Female,West,18.0,288.07,2.0,Electronics
CUST12274,Female,West,34.0,13.65,2.0,Groceries
CUST12275,Female,North,35.0,189.5,1.0,Home
CUST12276,Female,North,37.0,263.16,2.0,Electronics
CUST12277,Female,East,49.0,51.94,0.0,Groceries
CUST12278,Female,South,33.0,199.42,1.0,Home
CUST12279,Male,North,34.0,56.13,,Groceries
CUST12280,Male,East,24.0,79.46,0.0,Groceries
CUST12281,Male,South,43.0,249.51,2.0,Home
CUST12282,Male,West,37.0,199.43,0.0,Home
CUST12283,Male,East,31.0,237.31,2.0,Home
CUST12284,Male,West,16.0,70.69,1.0,Groceries
CUST12285,Male,North,49.0,333.39,2.0,Electronics
CUST12286,nan,North,,96.5,0.0,Clothing
CUST12287,Male,South,,71.57,0.0,Clothing
CUST12288,Female,East,39.0,56.43,3.0,Groceries
CUST12289,Male,West,23.0,,6.0,Groceries
CUST12290,Female,South,20.0,286.53,1.0,Electronics
CUST12291,Male,North,14.0,175.48,3.0,Home
CUST12292,Male,North,42.0,102.82,1.0,Groceries
CUST12293,Female,East,30.0,150.1,1.0,Sports
CUST12294,Male,West,,165.86,1.0,Home
CUST12295,Male,East,25.0,96.8,4.0,Groceries
CUST12296,Male,West,26.0,105.78,6.0,Sports
CUST12297,Male,West,29.0,285.68,2.0,Electronics
CUST12298,Male,East,37.0,175.8,2.0,Sports
CUST12299,Male,South,30.0,2.33,2.0,Groceries
CUST12300,Female,East,,148.36,5.0,Clothing
CUST12301,Female,East,25.0,60.03,3.0,Groceries
CUST12302,Female,North,21.0,110.19,4.0,Clothing
CUST12303,Male,North,17.0,315.52,0.0,Electronics
CUST12304,Female,East,13.0,311.86,1.0,Electronics
CUST12305,Male,East,30.0,229.18,1.0,Home
CUST12306,Male,North,32.0,229.5,5.0,Home
CUST12307,Female,West,29.0,104.09,1.0,Clothing
CUST12308,Male,East,47.0,115.07,3.0,Clothing
CUST12309,Male,South,47.0,321.08,3.0,Electronics
CUST12310,Female,South,32.0,121.79,2.0,Sports
CUST12311,Female,South,17.0,106.88,1.0,Clothing
CUST12312,Female,East,29.0,83.18,0.0,Clothing
CUST12313,Female,West,29.0,183.62,4.0,Sports
CUST12314,nan,West,,215.47,6.0,Home
CUST12315,Male,North,28.0,178.2,3.0,Home
CUST12316,Male,East,28.0,119.52,2.0,Clothing
CUST12317,Male,West,31.0,221.03,1.0,Home
CUST12318,Male,East,29.0,217.51,,Home
CUST12319,Male,North,,206.86,,Home
CUST12320,Female,North,,279.74,2.0,Electronics
CUST12321,Female,North,26.0,46.03,0.0,Groceries
CUST12322,Female,South,48.0,68.72,3.0,Clothing
CUST12323,Male,East,25.0,96.07,1.0,Clothing
CUST12324,Female,North,19.0,304.79,2.0,Electronics
CUST12325,Female,East,,66.83,3.0,Groceries
CUST12326,Female,South,27.0,62.9,2.0,Groceries
CUST12327,Male,South,38.0,,4.0,Electronics
CUST12328,Female,North,11.0,154.6,1.0,Sports
CUST12329,Male,North,49.0,139.67,2.0,Sports
CUST12330,Male,West,42.0,56.61,4.0,Groceries
CUST12331,Male,East,20.0,105.84,0.0,Sports
CUST12332,Female,North,20.0,147.95,4.0,Sports
CUST12333,Female,West,52.0,135.98,0.0,Sports
CUST12334,Male,East,,35.3,,Groceries
CUST12335,Male,North,27.0,172.39,5.0,Sports
CUST12336,Male,West,12.0,105.6,5.0,Clothing
CUST12337,Male,West,31.0,0.0,3.0,Groceries
CUST12338,Male,East,33.0,329.08,2.0,Electronics
CUST12339,Male,West,42.0,67.34,0.0,Sports
CUST12340,Female,East,21.0,219.86,4.0,Home
CUST12341,Male,East,20.0,79.81,2.0,Groceries
CUST12342,Male,East,40.0,310.47,2.0,Electronics
CUST12343,Male,South,45.0,81.57,0.0,Clothing
CUST12344,Female,West,19.0,285.93,1.0,Electronics
CUST12345,Female,East,46.0,123.01,2.0,Sports
CUST12346,Female,North,35.0,191.64,2.0,Home
CUST12347,Male,South,46.0,150.56,1.0,Sports
CUST12348,Female,South,34.0,285.17,3.0,Electronics
CUST12349,Male,West,10.0,78.74,2.0,Groceries
CUST12350,Female,East,33.0,213.66,3.0,Home
CUST12351,Female,West,46.0,154.28,2.0,Home
CUST12352,Female,South,26.0,,,Electronics
CUST12353,Female,East,31.0,131.38,1.0,Sports
CUST12354,Female,North,33.0,289.19,1.0,Electronics
CUST12355,Male,East,6.0,203.6,2.0,Home
CUST12356,Female,South,52.0,324.44,2.0,Electronics
CUST12357,Male,North,26.0,183.86,5.0,Home
CUST12358,Female,East,40.0,150.96,3.0,Sports
CUST12359,Male,North,34.0,55.26,0.0,Groceries
CUST12360,Male,North,48.0,12.63,1.0,Groceries
CUST12361,Male,South,39.0,267.49,1.0,Electronics
CUST12362,Male,North,33.0,188.74,0.0,Home
CUST12363,Female,West,26.0,96.37,4.0,Groceries
CUST12364,Female,South,43.0,176.92,0.0,Home
CUST12365,Male,West,16.0,129.88,2.0,Sports
CUST12366,Male,North,41.0,299.5,3.0,Electronics
CUST12367,Female,West,24.0,240.99,2.0,Home
CUST12368,Male,East,48.0,356.2,3.0,Electronics
CUST12369,Female,North,37.0,217.63,2.0,Home
CUST12370,Female,East,41.0,185.9,5.0,Home
CUST12371,Female,West,,149.28,0.0,Sports
CUST12372,Female,East,17.0,301.01,2.0,Electronics
CUST12373,Male,North,,120.16,2.0,Clothing
CUST12374,Female,East,,186.92,1.0,Home
CUST12375,Male,West,37.0,227.07,1.0,Home
CUST12376,Male,West,47.0,65.01,4.0,Groceries
CUST12377,Female,West,39.0,308.52,0.0,Electronics
CUST12378,Male,North,,67.93,1.0,Clothing
CUST12379,Female,West,27.0,138.77,2.0,Sports
CUST12380,Female,North,,134.71,1.0,Clothing
CUST12381,Female,East,12.0,169.33,3.0,Sports
CUST12382,Female,West,52.0,70.98,1.0,Clothing
CUST12383,Male,East,39.0,105.13,1.0,Clothing
CUST12384,Male,South,47.0,295.17,3.0,Electronics
CUST12385,Female,East,19.0,21.28,3.0,Groceries
CUST12386,Male,South,47.0,86.57,3.0,Clothing
CUST12387,Female,East,57.0,168.19,5.0,Home
CUST12388,Female,North,22.0,246.0,,Home
CUST12389,Female,East,43.0,212.46,0.0,Home
CUST12390,Male,North,35.0,73.55,1.0,Groceries
CUST12391,Male,North,20.0,125.82,1.0,Clothing
CUST12392,Male,West,,165.17,2.0,Sports
CUST12393,Male,North,43.0,109.24,3.0,Sports
CUST12394,Female,South,29.0,317.82,2.0,Electronics
CUST12395,Male,West,47.0,56.8,2.0,Groceries
CUST12396,Male,West,18.0,153.68,5.0,Clothing
CUST12397,Male,East,20.0,206.8,2.0,Home
CUST12398,Female,North,36.0,40.58,6.0,Groceries
CUST12399,Female,North,35.0,71.97,2.0,Groceries
CUST12400,Male,South,28.0,123.42,5.0,Clothing
CUST12401,Male,East,43.0,312.83,2.0,Electronics
CUST12402,Male,East,40.0,334.4,2.0,Electronics
CUST12403,Male,West,44.0,218.53,3.0,Electronics
CUST12404,Female,West,34.0,207.64,,Home
CUST12405,Female,West,41.0,198.9,3.0,Home
CUST12406,Male,South,31.0,102.46,3.0,Clothing
CUST12407,Male,South,56.0,304.31,1.0,Electronics
CUST12408,nan,West,27.0,99.47,2.0,Clothing
CUST12409,Male,East,56.0,304.79,0.0,Electronics
CUST12410,Female,South,35.0,68.35,1.0,Groceries
CUST12411,Male,East,21.0,127.67,0.0,Sports
CUST12412,Female,East,49.0,224.97,1.0,Sports
CUST12413,Male,North,36.0,313.57,2.0,Electronics
CUST12414,Female,West,44.0,87.6,4.0,Clothing
CUST12415,nan,North,47.0,225.91,0.0,Home
CUST12416,Male,West,38.0,292.55,0.0,Electronics
CUST12417,Male,West,29.0,,2.0,Electronics
CUST12418,Male,East,45.0,189.92,4.0,Home
CUST12419,Male,West,35.0,301.56,2.0,Electronics
CUST12420,Male,East,42.0,103.76,1.0,Groceries
CUST12421,Male,East,,215.4,2.0,Home
CUST12422,Female,West,39.0,45.21,1.0,Groceries
CUST12423,Male,East,29.0,134.65,4.0,Sports
CUST12424,Male,East,,193.68,1.0,Home
CUST12425,Female,East,41.0,272.88,4.0,Home
CUST12426,Male,South,37.0,,5.0,Clothing
CUST12427,Female,East,40.0,121.4,2.0,Clothing
CUST12428,Male,South,25.0,169.97,0.0,Home
CUST12429,Female,South,51.0,126.94,2.0,Sports
CUST12430,Female,East,55.0,284.8,5.0,Electronics
CUST12431,Female,East,39.0,93.94,0.0,Clothing
CUST12432,nan,South,51.0,,2.0,Sports
CUST12433,Male,South,29.0,171.7,3.0,Sports
CUST12434,nan,East,,69.76,1.0,Clothing
CUST12435,Male,East,35.0,302.19,5.0,Electronics
CUST12436,Male,West,39.0,146.22,2.0,Clothing
CUST12437,Male,South,31.0,187.95,0.0,Sports
CUST12438,Female,South,40.0,63.23,1.0,Groceries
CUST12439,Male,West,38.0,87.98,2.0,Clothing
CUST12440,Female,South,25.0,151.0,3.0,Sports
CUST12441,Female,North,,93.45,2.0,Clothing
CUST12442,Female,South,44.0,167.15,0.0,Sports
CUST12443,Female,West,37.0,250.67,3.0,Electronics
CUST12444,Male,North,47.0,190.83,2.0,Sports
CUST12445,Male,East,23.0,212.05,,Home
CUST12446,Male,West,40.0,48.82,2.0,Groceries
CUST12447,Male,West,23.0,187.89,6.0,Sports
CUST12448,Male,East,24.0,127.84,4.0,Clothing
CUST12449,Male,West,29.0,141.3,1.0,Clothing
CUST12450,Male,South,26.0,,1.0,Sports
CUST12451,nan,East,30.0,178.27,6.0,Home
CUST12452,Female,West,33.0,113.46,4.0,Sports
CUST12453,Male,East,43.0,304.22,1.0,Electronics
CUST12454,Female,East,32.0,175.38,2.0,Home
CUST12455,Male,East,19.0,140.99,3.0,Sports
CUST12456,Male,North,46.0,35.38,2.0,Groceries
CUST12457,Female,West,27.0,,1.0,Home
CUST12458,Female,North,34.0,191.75,2.0,Sports
CUST12459,Male,West,39.0,62.74,,Groceries
CUST12460,nan,South,,164.24,0.0,Sports
CUST12461,Female,South,46.0,282.8,3.0,Electronics
CUST12462,Female,South,40.0,83.21,7.0,Clothing
CUST12463,Female,West,26.0,,0.0,Sports
CUST12464,Female,East,57.0,206.43,2.0,Home
CUST12465,Male,East,37.0,166.4,3.0,Sports
CUST12466,Male,North,34.0,173.66,3.0,Sports
CUST12467,Male,North,,,,Sports
CUST12468,Male,South,37.0,99.37,3.0,Sports
CUST12469,Female,North,39.0,197.7,2.0,Home
CUST12470,Male,West,60.0,221.74,2.0,Home
CUST12471,nan,West,32.0,119.73,3.0,Sports
CUST12472,Female,North,32.0,64.82,3.0,Clothing
CUST12473,Female,North,36.0,,2.0,Sports
CUST12474,Female,North,46.0,181.55,1.0,Home
CUST12475,Female,North,20.0,264.97,3.0,Electronics
CUST12476,Male,South,15.0,146.92,0.0,Sports
CUST12477,Female,South,29.0,152.78,0.0,Sports
CUST12478,Male,North,19.0,139.61,3.0,Sports
CUST12479,Female,West,31.0,189.92,5.0,Sports
CUST12480,Male,South,40.0,17.83,3.0,Groceries
CUST12481,Female,West,,141.48,4.0,Sports
CUST12482,Female,East,21.0,183.83,7.0,Home
CUST12483,Male,West,36.0,197.81,3.0,Home
CUST12484,Male,North,,24.49,0.0,Groceries
CUST12485,nan,East,18.0,143.57,1.0,Sports
CUST12486,Female,South,43.0,58.31,0.0,Clothing
CUST12487,Female,South,43.0,189.94,3.0,Sports
CUST12488,Female,East,45.0,202.96,0.0,Home
CUST12489,Male,West,47.0,,4.0,Electronics
CUST12490,Male,South,,294.6,2.0,Electronics
CUST12491,Male,North,,54.49,1.0,Clothing
CUST12492,Female,East,36.0,203.86,3.0,Sports
CUST12493,Male,North,31.0,15.84,5.0,Groceries
CUST12494,Female,East,35.0,129.33,3.0,Sports
CUST12495,Female,South,50.0,107.29,0.0,Clothing
CUST12496,Female,West,22.0,42.53,,Clothing
CUST12497,Female,East,26.0,149.77,0.0,Clothing
CUST12498,nan,East,49.0,322.62,3.0,Electronics
CUST12499,Male,North,45.0,140.37,4.0,Sports
CUST12500,Female,South,31.0,156.3,2.0,Sports
CUST12501,Female,North,44.0,67.46,2.0,Groceries
CUST12502,Female,South,38.0,125.66,0.0,Clothing
CUST12503,Female,North,50.0,57.53,1.0,Clothing
CUST12504,Male,East,36.0,214.31,3.0,Home
CUST12505,Male,North,45.0,186.6,1.0,Home
CUST12506,Female,West,,,0.0,Electronics
CUST12507,Male,South,41.0,188.69,3.0,Sports
CUST12508,Female,South,35.0,29.68,1.0,Groceries
CUST12509,Female,East,,53.58,2.0,Groceries
CUST12510,Male,South,,181.12,1.0,Clothing
CUST12511,Female,West,59.0,27.99,0.0,Groceries
CUST12512,Male,North,37.0,115.93,3.0,Clothing
CUST12513,Female,East,32.0,205.67,4.0,Sports
CUST12514,Female,West,27.0,78.43,2.0,Groceries
CUST12515,Female,South,46.0,147.4,3.0,Clothing
CUST12516,Male,South,44.0,163.07,,Sports
CUST12517,Male,West,30.0,150.97,2.0,Sports
CUST12518,Female,North,41.0,90.3,3.0,Clothing
CUST12519,Female,North,20.0,65.63,4.0,Clothing
CUST12520,Female,East,37.0,256.01,4.0,Electronics
CUST12521,Male,South,40.0,213.85,3.0,Sports
CUST12522,Male,West,52.0,142.99,2.0,Clothing
CUST12523,Male,North,27.0,170.82,2.0,Sports
CUST12524,Female,East,22.0,75.25,1.0,Groceries
CUST12525,Male,South,26.0,170.66,2.0,Home
CUST12526,Male,South,22.0,190.37,3.0,Home
CUST12527,Female,East,48.0,82.63,1.0,Clothing
CUST12528,Male,East,50.0,97.68,4.0,Clothing
CUST12529,nan,North,38.0,125.39,2.0,Sports
CUST12530,Female,West,47.0,128.41,1.0,Clothing
CUST12531,Female,South,36.0,114.65,1.0,Sports
CUST12532,Male,West,34.0,84.05,0.0,Clothing
CUST12533,Male,South,32.0,199.0,2.0,Sports
CUST12534,Female,South,32.0,151.8,1.0,Clothing
CUST12535,Female,West,20.0,346.29,3.0,Electronics
CUST12536,Female,East,38.0,156.77,1.0,Sports
CUST12537,Male,North,35.0,281.83,3.0,Electronics
CUST12538,Female,South,42.0,238.02,2.0,Electronics
CUST12539,Female,East,36.0,350.9,2.0,Electronics
CUST12540,Female,South,33.0,340.43,1.0,Electronics
CUST12541,Female,North,26.0,42.3,1.0,Groceries
CUST12542,Female,South,36.0,,1.0,Home
CUST12543,Female,North,42.0,63.29,8.0,Groceries
CUST12544,Male,North,24.0,,2.0,Clothing
CUST12545,Female,South,36.0,112.54,2.0,Clothing
CUST12546,Male,South,37.0,221.47,1.0,Home
CUST12547,Male,North,28.0,184.97,2.0,Home
CUST12548,Male,East,29.0,,2.0,Home
CUST12549,Male,West,37.0,317.49,0.0,Electronics
CUST12550,Male,North,24.0,18.27,1.0,Groceries
CUST12551,Male,South,38.0,84.04,2.0,Clothing
CUST12552,Female,South,26.0,75.63,,Groceries
CUST12553,Female,East,46.0,21.28,0.0,Groceries
CUST12554,Male,West,58.0,112.13,5.0,Groceries
CUST12555,Female,North,26.0,232.17,0.0,Home
CUST12556,Female,North,40.0,206.11,2.0,Home
CUST12557,Male,West,28.0,70.54,1.0,Clothing
CUST12558,Male,North,45.0,136.12,2.0,Clothing
CUST12559,Female,West,22.0,100.35,1.0,Clothing
CUST12560,Female,South,40.0,72.8,4.0,Groceries
CUST12561,Female,West,26.0,141.67,0.0,Home
CUST12562,Male,North,33.0,237.9,2.0,Electronics
CUST12563,Male,West,25.0,48.28,3.0,Groceries
CUST12564,Male,East,43.0,142.52,2.0,Sports
CUST12565,Male,South,27.0,81.99,0.0,Groceries
CUST12566,Male,South,41.0,,0.0,Home
CUST12567,Male,West,32.0,161.06,2.0,Sports
CUST12568,Female,North,34.0,40.26,3.0,Groceries
CUST12569,Female,East,36.0,152.25,3.0,Home
CUST12570,Male,South,27.0,215.32,4.0,Home
CUST12571,Female,South,37.0,242.32,0.0,Electronics
CUST12572,Male,North,50.0,46.68,3.0,Groceries
CUST12573,Male,North,,216.67,3.0,Home
CUST12574,Male,East,47.0,112.89,3.0,Clothing
CUST12575,Female,West,50.0,213.1,,Home
CUST12576,nan,North,27.0,289.46,3.0,Electronics
CUST12577,Female,West,20.0,211.09,3.0,Home
CUST12578,Male,East,38.0,33.76,3.0,Groceries
CUST12579,Female,West,30.0,72.73,1.0,Groceries
CUST12580,Male,South,54.0,174.77,5.0,Sports
CUST12581,Female,West,35.0,29.41,2.0,Groceries
CUST12582,Female,East,,127.24,1.0,Sports
CUST12583,Male,East,24.0,87.98,0.0,Clothing
CUST12584,Female,East,46.0,290.38,2.0,Electronics
CUST12585,Female,West,29.0,91.32,2.0,Clothing
CUST12586,Male,South,35.0,,1.0,Sports
CUST12587,Female,North,45.0,231.01,1.0,Home
CUST12588,Male,South,30.0,168.68,1.0,Home
CUST12589,Female,West,35.0,96.78,3.0,Clothing
CUST12590,Female,West,35.0,172.86,0.0,Home
CUST12591,Female,North,42.0,139.95,2.0,Sports
CUST12592,Female,West,41.0,280.89,1.0,Electronics
CUST12593,Female,East,33.0,41.85,2.0,Groceries
CUST12594,Male,East,36.0,103.8,2.0,Sports
CUST12595,Female,East,31.0,135.99,4.0,Sports
CUST12596,Male,East,20.0,,3.0,Groceries
CUST12597,Female,East,38.0,7.94,1.0,Groceries
CUST12598,Male,West,54.0,323.72,3.0,Electronics
CUST12599,Male,North,26.0,,3.0,Electronics
CUST12600,Female,North,27.0,,3.0,Electronics
CUST12601,Male,East,26.0,234.61,3.0,Home
CUST12602,Female,West,42.0,136.99,3.0,Sports
CUST12603,Male,South,39.0,0.0,2.0,Groceries
CUST12604,Male,South,33.0,101.25,1.0,Sports
CUST12605,Female,West,26.0,138.49,2.0,Sports
CUST12606,Male,East,36.0,277.09,1.0,Electronics
CUST12607,Male,North,19.0,284.32,1.0,Electronics
CUST12608,Female,West,36.0,139.88,3.0,Sports
CUST12609,Male,South,44.0,312.73,3.0,Electronics
CUST12610,Female,South,,150.19,3.0,Home
CUST12611,Male,South,20.0,58.66,1.0,Groceries
CUST12612,Male,East,51.0,106.29,2.0,Sports
CUST12613,Female,South,29.0,38.67,6.0,Groceries
CUST12614,Male,West,46.0,223.68,,Home
CUST12615,Male,West,33.0,283.12,4.0,Electronics
CUST12616,Male,South,33.0,109.2,2.0,Clothing
CUST12617,Male,West,39.0,191.04,2.0,Home
CUST12618,Female,South,26.0,165.73,5.0,Clothing
CUST12619,Male,South,,93.96,2.0,Groceries
CUST12620,Female,North,31.0,176.57,1.0,Sports
CUST12621,Female,East,22.0,301.4,2.0,Electronics
CUST12622,Male,East,38.0,257.79,3.0,Home
CUST12623,Female,North,32.0,332.03,1.0,Electronics
CUST12624,Male,North,,118.06,1.0,Clothing
CUST12625,nan,East,23.0,154.3,,Clothing
CUST12626,Male,South,51.0,197.86,2.0,Sports
CUST12627,Female,South,44.0,185.69,2.0,Clothing
CUST12628,Female,East,45.0,145.57,0.0,Sports
CUST12629,Male,South,32.0,,3.0,Home
CUST12630,Female,North,18.0,119.93,2.0,Sports
CUST12631,Female,South,55.0,122.75,2.0,Clothing
CUST12632,Male,South,34.0,108.6,2.0,Groceries
CUST12633,Male,West,,,3.0,Sports
CUST12634,Female,West,39.0,264.0,2.0,Electronics
CUST12635,Female,West,47.0,48.66,1.0,Groceries
CUST12636,nan,South,35.0,148.85,4.0,Sports
CUST12637,Female,East,48.0,270.8,,Electronics
CUST12638,Female,North,46.0,21.51,3.0,Groceries
CUST12639,Female,South,24.0,113.43,3.0,Sports
CUST12640,Male,East,28.0,193.11,3.0,Home
CUST12641,Male,South,45.0,284.69,1.0,Electronics
CUST12642,Female,North,8.0,199.54,4.0,Home
CUST12643,Female,South,34.0,115.56,5.0,Clothing
CUST12644,Male,North,21.0,148.71,2.0,Sports
CUST12645,Male,South,30.0,143.25,1.0,Sports
CUST12646,Female,North,32.0,267.27,2.0,Electronics
CUST12647,Female,South,31.0,150.99,7.0,Sports
CUST12648,Male,North,29.0,99.25,0.0,Clothing
CUST12649,Male,West,24.0,152.58,5.0,Sports
CUST12650,Male,South,,0.0,2.0,Groceries
CUST12651,Male,South,54.0,222.18,3.0,Home
CUST12652,Male,East,23.0,102.31,2.0,Clothing
CUST12653,Male,East,51.0,123.3,2.0,Clothing
CUST12654,Female,North,31.0,206.13,5.0,Home
CUST12655,Male,South,36.0,220.41,5.0,Home
CUST12656,Female,North,34.0,72.73,0.0,Clothing
CUST12657,Female,West,28.0,235.46,1.0,Home
CUST12658,Male,East,45.0,295.97,1.0,Electronics
CUST12659,Female,North,,244.18,0.0,Home
CUST12660,Male,North,30.0,44.33,2.0,Groceries
CUST12661,Female,East,22.0,43.59,1.0,Groceries
CUST12662,Male,South,26.0,320.36,1.0,Electronics
CUST12663,Female,North,19.0,206.07,3.0,Home
CUST12664,Female,East,35.0,82.43,0.0,Groceries
CUST12665,Male,South,23.0,203.18,3.0,Sports
CUST12666,Male,West,32.0,211.23,1.0,Home
CUST12667,Female,East,49.0,274.84,1.0,Electronics
CUST12668,Female,North,47.0,202.38,3.0,Home
CUST12669,Male,West,35.0,56.2,2.0,Clothing
CUST12670,Female,South,34.0,126.62,2.0,Clothing
CUST12671,Male,South,54.0,87.69,2.0,Groceries
CUST12672,Female,East,40.0,124.32,1.0,Clothing
CUST12673,Male,East,,272.81,2.0,Electronics
CUST12674,Female,East,21.0,68.97,2.0,Groceries
CUST12675,Male,South,39.0,267.18,2.0,Electronics
CUST12676,Male,West,43.0,248.16,1.0,Electronics
CUST12677,Male,South,29.0,,,Clothing
CUST12678,Male,North,38.0,107.81,2.0,Clothing
CUST12679,Female,South,31.0,335.4,3.0,Electronics
CUST12680,Male,North,33.0,153.35,3.0,Clothing
CUST12681,Female,West,10.0,123.44,1.0,Clothing
CUST12682,Male,East,33.0,97.7,1.0,Clothing
CUST12683,Male,East,45.0,176.7,3.0,Home
CUST12684,Male,South,29.0,324.3,5.0,Electronics
CUST12685,Male,East,36.0,86.03,1.0,Sports
CUST12686,Male,West,,297.53,1.0,Electronics
CUST12687,Male,East,39.0,56.01,1.0,Groceries
CUST12688,Female,South,,129.94,2.0,Clothing
CUST12689,Male,West,26.0,115.72,2.0,Clothing
CUST12690,Female,North,48.0,146.67,2.0,Sports
CUST12691,Female,South,44.0,45.98,0.0,Groceries
CUST12692,Male,North,29.0,190.38,1.0,Home
CUST12693,Male,West,40.0,322.8,1.0,Electronics
CUST12694,nan,South,40.0,162.3,0.0,Home
CUST12695,Female,South,41.0,0.0,0.0,Groceries
CUST12696,Female,West,18.0,146.12,2.0,Sports
CUST12697,Male,East,,53.0,1.0,Groceries
CUST12698,Female,South,29.0,163.6,3.0,Sports
CUST12699,Female,South,31.0,197.03,3.0,Home
CUST12700,Female,North,61.0,232.96,1.0,Home
CUST12701,nan,East,38.0,78.93,1.0,Groceries
CUST12702,Male,North,31.0,55.9,0.0,Groceries
CUST12703,Male,North,13.0,76.3,5.0,Clothing
CUST12704,Female,East,49.0,154.54,0.0,Sports
CUST12705,Female,East,22.0,151.09,0.0,Clothing
CUST12706,Male,West,,300.67,,Electronics
CUST12707,Male,East,32.0,296.85,3.0,Electronics
CUST12708,Male,South,49.0,14.81,1.0,Groceries
CUST12709,Male,East,43.0,222.64,0.0,Home
CUST12710,Female,West,33.0,306.91,2.0,Electronics
CUST12711,Female,West,,317.94,2.0,Electronics
CUST12712,Male,West,29.0,139.55,3.0,Clothing
CUST12713,Male,East,36.0,100.02,3.0,Clothing
CUST12714,Male,East,36.0,320.8,4.0,Electronics
CUST12715,Male,North,45.0,45.39,2.0,Groceries
CUST12716,Female,North,45.0,134.19,3.0,Clothing
CUST12717,nan,South,40.0,311.94,4.0,Electronics
CUST12718,Female,North,31.0,205.31,1.0,Home
CUST12719,Male,South,42.0,61.84,3.0,Clothing
CUST12720,Female,West,34.0,318.86,2.0,Electronics
CUST12721,Female,North,24.0,145.67,2.0,Sports
CUST12722,Female,East,31.0,95.26,1.0,Clothing
CUST12723,Male,North,36.0,140.92,0.0,Sports
CUST12724,Male,South,44.0,90.47,7.0,Clothing
CUST12725,Male,North,,90.01,3.0,Clothing
CUST12726,Male,West,23.0,134.58,4.0,Sports
CUST12727,Male,East,36.0,50.14,2.0,Groceries
CUST12728,Male,South,36.0,279.74,1.0,Electronics
CUST12729,Female,East,37.0,45.93,1.0,Groceries
CUST12730,Female,East,44.0,34.9,0.0,Groceries
CUST12731,Male,South,45.0,243.1,2.0,Electronics
CUST12732,Male,East,29.0,253.12,5.0,Home
CUST12733,Female,East,29.0,61.59,3.0,Groceries
CUST12734,Female,North,25.0,99.99,2.0,Groceries
CUST12735,Female,East,42.0,84.35,3.0,Groceries
CUST12736,nan,East,49.0,281.08,7.0,Home
CUST12737,Female,East,32.0,60.12,1.0,Clothing
CUST12738,nan,East,33.0,86.85,0.0,Sports
CUST12739,Male,South,50.0,109.54,7.0,Sports
CUST12740,Male,West,,194.74,3.0,Home
CUST12741,Male,North,39.0,0.0,2.0,Groceries
CUST12742,Male,East,23.0,176.3,1.0,Sports
CUST12743,Male,East,,153.45,2.0,Home
CUST12744,Female,South,26.0,268.66,0.0,Electronics
CUST12745,Female,West,24.0,134.68,3.0,Sports
CUST12746,Female,East,32.0,367.41,3.0,Electronics
CUST12747,Male,South,29.0,10.66,0.0,Groceries
CUST12748,Female,North,33.0,149.4,1.0,Sports
CUST12749,Female,North,21.0,178.62,1.0,Home
CUST12750,Male,East,,150.54,0.0,Clothing
CUST12751,Female,East,46.0,108.31,0.0,Sports
CUST12752,Male,West,16.0,157.29,2.0,Sports
CUST12753,Male,West,45.0,104.32,1.0,Sports
CUST12754,Female,East,27.0,119.08,0.0,Sports
CUST12755,Male,South,44.0,294.87,5.0,Home
CUST12756,Male,West,34.0,155.16,0.0,Home
CUST12757,Female,East,35.0,110.78,3.0,Clothing
CUST12758,Female,West,33.0,255.79,2.0,Home
CUST12759,Male,East,47.0,175.18,,Home
CUST12760,Male,North,23.0,0.0,,Groceries
CUST12761,Male,East,41.0,110.11,2.0,Groceries
CUST12762,Female,North,46.0,313.32,1.0,Electronics
CUST12763,Male,West,42.0,83.11,3.0,Clothing
CUST12764,Male,East,58.0,72.41,0.0,Groceries
CUST12765,Female,West,30.0,86.04,2.0,Clothing
CUST12766,Female,North,45.0,119.46,1.0,Clothing
CUST12767,Male,East,34.0,147.81,3.0,Sports
CUST12768,Female,West,47.0,142.69,5.0,Clothing
CUST12769,Female,North,35.0,137.72,4.0,Sports
CUST12770,Male,West,31.0,321.04,1.0,Electronics
CUST12771,Male,South,48.0,280.88,1.0,Electronics
CUST12772,Female,North,30.0,318.73,1.0,Electronics
CUST12773,Male,North,21.0,117.75,2.0,Sports
CUST12774,Female,North,30.0,141.65,0.0,Sports
CUST12775,Male,East,41.0,299.61,3.0,Electronics
CUST12776,Male,East,49.0,159.01,3.0,Sports
CUST12777,Male,East,36.0,249.31,1.0,Home
CUST12778,Male,South,48.0,184.96,10.0,Home
CUST12779,Male,South,21.0,142.04,4.0,Sports
CUST12780,Male,North,31.0,,0.0,Sports
CUST12781,Female,South,32.0,3.48,1.0,Groceries
CUST12782,nan,West,34.0,55.27,5.0,Groceries
CUST12783,Female,North,36.0,70.2,3.0,Clothing
CUST12784,Female,North,42.0,122.78,1.0,Clothing
CUST12785,Male,West,,91.27,3.0,Clothing
CUST12786,nan,North,36.0,273.58,4.0,Electronics
CUST12787,Male,South,35.0,240.12,5.0,Home
CUST12788,Female,East,26.0,307.48,1.0,Electronics
CUST12789,nan,West,34.0,205.8,3.0,Sports
CUST12790,Female,South,34.0,23.73,3.0,Groceries
CUST12791,nan,West,33.0,221.58,1.0,Sports
CUST12792,Female,West,35.0,140.03,5.0,Sports
CUST12793,Male,North,36.0,4.26,,Groceries
CUST12794,Male,North,31.0,173.66,0.0,Sports
CUST12795,Female,South,,116.7,1.0,Clothing
CUST12796,Male,West,23.0,49.25,1.0,Groceries
CUST12797,Female,North,28.0,,2.0,Sports
CUST12798,nan,North,63.0,,1.0,Clothing
CUST12799,Male,West,,93.53,1.0,Clothing
CUST12800,Female,South,21.0,211.04,4.0,Home
CUST12801,Female,South,42.0,139.58,3.0,Clothing
CUST12802,Female,West,14.0,296.63,0.0,Electronics
CUST12803,nan,South,33.0,14.84,0.0,Groceries
CUST12804,Female,North,56.0,62.14,4.0,Groceries
CUST12805,nan,West,20.0,10.78,2.0,Groceries
CUST12806,Female,North,15.0,132.68,3.0,Sports
CUST12807,Male,East,,115.32,,Sports
CUST12808,Male,East,,307.78,2.0,Electronics
CUST12809,Female,South,46.0,,2.0,Clothing
CUST12810,Male,East,30.0,180.55,4.0,Sports
CUST12811,Female,North,42.0,114.85,0.0,Clothing
CUST12812,Female,East,49.0,142.44,3.0,Clothing
CUST12813,Male,North,,123.95,4.0,Sports
CUST12814,Female,South,33.0,174.01,3.0,Sports
CUST12815,Female,South,12.0,319.53,2.0,Electronics
CUST12816,Female,North,27.0,194.66,0.0,Home
CUST12817,Male,East,31.0,28.76,1.0,Groceries
CUST12818,Male,South,32.0,175.48,1.0,Sports
CUST12819,Male,West,33.0,165.14,2.0,Sports
CUST12820,Female,South,46.0,64.97,2.0,Clothing
CUST12821,Male,East,48.0,236.99,4.0,Home
CUST12822,Female,West,33.0,150.12,5.0,Sports
CUST12823,Male,East,46.0,258.67,2.0,Home
CUST12824,Male,North,39.0,52.53,1.0,Groceries
CUST12825,Female,West,36.0,74.34,2.0,Clothing
CUST12826,Female,East,44.0,289.32,2.0,Electronics
CUST12827,Male,West,36.0,63.39,4.0,Groceries
CUST12828,Male,East,56.0,170.96,2.0,Home
CUST12829,Male,West,21.0,214.94,3.0,Home
CUST12830,Female,East,30.0,34.06,1.0,Groceries
CUST12831,Female,North,34.0,225.94,2.0,Home
CUST12832,Male,West,39.0,,3.0,Electronics
CUST12833,Male,West,48.0,306.43,3.0,Electronics
CUST12834,Male,West,35.0,201.23,3.0,Home
CUST12835,Female,West,21.0,158.47,2.0,Home
CUST12836,nan,North,43.0,339.99,2.0,Electronics
CUST12837,Male,West,43.0,231.1,0.0,Home
CUST12838,Female,South,16.0,164.9,4.0,Sports
CUST12839,Male,North,35.0,112.52,2.0,Clothing
CUST12840,Male,South,19.0,192.89,1.0,Sports
CUST12841,Female,West,28.0,157.3,0.0,Home
CUST12842,Female,East,26.0,140.79,1.0,Home
CUST12843,Female,South,43.0,118.58,3.0,Clothing
CUST12844,Female,West,36.0,162.19,1.0,Home
CUST12845,Male,South,22.0,78.38,2.0,Clothing
CUST12846,Female,West,44.0,266.92,2.0,Electronics
CUST12847,Male,West,21.0,98.7,3.0,Clothing
CUST12848,Female,West,38.0,101.4,1.0,Clothing
CUST12849,Male,East,27.0,73.71,0.0,Sports
CUST12850,Female,South,31.0,180.36,2.0,Home
CUST12851,Male,North,40.0,293.19,0.0,Electronics
CUST12852,Male,North,40.0,,1.0,Groceries
CUST12853,Female,North,48.0,77.82,1.0,Clothing
CUST12854,Male,North,34.0,69.38,1.0,Groceries
CUST12855,Female,West,38.0,184.74,1.0,Home
CUST12856,Male,South,31.0,83.64,2.0,Clothing
CUST12857,Male,South,37.0,83.34,3.0,Groceries
CUST12858,Male,East,39.0,154.92,0.0,Sports
CUST12859,Male,South,34.0,22.55,5.0,Groceries
CUST12860,Female,South,17.0,117.51,2.0,Sports
CUST12861,Male,South,38.0,285.93,4.0,Electronics
CUST12862,Female,East,,,2.0,Home
CUST12863,Female,North,28.0,43.3,0.0,Groceries
CUST12864,Male,South,22.0,74.42,3.0,Clothing
CUST12865,Female,East,50.0,141.65,3.0,Home
CUST12866,Female,East,,55.34,,Groceries
CUST12867,Female,West,33.0,118.46,2.0,Clothing
CUST12868,Male,East,,108.72,2.0,Clothing
CUST12869,Male,North,27.0,135.2,1.0,Clothing
CUST12870,Female,South,48.0,80.35,0.0,Clothing
CUST12871,Female,East,36.0,113.77,4.0,Groceries
CUST12872,Female,North,29.0,284.94,1.0,Electronics
CUST12873,Male,East,40.0,129.89,2.0,Sports
CUST12874,Female,East,,109.51,2.0,Sports
CUST12875,Male,East,50.0,116.23,0.0,Sports
CUST12876,Female,East,49.0,275.27,0.0,Electronics
CUST12877,Male,East,30.0,82.96,4.0,Clothing
CUST12878,Female,North,29.0,45.49,2.0,Clothing
CUST12879,Male,South,9.0,224.48,3.0,Home
CUST12880,Male,South,20.0,168.18,2.0,Sports
CUST12881,Female,South,22.0,143.33,1.0,Sports
CUST12882,Male,South,36.0,128.37,2.0,Clothing
CUST12883,Male,North,32.0,112.83,2.0,Sports
CUST12884,Male,West,,,2.0,Clothing
CUST12885,Female,West,32.0,66.23,2.0,Clothing
CUST12886,Female,North,40.0,112.82,1.0,Clothing
CUST12887,Male,North,40.0,88.68,4.0,Groceries
CUST12888,Female,East,16.0,66.43,2.0,Groceries
CUST12889,Female,East,34.0,139.36,1.0,Groceries
CUST12890,Male,East,21.0,60.33,2.0,Groceries
CUST12891,Female,South,44.0,258.39,1.0,Electronics
CUST12892,Female,East,43.0,234.31,1.0,Home
CUST12893,Female,West,26.0,189.64,1.0,Home
CUST12894,Male,South,,141.26,2.0,Clothing
CUST12895,Female,East,30.0,,1.0,Sports
CUST12896,Female,South,12.0,102.37,2.0,Groceries
CUST12897,Male,West,38.0,219.53,5.0,Home
CUST12898,Male,East,,201.42,3.0,Home
CUST12899,Male,West,45.0,51.55,6.0,Groceries
CUST12900,Male,West,24.0,321.69,2.0,Electronics
CUST12901,Female,West,29.0,309.92,3.0,Electronics
CUST12902,Male,East,20.0,190.05,3.0,Home
CUST12903,Male,North,,252.91,1.0,Electronics
CUST12904,Female,East,23.0,65.61,2.0,Groceries
CUST12905,Male,West,45.0,173.25,2.0,Home
CUST12906,nan,East,28.0,,1.0,Groceries
CUST12907,Male,West,36.0,263.62,3.0,Electronics
CUST12908,Male,North,31.0,8.23,3.0,Groceries
CUST12909,Male,South,22.0,334.11,2.0,Electronics
CUST12910,Male,North,33.0,249.87,4.0,Electronics
CUST12911,Male,North,,32.47,2.0,Groceries
CUST12912,Female,South,23.0,317.9,0.0,Electronics
CUST12913,nan,East,43.0,128.59,3.0,Clothing
CUST12914,Male,South,27.0,86.92,1.0,Groceries
CUST12915,Female,East,,125.19,1.0,Clothing
CUST12916,Female,East,40.0,7.32,1.0,Groceries
CUST12917,Female,West,28.0,285.19,1.0,Electronics
CUST12918,Male,West,35.0,313.02,1.0,Electronics
CUST12919,Male,South,32.0,211.32,2.0,Home
CUST12920,Male,North,36.0,,1.0,Home
CUST12921,Female,South,11.0,,4.0,Clothing
CUST12922,Female,East,17.0,323.51,3.0,Electronics
CUST12923,Male,West,,177.66,0.0,Home
CUST12924,Male,South,45.0,276.58,0.0,Electronics
CUST12925,Female,South,26.0,69.45,1.0,Groceries
CUST12926,Female,West,33.0,,3.0,Home
CUST12927,nan,West,38.0,115.7,2.0,Clothing
CUST12928,Female,West,42.0,225.63,,Home
CUST12929,Male,East,15.0,336.12,1.0,Electronics
CUST12930,Female,West,26.0,142.82,3.0,Sports
CUST12931,Female,North,32.0,145.42,1.0,Sports
CUST12932,Male,South,42.0,339.01,2.0,Electronics
CUST12933,Female,West,60.0,50.72,1.0,Groceries
CUST12934,Female,West,33.0,225.76,3.0,Home
CUST12935,Male,East,21.0,155.5,,Sports
CUST12936,Female,East,39.0,52.14,4.0,Groceries
CUST12937,Female,South,48.0,333.26,3.0,Electronics
CUST12938,Female,North,36.0,72.96,3.0,Groceries
CUST12939,Male,South,26.0,259.32,2.0,Electronics
CUST12940,Male,West,45.0,180.57,,Home
CUST12941,Female,North,42.0,98.22,3.0,Groceries
CUST12942,Male,North,25.0,229.2,1.0,Home
CUST12943,Female,North,39.0,33.36,2.0,Groceries
CUST12944,Female,North,45.0,302.84,0.0,Electronics
CUST12945,Male,South,47.0,302.05,3.0,Electronics
CUST12946,Female,East,,47.08,3.0,Groceries
CUST12947,Female,East,31.0,284.61,1.0,Electronics
CUST12948,Male,West,,106.04,2.0,Clothing
CUST12949,Female,East,23.0,130.15,0.0,Clothing
CUST12950,Female,East,39.0,181.1,1.0,Home
CUST12951,Female,East,21.0,141.13,1.0,Clothing
CUST12952,Female,East,46.0,100.36,3.0,Clothing
CUST12953,Male,West,32.0,188.02,3.0,Sports
CUST12954,Female,South,48.0,169.51,3.0,Sports
CUST12955,Female,North,40.0,228.08,1.0,Sports
CUST12956,Female,East,,181.58,4.0,Sports
CUST12957,Female,South,49.0,342.55,4.0,Electronics
CUST12958,Male,East,51.0,,,Home
CUST12959,Female,East,44.0,245.35,1.0,Home
CUST12960,Male,North,27.0,124.96,0.0,Clothing
CUST12961,Male,North,32.0,198.89,3.0,Home
CUST12962,Male,North,36.0,99.2,3.0,Clothing
CUST12963,nan,East,28.0,209.19,1.0,Home
CUST12964,Female,East,,44.82,0.0,Groceries
CUST12965,Female,East,36.0,41.95,4.0,Groceries
CUST12966,Female,North,8.0,203.9,1.0,Home
CUST12967,Female,West,38.0,249.96,2.0,Electronics
CUST12968,Female,South,32.0,69.07,3.0,Clothing
CUST12969,Female,West,34.0,199.25,0.0,Home
CUST12970,Male,East,31.0,128.78,0.0,Clothing
CUST12971,Male,East,43.0,154.7,0.0,Sports
CUST12972,Female,West,46.0,,1.0,Home
CUST12973,Female,East,38.0,297.59,2.0,Electronics
CUST12974,Male,South,32.0,102.12,5.0,Sports
CUST12975,Male,East,35.0,232.79,2.0,Home
CUST12976,Female,South,35.0,79.37,0.0,Groceries
CUST12977,Male,West,27.0,216.62,1.0,Home
CUST12978,Female,West,41.0,61.29,2.0,Groceries
CUST12979,nan,East,40.0,50.85,,Groceries
CUST12980,Male,South,50.0,206.9,3.0,Home
CUST12981,Male,East,48.0,189.69,0.0,Home
CUST12982,Female,North,28.0,0.31,5.0,Groceries
CUST12983,Female,North,43.0,,2.0,Clothing
CUST12984,Female,North,25.0,167.12,3.0,Sports
CUST12985,nan,North,42.0,288.32,2.0,Electronics
CUST12986,Male,East,30.0,178.84,2.0,Home
CUST12987,Female,North,25.0,167.11,5.0,Sports
CUST12988,Female,South,38.0,126.81,4.0,Sports
CUST12989,Female,West,8.0,111.39,2.0,Clothing
CUST12990,Male,West,17.0,190.04,2.0,Sports
CUST12991,Female,North,33.0,,3.0,Home
CUST12992,Female,North,36.0,171.21,3.0,Sports
CUST12993,Male,North,31.0,171.75,1.0,Home
CUST12994,Male,East,19.0,148.98,1.0,Home
CUST12995,Female,West,27.0,52.49,2.0,Groceries
CUST12996,Male,North,39.0,,7.0,Clothing
CUST12997,Male,South,41.0,311.28,1.0,Electronics
CUST12998,Male,North,35.0,13.8,4.0,Groceries
CUST12999,Female,West,47.0,342.81,0.0,Electronics
