Date,Temperature,Humidity,UV
2020-01-01,22.26395136010641,44.61697758432132,5.0
2020-01-02,30.703189311757047,65.34850702249402,3.0
2020-01-03,27.407223233770623,,7.0
2020-01-04,,-9999.0,8.0
2020-01-05,26.367288366066674,-9999.0,6.0
2020-01-06,21.738698586889775,51.071779135797605,10.0
2020-01-07,19.615426057879827,61.367149490193434,3.0
2020-01-08,26.484378615464735,64.47821617908666,7.0
2020-01-09,26.841193235800493,60.999964105952564,-9999.0
2020-01-10,34.91762765385483,46.3573379739765,5.0
2020-01-11,26.160857588572544,51.19683352458074,1.0
2020-01-12,20.617937785525385,60.291104806703046,5.0
2020-01-13,25.339508919605553,57.27374916973044,9.0
2020-01-14,21.51934045117925,76.55830017963227,2.0
2020-01-15,23.7828569236966,61.75395556381594,1.0
2020-01-16,17.159120762977047,-9999.0,7.0
2020-01-17,28.157776806522953,65.64840258680145,-9999.0
2020-01-18,-9999.0,69.7133718386183,6.0
2020-01-19,25.16684588578487,57.224070197362806,6.0
2020-01-20,23.241525070920762,78.30729796119387,5.0
2020-01-21,32.89571365552429,66.33451728953996,6.0
2020-01-22,34.15593114867393,64.69846894464492,4.0
2020-01-23,27.5137384448534,,5.0
2020-01-24,22.62646891356214,61.04669578939815,9.0
2020-01-25,31.657474138888908,,6.0
2020-01-26,14.733660312226265,-9999.0,10.0
2020-01-27,23.64537099979033,67.78512135387881,10.0
2020-01-28,25.987223191798847,54.99537726791819,2.0
2020-01-29,19.408665142172502,52.453730809676046,6.0
2020-01-30,25.080831513534555,78.33455179783013,5.0
2020-01-31,17.585841495965845,68.49204535055023,1.0
2020-02-01,31.341098166136838,56.963435994680424,6.0
2020-02-02,19.44249021072359,53.87963180451727,5.0
2020-02-03,22.44628134234124,48.39074013660131,9.0
2020-02-04,20.617397702014248,75.22936888822504,6.0
2020-02-05,,71.71868294081877,
2020-02-06,19.271639988106468,55.01031846028383,3.0
2020-02-07,26.359660265315195,71.26201841061257,4.0
2020-02-08,29.127748394413935,76.8584845174345,8.0
2020-02-09,28.781622222111768,44.988047656976576,3.0
2020-02-10,18.077713589929594,48.21145164479051,7.0
2020-02-11,24.99603615351501,66.0458962208173,10.0
2020-02-12,29.73276421363591,67.51486235664308,10.0
2020-02-13,26.214760343676524,64.53631361981004,-9999.0
2020-02-14,26.341359355438072,49.83424490049177,8.0
2020-02-15,32.52752796627937,71.77056978630603,4.0
2020-02-16,30.160086061417047,52.950232393988045,10.0
2020-02-17,20.038925878472064,67.05209716232862,5.0
2020-02-18,30.906811244343192,66.58312217566053,10.0
2020-02-19,26.26614695255729,58.07787579759025,5.0
2020-02-20,29.564683147886832,55.187575274951705,7.0
2020-02-21,25.67970664686658,53.51794345907518,6.0
2020-02-22,25.122621385684514,69.76258633626973,5.0
2020-02-23,19.894221037271052,,8.0
2020-02-24,18.919393324061907,54.42680026352506,7.0
2020-02-25,16.445841878720003,58.74459770717302,4.0
2020-02-26,32.40425327188986,49.30473677695609,10.0
2020-02-27,34.74359696427665,65.61751173223045,8.0
2020-02-28,22.77675987543642,68.9590701817355,6.0
2020-02-29,27.553548718681327,56.94500099717508,-9999.0
2020-03-01,37.78964997285948,65.23859029525484,4.0
2020-03-02,27.7270693354077,55.21874023366426,6.0
2020-03-03,18.52762626291707,60.09222424984201,5.0
2020-03-04,18.47421816414827,46.85653786980393,2.0
2020-03-05,31.010085826113762,53.374982342616356,1.0
2020-03-06,28.790186381904064,47.63951608093902,9.0
2020-03-07,29.092810216402057,50.79687380577613,10.0
2020-03-08,29.99918415482414,66.47587578002111,3.0
2020-03-09,8.00755841129681,,7.0
2020-03-10,19.403784543649472,60.13661488593225,
2020-03-11,24.026109476132795,71.14165501981783,3.0
2020-03-12,21.887165550729726,55.7294590648777,10.0
2020-03-13,20.68796395260196,58.39285055591554,9.0
2020-03-14,19.24633615437629,37.01976728889792,4.0
2020-03-15,30.422619886359975,50.77111321013901,6.0
2020-03-16,27.112464415829507,63.111100062791124,8.0
2020-03-17,18.54416175310447,61.45810102568605,2.0
2020-03-18,20.443131420869054,63.8328942362137,2.0
2020-03-19,15.798848111161153,,6.0
2020-03-20,27.70234289779077,65.57082546166103,1.0
2020-03-21,23.687220053058233,57.205586572805004,9.0
2020-03-22,23.8997512206379,64.18726070529024,7.0
2020-03-23,29.55778868340591,66.60658912214245,2.0
2020-03-24,20.321483694468704,34.34011250407822,9.0
2020-03-25,32.889094574097776,53.315078193187425,4.0
2020-03-26,23.87079374407693,61.18843780223059,8.0
2020-03-27,30.981373238093205,,
2020-03-28,23.659185316176483,90.71116931504285,4.0
2020-03-29,20.47954787283023,66.33069404331839,2.0
2020-03-30,37.90922364028581,49.45587844917168,6.0
2020-03-31,25.76182874443339,49.29636995562861,
2020-04-01,,61.952498593705336,2.0
2020-04-02,25.770627326370285,59.50551244652984,6.0
2020-04-03,-9999.0,51.225153420880766,2.0
2020-04-04,39.21964439899288,73.83153189711386,1.0
2020-04-05,28.69968141595902,61.55037996034065,9.0
2020-04-06,31.240813487839297,66.43959839329278,5.0
2020-04-07,23.461995258335925,74.15161033819045,2.0
2020-04-08,18.9091194569027,56.036094824321324,5.0
2020-04-09,21.407050829633963,62.64902880111346,8.0
2020-04-10,14.608044622487892,,1.0
2020-04-11,28.81906937329767,52.55728099692307,4.0
2020-04-12,,63.922281954617965,7.0
2020-04-13,19.506040676647828,45.80613416236967,7.0
2020-04-14,30.568954719364598,73.79502250408154,9.0
2020-04-15,25.695967919873585,48.72216108293948,4.0
2020-04-16,16.13091410426901,51.306485286714654,4.0
2020-04-17,14.569630841254863,-9999.0,6.0
2020-04-18,21.779970575178584,54.935146838628484,5.0
2020-04-19,33.189920625076795,63.55559113505436,9.0
2020-04-20,23.623824056557112,54.8471653085785,8.0
2020-04-21,26.967319072123704,55.31225734550332,3.0
2020-04-22,20.21234805921408,52.79293500292114,3.0
2020-04-23,24.288126427995266,54.3657762057351,2.0
2020-04-24,24.15903882152216,70.01787209756317,4.0
2020-04-25,21.529874905226343,43.01314662256988,6.0
2020-04-26,23.714927861051336,61.39136737928993,1.0
2020-04-27,27.886364809431146,48.754305108235215,3.0
2020-04-28,37.91510823417795,64.247406756937,6.0
2020-04-29,21.127288250219333,65.85463574849473,7.0
2020-04-30,24.870663244324614,63.75520647412683,8.0
2020-05-01,26.326559549466246,69.22168912503248,3.0
2020-05-02,24.719733388595166,67.00573867088862,4.0
2020-05-03,24.588807100802118,75.56764402474118,3.0
2020-05-04,25.097539463147573,66.87023789673219,6.0
2020-05-05,27.188137251978553,64.81037672687798,1.0
2020-05-06,32.09814151170327,46.052572249551844,1.0
2020-05-07,31.33196176858743,72.10644655714252,2.0
2020-05-08,29.249586114953996,65.28934043157065,5.0
2020-05-09,30.677896361771317,58.21655705874333,8.0
2020-05-10,23.21463421713372,62.86439405467539,7.0
2020-05-11,,64.99427513914665,10.0
2020-05-12,14.531673332733702,51.291696778651186,
2020-05-13,31.338246995506864,69.09392061434872,10.0
2020-05-14,23.67385978844516,65.72329810826307,9.0
2020-05-15,32.66275423342064,69.0384233670687,
2020-05-16,24.54236369028945,61.47710225817227,7.0
2020-05-17,32.47401706337368,69.05657023397015,3.0
2020-05-18,26.73382724370259,61.80852358417255,10.0
2020-05-19,26.785398681117595,49.816491056694154,8.0
2020-05-20,34.33012634088874,47.62521722129503,9.0
2020-05-21,15.61888553067085,48.334389739760866,2.0
2020-05-22,28.556448449341875,63.37458369831121,9.0
2020-05-23,25.118457849857833,54.21391347538932,5.0
2020-05-24,32.6599455426375,59.384826162635456,1.0
2020-05-25,23.642650782312675,59.08423027574909,3.0
2020-05-26,31.37422393801793,72.20590186869852,7.0
2020-05-27,29.55758562988165,72.55147646501285,10.0
2020-05-28,31.499349649308773,-9999.0,9.0
2020-05-29,24.273339857645304,62.946397182897506,9.0
2020-05-30,28.9552886126609,63.99366194701546,8.0
2020-05-31,30.589437442829002,62.191700715079335,6.0
2020-06-01,24.857794266855414,69.32766341283885,9.0
2020-06-02,30.937115632592416,57.963532330596564,10.0
2020-06-03,15.793892118057425,77.55878545662173,9.0
2020-06-04,21.127283290740504,62.80945253033162,8.0
2020-06-05,15.325848030378015,66.2676804119436,3.0
2020-06-06,27.848380207416756,54.84449003626885,6.0
2020-06-07,28.620632791859514,58.909547797763786,4.0
2020-06-08,,60.93913025691253,3.0
2020-06-09,-9999.0,61.05328540465916,7.0
2020-06-10,26.977125052741794,61.10396787705484,6.0
2020-06-11,27.722963044043098,61.19661980197742,9.0
2020-06-12,23.36604789521723,48.567471576673555,3.0
2020-06-13,22.671574413674495,-9999.0,4.0
2020-06-14,28.15513159799508,52.97813511782064,1.0
2020-06-15,,86.8585820662226,
2020-06-16,19.098747885504988,,10.0
2020-06-17,24.715840804516358,-9999.0,8.0
2020-06-18,22.462719770748038,51.55386158335398,9.0
2020-06-19,33.14415170056372,-9999.0,9.0
2020-06-20,15.441272806219983,59.04419458098211,1.0
2020-06-21,25.43139624852617,55.83955606692141,4.0
2020-06-22,25.61875128221453,61.5300361807853,7.0
2020-06-23,21.305541085051896,60.89903292661641,6.0
2020-06-24,25.581392363454775,-9999.0,3.0
2020-06-25,24.8003368032413,,
2020-06-26,,36.07162885516233,6.0
2020-06-27,23.136379096654274,55.93184813226557,-9999.0
2020-06-28,19.111312429859506,59.68742474254547,-9999.0
2020-06-29,19.443924457910935,,7.0
2020-06-30,25.804328927815266,46.60701855180341,4.0
2020-07-01,-9999.0,80.40367011192134,7.0
2020-07-02,31.208916569362913,47.80791908032566,7.0
2020-07-03,18.898200294935517,54.392020356548194,
2020-07-04,12.704141980885929,72.11175409299202,9.0
2020-07-05,24.788837940325987,41.938508387877626,3.0
2020-07-06,,65.66399412464918,1.0
2020-07-07,25.339093575411976,69.4900359964312,
2020-07-08,32.175818577174766,56.52962447458193,3.0
2020-07-09,30.3447897680585,71.37377816148481,2.0
2020-07-10,26.48416727812036,43.93706158072824,10.0
2020-07-11,16.921281841705085,69.92046190676675,3.0
2020-07-12,27.894919891175444,71.00484551089866,3.0
2020-07-13,16.942563392030888,52.636408354619405,-9999.0
2020-07-14,25.15413582940315,52.71645119165376,9.0
2020-07-15,21.18691363099928,54.66353839641536,6.0
2020-07-16,-9999.0,54.80562593601418,4.0
2020-07-17,34.76872711506907,,-9999.0
2020-07-18,16.693636927155055,76.8785382524467,3.0
2020-07-19,16.62261723477338,57.17512291763843,10.0
2020-07-20,24.93449060606399,51.214182447923164,1.0
2020-07-21,23.06118572447106,69.4328580770717,7.0
2020-07-22,21.10479971067055,67.07035078916024,10.0
2020-07-23,28.412090805116353,51.53148888105245,
2020-07-24,22.991592561836974,-9999.0,8.0
2020-07-25,21.549989820449998,65.2838209997652,8.0
2020-07-26,-9999.0,47.50846086734422,3.0
2020-07-27,22.667195563554834,71.91657123213767,2.0
2020-07-28,27.075643666811235,68.99638664414282,9.0
2020-07-29,27.251652957509595,-9999.0,6.0
2020-07-30,24.78064392677476,59.349580844264864,2.0
2020-07-31,23.096910189722397,65.03855511924002,7.0
2020-08-01,32.92700090392506,45.21556125843919,2.0
2020-08-02,24.262404911775658,59.9371218153281,4.0
2020-08-03,16.026881202334494,66.00202446496499,8.0
2020-08-04,29.467867904453602,53.42744514901448,2.0
2020-08-05,27.82272238349792,50.32700869365254,
2020-08-06,21.971028616850088,74.48891408822601,6.0
2020-08-07,23.325422308134762,72.38930772931947,4.0
2020-08-08,21.68597756408976,71.54983146910762,2.0
2020-08-09,,75.00723168967018,6.0
2020-08-10,-9999.0,64.3493861287385,7.0
2020-08-11,22.40952223067618,57.125652911055035,2.0
2020-08-12,26.374464076835803,58.013036389758085,3.0
2020-08-13,25.158983623202438,66.00917385234871,2.0
2020-08-14,24.257092019432964,45.43934304281461,6.0
2020-08-15,32.00112157171648,47.52852372833463,5.0
2020-08-16,28.59854081235213,,5.0
2020-08-17,29.34406231884818,49.79103624870041,4.0
2020-08-18,,,5.0
2020-08-19,18.07374687980092,54.00905889015181,8.0
2020-08-20,29.27391470366608,46.26188396788427,2.0
2020-08-21,31.339278488339822,53.14230493559279,8.0
2020-08-22,-9999.0,,3.0
2020-08-23,21.21475044017347,64.57025054353645,10.0
2020-08-24,22.833559574472808,58.3425516525873,2.0
2020-08-25,18.887342398651093,58.959576720962694,9.0
2020-08-26,,57.10287175580957,8.0
2020-08-27,31.69911442458201,55.01456420859487,
2020-08-28,,77.79988541414467,6.0
2020-08-29,30.197210019821778,,1.0
2020-08-30,,60.517412146929956,9.0
2020-08-31,26.161341660250173,64.92725084956315,4.0
2020-09-01,28.114980190808133,56.646745614275815,8.0
2020-09-02,24.932728123530985,72.8088321470342,7.0
2020-09-03,19.033415392502903,62.748944622357534,1.0
2020-09-04,22.739435622969406,56.225888841983924,1.0
2020-09-05,,61.66018787655233,1.0
2020-09-06,18.169151966658454,68.16983291476,1.0
2020-09-07,17.772060503199548,54.72115288994188,3.0
2020-09-08,17.27264853844253,59.612695109538656,1.0
2020-09-09,18.593384534545603,64.65982474311635,2.0
2020-09-10,12.314578550248005,64.84530137904049,4.0
2020-09-11,20.823967694874614,57.99732713656167,7.0
2020-09-12,22.97514828125647,67.27978488041651,8.0
2020-09-13,25.570902690042438,36.238599902458915,5.0
2020-09-14,24.44457465272958,61.99502804475313,2.0
2020-09-15,27.834362944725093,53.71963132452758,8.0
2020-09-16,,62.19103045997726,9.0
2020-09-17,31.019018734024407,44.50007249904276,3.0
2020-09-18,22.04979094855239,48.555334395256466,5.0
2020-09-19,28.810954252142672,57.56029187878064,
2020-09-20,24.049955550213326,,2.0
2020-09-21,26.636640274236917,46.792475706120214,9.0
2020-09-22,27.097951642659297,70.90516367538395,
2020-09-23,19.88331247926075,66.46316294094446,1.0
2020-09-24,26.331349322100323,59.70686578671064,-9999.0
2020-09-25,,,8.0
2020-09-26,22.565217335800597,-9999.0,4.0
2020-09-27,29.125911940804034,65.48891009750335,6.0
2020-09-28,-9999.0,60.73518909536424,4.0
2020-09-29,29.078682255629396,58.28150337897522,2.0
2020-09-30,19.737989304919807,63.35597581519934,5.0
2020-10-01,21.166354966186333,40.2764512882279,10.0
2020-10-02,,60.42588045564573,10.0
2020-10-03,26.1941757394097,62.8845001743793,1.0
2020-10-04,23.81224515782772,66.52670860999446,4.0
2020-10-05,36.75963276248939,64.99888482883799,
2020-10-06,32.15877923838273,,3.0
2020-10-07,28.615557083326696,60.87372508163556,1.0
2020-10-08,19.279210732592553,78.39091112975103,3.0
2020-10-09,21.267065179633036,50.87242745654912,8.0
2020-10-10,,58.65168855256146,5.0
2020-10-11,20.367279624577204,59.01137009808787,7.0
2020-10-12,16.677615605904805,57.12927510788887,2.0
2020-10-13,30.91021880047776,77.09908514607696,10.0
2020-10-14,23.41215064838096,68.75771296222531,6.0
2020-10-15,31.8129935720768,54.937373646919866,9.0
2020-10-16,27.74461186569951,68.95516179202295,1.0
2020-10-17,30.907976588475673,47.596059965129186,5.0
2020-10-18,27.497858589446412,73.49044378020292,5.0
2020-10-19,29.984590857902692,48.98996101472358,1.0
2020-10-20,27.04013779928473,,1.0
2020-10-21,25.334368934251767,48.838597048362445,9.0
2020-10-22,17.5298723039055,54.78043399622024,5.0
2020-10-23,21.5712616885706,74.94329497811303,6.0
2020-10-24,,28.209220636775242,1.0
2020-10-25,25.988571159380246,45.67081390501082,6.0
2020-10-26,-9999.0,58.71751192368575,4.0
2020-10-27,16.32551662993551,,3.0
2020-10-28,20.259683754265932,70.89381151796414,10.0
2020-10-29,20.093544213396513,,1.0
2020-10-30,31.23119420528979,44.457948582032074,7.0
2020-10-31,23.89810071009627,55.590824942761074,5.0
2020-11-01,19.911490056790015,50.693492136229885,10.0
2020-11-02,25.141204280544066,,9.0
2020-11-03,24.793419060674708,72.3882039344052,7.0
2020-11-04,34.855032662573066,74.85174719485443,5.0
2020-11-05,24.790875917063765,58.96125190530471,1.0
2020-11-06,25.08118334224049,,5.0
2020-11-07,26.32111210804986,59.69374178079811,10.0
2020-11-08,22.7334906198255,65.85189042126439,8.0
2020-11-09,22.305597435310517,57.99139293202626,-9999.0
2020-11-10,24.53266711887377,72.3377984826773,9.0
2020-11-11,29.06179478562143,77.08137231972653,10.0
2020-11-12,29.674382744749657,65.69837513985134,6.0
2020-11-13,27.169559594956652,49.899857241853084,4.0
2020-11-14,24.743920671610695,56.24796354455198,9.0
2020-11-15,21.168239670039384,84.34053103388628,9.0
2020-11-16,30.10111046458757,53.87055398882117,-9999.0
2020-11-17,,36.4951260268434,10.0
2020-11-18,24.545506260928104,68.90853128712948,3.0
2020-11-19,22.880928632895877,71.76923646227696,8.0
2020-11-20,27.590636447264345,51.93794639196804,5.0
2020-11-21,25.64063017702622,54.56398904766507,4.0
2020-11-22,20.273666368323845,,8.0
2020-11-23,23.607291028642955,74.19598797694059,4.0
2020-11-24,29.306284376406495,64.05270011799685,10.0
2020-11-25,23.70285112576714,57.57459741830278,2.0
2020-11-26,32.63341549800492,73.2977206821014,9.0
2020-11-27,16.88816706247593,36.462422480816315,2.0
2020-11-28,28.748434282645654,,7.0
2020-11-29,20.882538673142044,50.64063273435386,4.0
2020-11-30,23.910576848985617,54.392268335117095,8.0
2020-12-01,27.759484578122628,57.1934199123709,4.0
2020-12-02,28.822523770449887,58.28352075059048,10.0
2020-12-03,17.74609924212695,53.956004817885116,8.0
2020-12-04,31.640241089786542,71.35366358651822,4.0
2020-12-05,31.059313644007286,61.88932594041433,9.0
2020-12-06,22.366742926033464,58.39026669057844,6.0
2020-12-07,23.367030019758694,,3.0
2020-12-08,28.75655635344831,63.82102765919278,9.0
2020-12-09,21.154343302623694,65.93984886201672,4.0
2020-12-10,18.670422898652276,65.41197127938716,
2020-12-11,-9999.0,59.546872673901596,9.0
2020-12-12,29.777724926600733,59.13434178757685,2.0
2020-12-13,23.758868139750664,56.526534816005714,7.0
2020-12-14,13.666787071381872,54.49123730710474,6.0
2020-12-15,22.644154897820442,75.52979099258067,9.0
2020-12-16,25.059963335916777,76.10011605187779,7.0
2020-12-17,20.752705703630536,55.15763221106535,9.0
2020-12-18,23.368775970887057,71.70640927804047,3.0
2020-12-19,27.036492727812558,54.339395703541825,4.0
2020-12-20,19.469173829576334,63.55453656867254,5.0
2020-12-21,34.197098197600795,42.59463626591916,10.0
2020-12-22,21.39620602504711,63.96768069439454,3.0
2020-12-23,-9999.0,74.32067434495653,9.0
2020-12-24,26.713380061597373,54.130405249333215,6.0
2020-12-25,28.310835358852675,50.81893134863358,2.0
2020-12-26,25.25230602466755,68.75685206139275,10.0
2020-12-27,21.358632526198452,58.1340003037542,7.0
2020-12-28,24.39208114340943,80.02907963452418,2.0
2020-12-29,-9999.0,74.55504636099394,9.0
2020-12-30,23.000299207802676,73.00851058799887,2.0
2020-12-31,24.111795457901717,59.20381006222018,5.0
2021-01-01,17.74873642619432,59.705068790856906,10.0
2021-01-02,20.180055235745325,27.586066441259234,-9999.0
2021-01-03,21.66331308720209,72.73710517653069,10.0
2021-01-04,33.675089867994885,68.68988254741143,2.0
2021-01-05,24.063514778541332,40.15495738530357,3.0
2021-01-06,23.734652735689217,,7.0
2021-01-07,29.90936420768603,,6.0
2021-01-08,21.878028121523393,63.649170419679294,8.0
2021-01-09,25.389701608787107,64.88363428924022,6.0
2021-01-10,21.855102069377743,,5.0
2021-01-11,18.215254520847406,56.1828834117351,8.0
2021-01-12,21.817492149310954,56.681720247148576,9.0
2021-01-13,20.784290528605446,55.27015215251467,-9999.0
2021-01-14,23.880827671658952,73.00142637707191,1.0
2021-01-15,24.27350093000311,78.03190805476808,10.0
2021-01-16,25.540204303808405,37.281347030538875,3.0
2021-01-17,22.541911078492024,67.47958116482772,2.0
2021-01-18,19.47862577181584,60.24840954133471,2.0
2021-01-19,23.000590832589182,55.566623318504355,7.0
2021-01-20,26.894763472853178,52.845806842308036,1.0
2021-01-21,28.506759719626626,,3.0
2021-01-22,35.91403791692913,67.74505449590112,1.0
2021-01-23,32.38199683839623,79.49246950945985,4.0
2021-01-24,36.51143939923186,73.15068698906578,7.0
2021-01-25,31.975342108256676,57.50561167447864,4.0
2021-01-26,20.52419254654412,60.92361018798903,9.0
2021-01-27,27.61332202561609,82.76435967252729,2.0
2021-01-28,21.990618698578082,67.56600292211438,5.0
2021-01-29,26.558230155113225,65.93141872760201,
2021-01-30,27.39268749365923,58.27463896864182,4.0
2021-01-31,29.2979675949363,53.4233289447213,6.0
2021-02-01,23.51436940578037,50.00067739580321,4.0
2021-02-02,27.110353250467952,65.21773175746455,9.0
2021-02-03,25.664153587840552,64.95897284597064,7.0
2021-02-04,24.70644672741895,63.22353914494032,6.0
2021-02-05,22.1165540379106,61.803142484721334,3.0
2021-02-06,31.475338107781262,56.830042718980614,8.0
2021-02-07,15.791910104804119,44.306580098296365,9.0
2021-02-08,26.58591548068943,59.53297989278068,9.0
2021-02-09,23.569757885334088,45.13502306680542,1.0
2021-02-10,18.399074785724235,49.40678851458146,7.0
2021-02-11,24.29266900726781,55.63255122516708,7.0
2021-02-12,28.913697615635098,63.71015225848853,9.0
2021-02-13,26.386049129691724,52.1778646185063,4.0
2021-02-14,29.969099894014878,56.61059856963933,9.0
2021-02-15,24.122222314238353,62.919394941053426,2.0
2021-02-16,-9999.0,70.43028418286391,
2021-02-17,20.90294723009007,65.84526998907644,3.0
2021-02-18,20.81369584396959,88.18958688424115,5.0
2021-02-19,19.44582513139892,55.903613585783305,2.0
2021-02-20,30.040658908188902,69.03945008585946,
2021-02-21,27.548269779161352,59.75003783267954,3.0
2021-02-22,26.828222372656462,,10.0
2021-02-23,27.421029023796066,42.00580424597474,3.0
2021-02-24,28.50242408464951,67.73990047983021,10.0
2021-02-25,23.27525741319831,63.65190116088871,5.0
2021-02-26,20.468314428844618,,4.0
2021-02-27,17.362693175311925,70.94772584381865,3.0
2021-02-28,32.984920128498615,58.66169473405493,7.0
2021-03-01,24.808279129235416,50.84187276608291,1.0
2021-03-02,22.15585081572241,72.799003240231,8.0
2021-03-03,25.167343749448882,66.21632501226698,7.0
2021-03-04,28.522559813849124,58.02140720786822,9.0
2021-03-05,-9999.0,42.12584463806995,3.0
2021-03-06,,57.59863948417991,2.0
2021-03-07,,48.80582293296325,10.0
2021-03-08,17.765441914140254,77.90605282063522,3.0
2021-03-09,18.051194264858914,50.05310925207967,7.0
2021-03-10,21.9433210842277,52.32651058083045,
2021-03-11,24.380087244862846,70.92091575042804,7.0
2021-03-12,23.45076160022906,63.97171236453318,6.0
2021-03-13,21.47412245644662,71.72448118588099,
2021-03-14,25.220413207239073,53.288244194629215,2.0
2021-03-15,20.340386032038637,75.59178896697972,4.0
2021-03-16,19.148043747389593,71.27452448033101,2.0
2021-03-17,24.79962790924576,53.225867479396385,9.0
2021-03-18,28.18616649504083,85.70746668576768,1.0
2021-03-19,25.512476054556746,49.10997778363803,
2021-03-20,,65.21370719694615,4.0
2021-03-21,15.662535783521466,62.055129413599786,10.0
2021-03-22,19.202053028847192,50.30030126032203,6.0
2021-03-23,20.97070254981812,64.15061236248526,6.0
2021-03-24,25.39917560042046,66.469458110863,5.0
2021-03-25,20.690668907219703,43.60193536253402,1.0
2021-03-26,20.01525393877803,59.57095649955632,7.0
2021-03-27,25.650184445965976,59.106846976161755,6.0
2021-03-28,25.20608759187277,64.76993723432793,
2021-03-29,25.282722832198203,48.26842562411946,7.0
2021-03-30,26.754085012950444,54.19815184231088,5.0
2021-03-31,15.785773619417775,64.49509307605392,1.0
2021-04-01,29.800054649288217,61.81337973674576,6.0
2021-04-02,31.674396780282127,63.958715696552744,1.0
2021-04-03,31.085226484837413,68.91646143842803,2.0
2021-04-04,26.129197267556673,61.06859088564142,6.0
2021-04-05,21.831702762930174,68.82178468050006,7.0
2021-04-06,23.27035031196215,55.4482487847839,6.0
2021-04-07,30.031806969983545,77.35085144045459,7.0
2021-04-08,,,9.0
2021-04-09,-9999.0,57.747570231092006,5.0
2021-04-10,33.88933691028997,63.51473441277325,3.0
2021-04-11,32.578005998488344,47.288314438830916,7.0
2021-04-12,21.20441568316242,65.6174511899106,3.0
2021-04-13,23.128973230661405,52.41540157827518,9.0
2021-04-14,,43.59148020169996,6.0
2021-04-15,26.906907881988662,51.25110068064657,3.0
2021-04-16,23.730321950458244,56.65449629953679,2.0
2021-04-17,27.60107050746583,76.22766203318977,
2021-04-18,22.71081787623277,54.40201017599548,10.0
2021-04-19,35.24708797789118,30.172493493843746,4.0
2021-04-20,25.79106066637128,51.992765351739685,1.0
2021-04-21,26.75440002733993,70.54241373008605,9.0
2021-04-22,25.624047478023044,53.299260045009056,6.0
2021-04-23,23.736689640987183,65.4668095932096,8.0
2021-04-24,22.456065230918057,65.99291742425278,10.0
2021-04-25,29.71904350528077,73.50465462445486,7.0
2021-04-26,23.600478561350975,52.76976436422227,6.0
2021-04-27,27.196170051977866,,4.0
2021-04-28,24.18259955740964,77.83701319414715,9.0
2021-04-29,-9999.0,53.991700233228016,1.0
2021-04-30,25.409728377529127,55.70029704562476,5.0
2021-05-01,16.881227169477476,60.78874740033885,8.0
2021-05-02,27.736050838730574,39.98515782287865,4.0
2021-05-03,18.600347996458453,53.18423916267365,9.0
2021-05-04,28.00043778863711,68.52283953639409,3.0
2021-05-05,26.49786773266152,-9999.0,4.0
2021-05-06,23.654846354771347,67.20660236901128,9.0
2021-05-07,24.51228042161965,73.79377155998573,6.0
2021-05-08,35.018922452179304,87.21705769501622,5.0
2021-05-09,24.830856336288534,61.68298677400832,8.0
2021-05-10,27.361601422677378,53.36161921630353,7.0
2021-05-11,26.057353541639067,52.02341101633658,-9999.0
2021-05-12,-9999.0,71.51679457520503,1.0
2021-05-13,24.469263741009442,71.4991602427693,10.0
2021-05-14,22.37853631839238,60.82205609926726,10.0
2021-05-15,33.4160163035809,44.73976949452326,2.0
2021-05-16,23.054330795371197,74.8610481615603,2.0
2021-05-17,29.653321939398463,62.088658430792606,4.0
2021-05-18,-9999.0,57.861850734903,7.0
2021-05-19,24.135127584951075,70.50413672218951,9.0
2021-05-20,31.038455467550477,67.93948949650886,2.0
2021-05-21,33.975480352825116,63.2662613566785,7.0
2021-05-22,27.048735405173993,34.829639984692946,6.0
2021-05-23,26.37290422094362,60.2538063517342,10.0
2021-05-24,27.699304542812843,77.14491842016199,4.0
2021-05-25,28.972676502331836,74.73301339620063,1.0
2021-05-26,14.137355009977359,57.97885180088167,3.0
2021-05-27,29.578552562401764,57.749532311756106,6.0
2021-05-28,25.941800811576147,-9999.0,5.0
2021-05-29,23.828884826119612,74.00445335338709,5.0
2021-05-30,22.587660683143614,34.52702598547041,7.0
2021-05-31,23.57152983882333,54.05579309644977,9.0
2021-06-01,17.4023341465066,37.10007195581652,1.0
2021-06-02,23.013602829941714,,8.0
2021-06-03,31.390489049973876,59.84459937857352,1.0
2021-06-04,21.523566238897455,51.29134725531986,9.0
2021-06-05,23.54608375497475,54.943223274468686,7.0
2021-06-06,34.19880072722568,64.716400866102,9.0
2021-06-07,18.262710835501444,-9999.0,1.0
2021-06-08,26.77002926525542,-9999.0,7.0
2021-06-09,29.276751518346867,,7.0
2021-06-10,19.145287990488896,55.00040192484439,9.0
2021-06-11,,57.26231616413846,10.0
2021-06-12,27.75891115968317,53.744829608135994,3.0
2021-06-13,25.15036088373313,56.10654282154311,9.0
2021-06-14,32.13046163405124,62.982603273149,9.0
2021-06-15,28.890331610290094,61.722021817444976,8.0
2021-06-16,19.31193328863467,,-9999.0
2021-06-17,22.842481327252766,65.22077331580032,6.0
2021-06-18,28.139224833048523,-9999.0,5.0
2021-06-19,,66.4410460741132,
2021-06-20,21.75926701919556,60.89810468353512,5.0
2021-06-21,18.772533008367066,75.47950700780154,6.0
2021-06-22,-9999.0,,6.0
2021-06-23,,38.55170262031067,7.0
2021-06-24,20.914761665010587,59.9773274204548,4.0
2021-06-25,23.94343308350483,61.336850649563594,8.0
2021-06-26,25.69778950803734,74.1142672544345,1.0
2021-06-27,21.143306365657413,56.60484769654997,-9999.0
2021-06-28,21.219757731386895,50.31768897564149,10.0
2021-06-29,19.741424274546027,40.92951956438171,4.0
2021-06-30,28.377041634049117,55.443162018738626,4.0
2021-07-01,22.246956136779446,43.53556888988549,1.0
2021-07-02,27.47733132473085,72.60871225446384,10.0
2021-07-03,24.88915897653455,63.3361398335106,8.0
2021-07-04,33.2390668319413,58.40856912527082,-9999.0
2021-07-05,18.09337381262571,47.49382780535392,8.0
2021-07-06,28.662412651913314,55.15449973724745,7.0
2021-07-07,27.919645844416653,-9999.0,1.0
2021-07-08,,66.84462215669555,5.0
2021-07-09,21.81683874586928,53.0282234121088,6.0
2021-07-10,19.687131512188394,60.72712593446209,7.0
2021-07-11,34.2463830869716,,6.0
2021-07-12,28.414454400020063,48.22274260017839,5.0
2021-07-13,18.82076552485724,54.18669844359399,8.0
2021-07-14,23.668342068738532,77.94981067506205,7.0
2021-07-15,28.009997205264515,58.870948742965346,9.0
2021-07-16,20.65331429203062,27.962476816580683,
2021-07-17,21.21730787128442,57.914816212086016,5.0
2021-07-18,24.071098658959272,78.91753606159365,5.0
2021-07-19,26.634137284243867,57.66071918120467,
2021-07-20,23.701351100815085,65.454757378981,3.0
2021-07-21,30.98005639377381,69.20370304872289,5.0
2021-07-22,19.390006228427858,47.832375841247696,9.0
2021-07-23,22.142734213790664,58.98624616006024,3.0
2021-07-24,22.064457905111187,74.84744744643501,4.0
2021-07-25,-9999.0,83.87077648619916,9.0
2021-07-26,27.464546423281142,60.80372344558606,10.0
2021-07-27,31.539240884376923,59.130924481062124,1.0
2021-07-28,19.77461881078076,,8.0
2021-07-29,,54.720959653354136,
2021-07-30,25.901188307217375,61.29038688776239,3.0
2021-07-31,21.967298903856666,-9999.0,1.0
2021-08-01,30.925621249393103,76.27450645780209,4.0
2021-08-02,23.707557255546515,55.120058510654566,2.0
2021-08-03,27.324187735571265,-9999.0,2.0
2021-08-04,31.62344555704394,67.46093135762362,5.0
2021-08-05,26.33621665109227,60.03254086261442,5.0
2021-08-06,20.81905260849249,52.35055980582599,7.0
2021-08-07,25.426433122651243,60.400530565729085,1.0
2021-08-08,16.08124133108091,69.43555514060084,9.0
2021-08-09,18.128271150343842,58.28638557938428,9.0
2021-08-10,27.365605426536103,64.6237258289674,2.0
2021-08-11,-9999.0,65.03757497262119,3.0
2021-08-12,27.472847720912593,43.77280324854722,4.0
2021-08-13,25.766160246254508,,10.0
2021-08-14,24.33314876262799,56.49540195150249,7.0
2021-08-15,15.125259915405143,44.80060415193279,2.0
2021-08-16,,57.12893768944528,6.0
2021-08-17,15.487014341945256,54.562575669976454,10.0
2021-08-18,22.88874691190455,50.299258460592306,3.0
2021-08-19,35.75633107264662,61.049032403189244,3.0
2021-08-20,26.61074543145237,45.7086545637559,9.0
2021-08-21,24.21441062252738,51.90515578081807,6.0
2021-08-22,18.124105436443873,55.16423334377326,3.0
2021-08-23,30.667903300304275,76.25182482028978,7.0
2021-08-24,-9999.0,54.16614250460615,1.0
2021-08-25,23.197010355325975,68.99363601434364,1.0
2021-08-26,20.342407262017264,73.98462310996125,10.0
2021-08-27,24.825702678105674,46.57681397990277,8.0
2021-08-28,28.569937425172185,69.58541604562483,9.0
2021-08-29,23.30906883313347,62.475480105737375,6.0
2021-08-30,27.59257446580167,73.50663026328775,5.0
2021-08-31,23.49445470479364,54.37740727375458,8.0
2021-09-01,22.73571886310588,54.7772984890731,7.0
2021-09-02,20.60358535512644,56.15094019064691,6.0
2021-09-03,21.93833178439435,48.7741644956476,8.0
2021-09-04,21.343014249823185,47.1363473770549,2.0
2021-09-05,,76.51391166989563,1.0
2021-09-06,23.24175773166388,78.42118662847315,2.0
2021-09-07,27.59364899945669,60.91220838419166,1.0
2021-09-08,29.728720225679766,61.318584009404226,10.0
2021-09-09,32.91364283505092,63.40484876811856,4.0
2021-09-10,29.51544833968768,-9999.0,1.0
2021-09-11,27.0666207804938,61.634095994952766,4.0
2021-09-12,,75.31140896705016,4.0
2021-09-13,23.203869456598735,66.66809501518672,7.0
2021-09-14,34.351685274089775,57.26393794959257,3.0
2021-09-15,24.102061939266743,-9999.0,2.0
2021-09-16,24.005883465870173,54.674532784164235,5.0
2021-09-17,24.38532818360103,,1.0
2021-09-18,25.781845395858973,70.17901828846065,6.0
2021-09-19,25.959278182890664,63.42082131419437,10.0
2021-09-20,20.835622352843856,54.89529895497656,8.0
2021-09-21,26.329826061919594,,10.0
2021-09-22,26.64371910204748,69.66223948876447,5.0
2021-09-23,23.751430762112772,60.8142390832135,6.0
2021-09-24,24.274831697305377,59.02159868232968,1.0
2021-09-25,28.74493912717194,52.4833976671321,6.0
2021-09-26,15.716568348757237,38.85689948621807,6.0
2021-09-27,21.76411682411726,50.06154019881018,7.0
2021-09-28,30.86414868469571,49.165397065993936,
2021-09-29,31.831150767774744,64.44255784109083,9.0
2021-09-30,25.47842375104512,,4.0
2021-10-01,32.10451968960945,60.11426514369312,10.0
2021-10-02,23.274648121172177,69.8273110785095,6.0
2021-10-03,26.442776413618375,50.61167127494363,5.0
2021-10-04,19.841836888846196,62.89391751294285,8.0
2021-10-05,26.333794018943944,35.81408709515401,4.0
2021-10-06,38.470200830219824,62.71086504038371,4.0
2021-10-07,21.726773265662104,55.407011320922116,3.0
2021-10-08,34.8016175188035,77.6714990483539,10.0
2021-10-09,31.969086016382953,57.78803007816208,7.0
2021-10-10,22.7334394968766,68.58082583777917,9.0
2021-10-11,36.31739799894581,64.06819344492664,8.0
2021-10-12,24.03318073853864,50.953481218140155,6.0
2021-10-13,18.350524040211567,,10.0
2021-10-14,32.17445596207482,61.16637660024925,5.0
2021-10-15,-9999.0,62.946498528189075,3.0
2021-10-16,27.391431797300292,,6.0
2021-10-17,28.014219401572873,50.94055812069581,1.0
2021-10-18,27.533290038605863,78.31773598763743,3.0
2021-10-19,23.364989111339334,53.71940215215911,6.0
2021-10-20,29.512889101839328,69.79302081021532,8.0
2021-10-21,29.664125423141208,71.4874134528449,8.0
2021-10-22,32.868703410587564,66.22743721592344,1.0
2021-10-23,19.07320158300758,43.10453691189096,9.0
2021-10-24,25.202952000248434,66.85535379529057,6.0
2021-10-25,26.59357494790439,57.496784986094,5.0
2021-10-26,20.244262543750196,55.99065972351347,5.0
2021-10-27,18.806027454966344,54.51628734511716,8.0
2021-10-28,21.19577719208586,70.3080675716152,7.0
2021-10-29,14.503238532670213,54.75065600562563,8.0
2021-10-30,-9999.0,47.72527023213567,8.0
2021-10-31,20.522012741896138,-9999.0,8.0
2021-11-01,26.058915455857875,44.70271228489961,8.0
2021-11-02,20.399838327978895,78.15139580787235,5.0
2021-11-03,,63.13389721731859,6.0
2021-11-04,25.545802372605515,56.69228411935339,6.0
2021-11-05,31.00118248905227,78.69454289891992,6.0
2021-11-06,34.28234212383015,58.612279745022974,2.0
2021-11-07,25.518527837089447,50.03273410463549,7.0
2021-11-08,26.023739857105753,50.40350934658416,10.0
2021-11-09,26.606192413917753,72.58214003272022,3.0
2021-11-10,28.339421504653323,68.62751818423494,9.0
2021-11-11,24.491814442308005,59.27246299548165,9.0
2021-11-12,15.332855726586258,43.6562764599738,2.0
2021-11-13,27.36944783310296,54.315349683736045,1.0
2021-11-14,22.443561149296524,56.45666392610325,1.0
2021-11-15,34.92357156033418,-9999.0,5.0
2021-11-16,28.353044459811116,51.51911240016395,5.0
2021-11-17,23.155078865202757,76.729981132941,1.0
2021-11-18,27.080374823093162,57.73926286194117,7.0
2021-11-19,27.97951951352473,61.935667509234236,5.0
2021-11-20,32.74197380195622,,4.0
2021-11-21,26.979771716674307,48.52671434151248,2.0
2021-11-22,29.574599963554423,,4.0
2021-11-23,17.405761761212496,52.78958576144245,10.0
2021-11-24,21.522919728251118,61.64065217946623,
2021-11-25,22.3374701059994,50.21613646246118,8.0
2021-11-26,30.27689689117824,51.03524505092354,-9999.0
2021-11-27,30.117189516962988,59.030665304375894,7.0
2021-11-28,25.741250340579548,26.31601496937803,10.0
2021-11-29,23.562415286030816,,3.0
2021-11-30,14.406263210501525,53.85847850112117,6.0
2021-12-01,30.444642043992935,63.68405471893358,6.0
2021-12-02,,65.94744079562693,1.0
2021-12-03,37.53535029522614,67.51115502387931,5.0
2021-12-04,28.476790125086513,50.87128564957986,6.0
2021-12-05,,68.50782663198862,
2021-12-06,31.33648458231686,,6.0
2021-12-07,14.902653516650368,56.66957237366377,1.0
2021-12-08,18.12364308396563,66.07400929584801,2.0
2021-12-09,31.689277903644523,76.46052530071597,9.0
2021-12-10,,70.82770746824986,2.0
2021-12-11,19.14756657311008,67.12084938211656,6.0
2021-12-12,24.072724394048144,53.5329457863088,3.0
2021-12-13,20.214824224331352,41.644920224296776,9.0
2021-12-14,34.17259375876573,48.572411426591444,7.0
2021-12-15,26.35675708758393,68.87457594156196,7.0
2021-12-16,19.452514008035816,67.4319870215061,3.0
2021-12-17,25.309216832108575,64.37116087417509,7.0
2021-12-18,18.33275357082649,62.06141800688664,2.0
2021-12-19,27.390695816427552,54.21299980453328,6.0
2021-12-20,-9999.0,69.69895216710823,5.0
2021-12-21,27.172619378020684,49.421459301943244,2.0
2021-12-22,19.93887596002578,76.01860231113082,7.0
2021-12-23,22.679057957682275,49.516350196320104,9.0
2021-12-24,34.39324003660972,,10.0
2021-12-25,29.968207269764612,55.85647182056306,7.0
2021-12-26,20.743110528414366,57.96988844348709,7.0
2021-12-27,31.95075233218555,64.49887761118339,
2021-12-28,23.666725903154727,62.98918888725781,7.0
2021-12-29,35.86402147619697,70.44903099707656,7.0
2021-12-30,15.876574070345082,54.98386069331885,7.0
2021-12-31,24.186115054583937,51.22092731868849,
2022-01-01,18.40923080827813,,2.0
2022-01-02,19.842955208245826,59.90955223605567,7.0
2022-01-03,30.38526973415449,51.86021301383758,4.0
2022-01-04,26.610887353960788,66.13851892853855,10.0
2022-01-05,33.662446820749956,65.86221110160771,8.0
2022-01-06,18.499049356494073,62.747879839220076,4.0
2022-01-07,23.292382744067318,58.925792052990246,3.0
2022-01-08,26.56753879103515,72.05641799062262,3.0
2022-01-09,28.11598005801259,60.46891138067971,10.0
2022-01-10,18.111007675655966,81.93980451828006,7.0
2022-01-11,22.848117902682112,48.906720920625304,1.0
2022-01-12,21.253909263620887,58.87418731135319,2.0
2022-01-13,23.503081189756955,51.401765294678675,8.0
2022-01-14,32.027826143255126,69.89256755897459,2.0
2022-01-15,-9999.0,63.37846059173549,4.0
2022-01-16,25.99181244175185,68.8825304783503,10.0
2022-01-17,23.93155290288785,54.034498426563815,10.0
2022-01-18,27.81176653259529,-9999.0,6.0
2022-01-19,25.80583862727594,42.491411962082324,4.0
2022-01-20,17.407791069885512,62.50099423816777,3.0
2022-01-21,26.1871535015151,43.03972472318378,5.0
2022-01-22,28.880079732076144,48.91677221043913,8.0
2022-01-23,28.31041254168023,-9999.0,4.0
2022-01-24,23.3985398253894,61.02928805648982,2.0
2022-01-25,-9999.0,70.4219232075494,4.0
2022-01-26,21.41213207733599,53.655227440090776,9.0
2022-01-27,31.199107985161618,54.6181393772171,6.0
2022-01-28,21.81059072509038,62.886718268398916,3.0
2022-01-29,21.75767951314057,42.71403923934854,5.0
2022-01-30,-9999.0,61.96574031648952,5.0
2022-01-31,18.770047097370227,53.01676259880058,5.0
2022-02-01,15.621565957276898,60.810619210309994,9.0
2022-02-02,22.646090873449968,,
2022-02-03,,51.105338416360944,5.0
2022-02-04,25.325416998167555,44.27240153030746,9.0
2022-02-05,20.521966708676153,,8.0
2022-02-06,21.527904087825572,-9999.0,9.0
2022-02-07,29.135852655403358,37.406835966171386,5.0
2022-02-08,19.505967437383703,77.40344265705977,5.0
2022-02-09,18.315354084207986,74.73288788411827,4.0
2022-02-10,21.815464735322738,62.15789680655012,8.0
2022-02-11,-9999.0,54.652896526623366,2.0
2022-02-12,30.002064472982877,59.51812503194601,-9999.0
2022-02-13,27.250505740450844,76.72493066225947,10.0
2022-02-14,26.707895430405923,-9999.0,10.0
2022-02-15,24.026477895626847,75.07014369238799,4.0
2022-02-16,17.004183650589503,58.8829540684742,2.0
2022-02-17,15.43117188246258,66.68723659736982,7.0
2022-02-18,26.362259946910687,59.31535390655539,5.0
2022-02-19,31.311105645100696,44.983837856998946,2.0
2022-02-20,23.716699004528326,63.66592092045285,10.0
2022-02-21,26.25411389512332,71.8423281180221,10.0
2022-02-22,,59.22994788858673,
2022-02-23,24.902135216105766,71.39639324999278,4.0
2022-02-24,26.84771098305396,-9999.0,6.0
2022-02-25,24.043555875018832,62.40803255118294,1.0
2022-02-26,27.992634005655262,70.13108110236296,7.0
2022-02-27,-9999.0,65.97313006261466,4.0
2022-02-28,-9999.0,-9999.0,6.0
2022-03-01,30.89504492130392,54.404780157147684,2.0
2022-03-02,24.84139231990612,36.31743744677411,10.0
2022-03-03,26.094134869569192,49.117285494781825,
2022-03-04,16.51690494365349,62.069219976581,9.0
2022-03-05,-9999.0,43.40673304909882,9.0
2022-03-06,18.022721337391474,58.629531366981254,2.0
2022-03-07,30.7862343459673,49.52532641161419,5.0
2022-03-08,31.980765996825035,68.4968896403204,9.0
2022-03-09,19.98125980871075,49.95971411310298,2.0
2022-03-10,23.540725517716666,75.63299328328726,5.0
2022-03-11,25.58452159355773,69.63418444403798,2.0
2022-03-12,30.321114005752438,47.8024789986888,1.0
2022-03-13,27.637284774962573,60.32131957928626,
2022-03-14,-9999.0,52.33635112982542,7.0
2022-03-15,20.43934660917767,84.1375487413872,1.0
2022-03-16,17.55967536293452,59.03078874184991,6.0
2022-03-17,25.558800708138577,71.96650718134033,9.0
2022-03-18,26.42592552145045,56.86396512292335,8.0
2022-03-19,29.871556217239416,68.18765243859185,
2022-03-20,29.87730673797696,57.24579599717335,5.0
2022-03-21,41.33193140493879,,-9999.0
2022-03-22,,49.786984533424835,4.0
2022-03-23,25.95655309252292,54.347097960364096,7.0
2022-03-24,25.69496278897653,56.815190239643165,1.0
2022-03-25,23.634345177705256,57.42535539325298,10.0
2022-03-26,-9999.0,62.302005457807326,3.0
2022-03-27,22.321634064735314,44.76752968906351,1.0
2022-03-28,25.66865534876772,78.65341357685723,8.0
2022-03-29,21.898598642855738,48.96160507357233,5.0
2022-03-30,22.774544043653343,54.63566402877938,4.0
2022-03-31,19.7865796190896,62.88474996687572,8.0
2022-04-01,33.4914408501975,57.81193413571542,1.0
2022-04-02,25.894279863384742,53.320372504989784,6.0
2022-04-03,25.93945547450216,65.12819673490242,3.0
2022-04-04,28.815934852937673,65.29503762735169,9.0
2022-04-05,21.581455243920555,42.93177189116219,8.0
2022-04-06,33.01360162385833,51.311943372441185,6.0
2022-04-07,21.911849957609338,65.62676181360077,10.0
2022-04-08,23.31293483289396,44.12292302616046,1.0
2022-04-09,31.396063563202315,60.23056776201086,4.0
2022-04-10,33.62719252074519,82.43101802105903,8.0
2022-04-11,33.5801497699341,69.05918375186756,4.0
2022-04-12,20.927386589055263,64.0576153597415,4.0
2022-04-13,-9999.0,39.80016719743059,1.0
2022-04-14,18.572045393033214,87.86419797867475,10.0
2022-04-15,25.03886854137101,-9999.0,3.0
2022-04-16,27.018719536063248,,5.0
2022-04-17,27.12274914486024,65.30132739556761,4.0
2022-04-18,,71.89038820302494,9.0
2022-04-19,23.003627024464198,58.9840845538067,2.0
2022-04-20,33.70747818975296,65.83525672644657,1.0
2022-04-21,23.09987757287434,50.33626987929639,8.0
2022-04-22,20.92466737503726,55.77314397522064,10.0
2022-04-23,32.66424562012469,43.333403650621534,3.0
2022-04-24,26.48761689945877,56.69906335287285,2.0
2022-04-25,29.118931221219103,43.67257795856999,5.0
2022-04-26,29.308147110116295,33.73807532972582,10.0
2022-04-27,,64.57327937856796,4.0
2022-04-28,38.864932077220615,42.87988609154019,3.0
2022-04-29,28.860215393440583,75.9958809869647,1.0
2022-04-30,20.84105955629484,65.76293841441921,7.0
2022-05-01,26.318196619550204,85.22577473982842,10.0
2022-05-02,26.569061940815114,76.07232115526472,8.0
2022-05-03,19.64609043814476,53.727756865213905,4.0
2022-05-04,13.883430425787996,61.60305685782302,6.0
2022-05-05,23.44513986616479,40.97254691215461,4.0
2022-05-06,25.826849486306468,56.855433404036596,6.0
2022-05-07,20.625732940519516,68.36870498129124,4.0
2022-05-08,24.74298509555088,46.984046391265224,3.0
2022-05-09,27.135479145423442,60.02125950368647,9.0
2022-05-10,25.37176570950886,64.24915313014691,2.0
2022-05-11,23.53242497816181,49.06791227377662,6.0
2022-05-12,25.348403761476483,72.56740660642035,4.0
2022-05-13,26.002233350888037,69.42969637053066,9.0
2022-05-14,31.581802393500134,51.9648490913778,1.0
2022-05-15,27.458460286614123,60.94894318562655,5.0
2022-05-16,30.627399948556167,47.30050229596049,1.0
2022-05-17,26.390737988671013,57.98512487682396,2.0
2022-05-18,18.901405552568292,60.86492373665951,2.0
2022-05-19,,65.2358687672682,10.0
2022-05-20,16.858129357271906,67.00048693788978,5.0
2022-05-21,29.819516762667273,-9999.0,2.0
2022-05-22,15.517084379529393,51.71667475932356,3.0
2022-05-23,30.120135763245003,55.925932614107126,9.0
2022-05-24,26.24044371487571,55.94715303031168,5.0
2022-05-25,28.230249735235127,43.02245035009149,6.0
2022-05-26,21.654542569449625,58.754957631438444,8.0
2022-05-27,30.685844320100255,68.42804495842124,10.0
2022-05-28,25.579436366576083,51.53232639104857,4.0
2022-05-29,23.001846682740194,64.45907566261101,3.0
2022-05-30,,,2.0
2022-05-31,24.82588645144798,65.81529087713281,7.0
2022-06-01,21.758797401473174,58.87931231520749,1.0
2022-06-02,27.004471676164222,44.009341051386,10.0
2022-06-03,30.133544810424738,70.42054124940194,3.0
2022-06-04,19.67966739813668,69.64175208343066,9.0
2022-06-05,21.49565694896213,66.25550778536943,9.0
2022-06-06,31.036882399390258,53.33875710543646,9.0
2022-06-07,28.687543116575473,57.07579056790638,4.0
2022-06-08,22.8091080716307,66.6308806126865,3.0
2022-06-09,32.10966217880359,63.90757168918254,8.0
2022-06-10,24.188861220089404,49.99025247042777,6.0
2022-06-11,23.113408755525583,53.434743470398494,6.0
2022-06-12,11.441675491505896,55.69101856057955,6.0
2022-06-13,21.01859438891523,39.599423552689494,6.0
2022-06-14,17.82126229199394,60.108421839077394,5.0
2022-06-15,29.927024648194273,67.60702982897382,9.0
2022-06-16,22.098597797245567,66.0110261058803,9.0
2022-06-17,27.467044993791077,59.36301191750902,4.0
2022-06-18,20.695568881832212,59.80119521522482,2.0
2022-06-19,27.973114553576863,59.40787085795129,3.0
2022-06-20,22.868892304522277,64.34990619533802,10.0
2022-06-21,26.19139063602682,-9999.0,3.0
2022-06-22,28.475183710859273,59.087921068630166,1.0
2022-06-23,21.124377456902668,58.60414801500671,1.0
2022-06-24,17.697405235570315,73.17036387374746,5.0
2022-06-25,-9999.0,67.07981428416183,4.0
2022-06-26,23.964647576151833,64.72343120806545,8.0
2022-06-27,29.52703165107823,,1.0
2022-06-28,17.42895105646438,49.82403399846466,7.0
2022-06-29,34.526899120588,-9999.0,3.0
2022-06-30,26.457196462069025,52.30055931383687,6.0
2022-07-01,24.321460276765652,49.427716662068825,4.0
2022-07-02,35.49861055049319,57.050087154290736,1.0
2022-07-03,,72.68625718098784,3.0
2022-07-04,23.779256601576943,60.934165073430734,8.0
2022-07-05,26.967149200186544,77.87237442637245,5.0
2022-07-06,31.840950277932407,53.53392111148999,9.0
2022-07-07,27.363592043964136,61.812353265961484,3.0
2022-07-08,33.88402716355833,53.47520225092651,6.0
2022-07-09,30.051332971257,60.127201124762436,4.0
2022-07-10,20.887946810151334,51.68237626552474,8.0
2022-07-11,22.146089452715316,65.39183024044819,8.0
2022-07-12,22.128270435064717,54.03401028311682,7.0
2022-07-13,25.59743663419927,67.52857035682268,5.0
2022-07-14,24.17995594083788,61.31221163935118,10.0
2022-07-15,24.114430312226766,66.62789270539268,8.0
2022-07-16,21.853609141111967,79.05230741722002,5.0
2022-07-17,23.582543436204258,63.532816997875855,3.0
2022-07-18,14.525915595469732,55.37089033500111,8.0
2022-07-19,26.929941771408668,66.08914711005315,1.0
2022-07-20,19.560025309427072,78.54383088402336,10.0
2022-07-21,21.276557556926473,49.57370124282103,4.0
2022-07-22,30.076151063615377,,6.0
2022-07-23,24.403996142252495,70.2176862648417,10.0
2022-07-24,35.73777285738537,34.41485712837863,7.0
2022-07-25,,59.429053256515566,9.0
2022-07-26,22.337508562268194,57.72877278379484,2.0
2022-07-27,25.965540444472605,37.790162380735254,6.0
2022-07-28,22.651612617187617,55.89686824430786,
2022-07-29,19.422731266013706,55.422813352786854,5.0
2022-07-30,26.16530327314848,58.45017074785773,9.0
2022-07-31,20.490113696118094,46.8780246844233,6.0
2022-08-01,24.644917566682427,59.347628684487205,3.0
2022-08-02,36.85906298086619,59.854411847524084,8.0
2022-08-03,23.260692827055713,65.48703666504778,7.0
2022-08-04,27.098645634477958,68.06499453206409,4.0
2022-08-05,33.361700190960484,48.81858305963789,3.0
2022-08-06,25.884940977934367,59.10441448816046,6.0
2022-08-07,26.488632212096064,63.32731011860949,2.0
2022-08-08,34.068169899591304,69.3213922229445,2.0
2022-08-09,27.036788268819173,50.37721191045949,10.0
2022-08-10,27.74208114842986,49.65114596922671,-9999.0
2022-08-11,24.003604204141464,50.73595084862798,
2022-08-12,23.25979133541089,,8.0
2022-08-13,31.907730043567888,-9999.0,
2022-08-14,24.122727490131492,65.02055421944137,2.0
2022-08-15,29.020433224374827,-9999.0,9.0
2022-08-16,22.570196373204706,61.85647150895324,7.0
2022-08-17,30.568446244669754,48.609239896314065,6.0
2022-08-18,28.582935584273876,57.82492183467313,9.0
2022-08-19,25.262666527020485,67.96300590791469,6.0
2022-08-20,37.881215424947214,61.080752879679174,1.0
2022-08-21,24.909847141314728,40.09033355675214,2.0
2022-08-22,32.33738104122953,59.778101971387635,
2022-08-23,-9999.0,,2.0
2022-08-24,25.433037615565723,56.891031814974305,2.0
2022-08-25,24.87540391304356,71.17168518259626,10.0
2022-08-26,27.913393040900683,59.17711953719895,4.0
2022-08-27,23.559132733650873,59.799029744289236,8.0
2022-08-28,27.165709486043458,55.98534865289277,8.0
2022-08-29,22.976132422340832,48.30904886429436,9.0
2022-08-30,35.29339649816484,65.51011148983378,3.0
2022-08-31,27.295076452161915,-9999.0,9.0
2022-09-01,26.127740492356473,68.08140887256417,10.0
2022-09-02,20.346502606917987,51.90413588650851,10.0
2022-09-03,19.448980839221317,65.13321027353906,10.0
2022-09-04,-9999.0,48.32663887651147,5.0
2022-09-05,27.370384323331997,61.61703537968194,1.0
2022-09-06,,,1.0
2022-09-07,26.39109062617241,59.54708791888411,7.0
2022-09-08,23.568378607673456,60.55068554127822,7.0
2022-09-09,33.86322987719755,63.11854597447488,2.0
2022-09-10,30.062495382121284,59.90247070786745,4.0
2022-09-11,29.115956868705474,51.353329013621796,5.0
2022-09-12,24.48647417101298,69.11725083992148,7.0
2022-09-13,20.409100951627323,51.277562401081255,2.0
2022-09-14,29.07364103343988,69.93360861646735,
2022-09-15,22.35233817326431,63.257264588150996,2.0
2022-09-16,,41.967270709488716,3.0
2022-09-17,27.415384894084376,73.45799722205187,3.0
2022-09-18,27.79538526490996,55.73495714839196,2.0
2022-09-19,26.84324007906493,60.94396820483956,1.0
2022-09-20,19.210648799296703,68.23664716463986,4.0
2022-09-21,21.714132811469682,64.0287839017478,4.0
2022-09-22,27.001228274945383,63.478635734627424,8.0
2022-09-23,20.422829263432646,56.863750883956335,7.0
2022-09-24,29.786121878804295,,7.0
2022-09-25,19.38414458501041,59.939127288864654,3.0
2022-09-26,18.690071846778203,48.263238767703484,6.0
2022-09-27,26.878644162345104,63.30495741570087,7.0
2022-09-28,18.747900131424828,73.28437165925362,1.0
2022-09-29,28.851940652193665,61.17955815297354,1.0
2022-09-30,22.265808387760295,53.1511334043422,4.0
2022-10-01,24.75297177352551,73.95644038466479,9.0
2022-10-02,23.222782662617607,43.648435179284824,10.0
2022-10-03,25.714199428834796,61.9054158831907,6.0
2022-10-04,28.485695042559215,63.520182889198054,8.0
2022-10-05,24.833128127620512,57.85621902613317,7.0
2022-10-06,20.41748252863438,42.33010554913541,10.0
2022-10-07,27.852101430666263,50.21287150993337,10.0
2022-10-08,24.89470061494877,-9999.0,4.0
2022-10-09,13.296409838042798,75.22964255370734,7.0
2022-10-10,24.976752289332392,44.34568637106407,9.0
2022-10-11,25.958755049554075,-9999.0,5.0
2022-10-12,21.009845204735974,71.99812778770902,6.0
2022-10-13,,56.29079953374836,1.0
2022-10-14,19.274302345662274,53.365934237938454,8.0
2022-10-15,25.813596584272904,59.03288325490757,1.0
2022-10-16,33.94564492239436,46.536028144388084,1.0
2022-10-17,17.510678052033224,49.46510702860155,10.0
2022-10-18,-9999.0,66.67596922127898,10.0
2022-10-19,27.952052013006952,58.00493616987633,9.0
2022-10-20,16.59449025420854,65.48121622973343,3.0
2022-10-21,18.165359867935578,54.1551867497422,3.0
2022-10-22,31.12037873353696,49.65085800665515,3.0
2022-10-23,28.123354235553638,64.23537996119367,6.0
2022-10-24,26.22910772417717,54.97422377712318,
2022-10-25,24.527590288455364,57.056607902001154,8.0
2022-10-26,23.111469465709504,59.98148940679106,5.0
2022-10-27,18.135395432987885,74.67349080648181,9.0
2022-10-28,24.94619510736949,74.94688863591017,7.0
2022-10-29,19.307277198854457,46.18660646160824,3.0
2022-10-30,22.44079174352249,59.469801846292356,2.0
2022-10-31,22.74756590616124,55.963252226117284,3.0
2022-11-01,29.320589778172142,60.59472070722078,7.0
2022-11-02,21.736696882321635,-9999.0,1.0
2022-11-03,37.55873209347726,66.22151964612418,2.0
2022-11-04,24.14209452509,64.1690190211743,5.0
2022-11-05,20.07340020870611,60.99565722485689,2.0
2022-11-06,28.867779385307212,80.43242762894329,2.0
2022-11-07,24.39406451933289,66.6588184022239,6.0
2022-11-08,30.189282494897277,71.16501740954354,6.0
2022-11-09,-9999.0,53.663802356198104,9.0
2022-11-10,22.482620231099276,58.66558624555152,6.0
2022-11-11,25.276647321201537,50.7112372063418,3.0
2022-11-12,24.522841757363288,51.16075203270663,7.0
2022-11-13,29.26868410800562,66.81509045463274,4.0
2022-11-14,30.628283904948233,63.35366021070449,7.0
2022-11-15,26.097368676710705,46.10604394383391,1.0
2022-11-16,22.534247290755467,59.31960928411831,8.0
2022-11-17,19.720020797426567,49.684265485549446,
2022-11-18,30.999413473713062,74.55310682719438,9.0
2022-11-19,21.609258069070187,63.738018425918526,1.0
2022-11-20,20.40372615663447,43.56098936700962,4.0
2022-11-21,23.078557114275505,70.61627165391587,3.0
2022-11-22,22.85455237472587,66.02612932386614,4.0
2022-11-23,30.408004935611466,58.45009733548917,5.0
2022-11-24,,54.46103893919044,2.0
2022-11-25,14.408866037907032,63.98939973241112,3.0
2022-11-26,23.3204276925159,70.38553938542515,3.0
2022-11-27,24.98490471492033,48.09110722697393,1.0
2022-11-28,19.41518489476637,49.10807841308923,6.0
2022-11-29,28.11949775584239,68.05094440424355,7.0
2022-11-30,18.959506896821274,62.21327839700055,8.0
2022-12-01,-9999.0,54.76397276665394,3.0
2022-12-02,25.226762864673365,57.768419819683736,8.0
2022-12-03,18.071059446700282,-9999.0,10.0
2022-12-04,16.019724460759054,53.57892722009747,-9999.0
2022-12-05,29.20408053271169,50.881634233704936,6.0
2022-12-06,28.70293612178017,-9999.0,2.0
2022-12-07,33.61264556572995,62.11552157480798,7.0
2022-12-08,22.47046823488201,55.35362622415201,2.0
2022-12-09,26.30612685579216,69.48281461351297,9.0
2022-12-10,21.352466916234977,62.074474290982344,7.0
2022-12-11,28.289514296366,49.916115472002616,8.0
2022-12-12,18.345709854773965,54.64237049835286,10.0
2022-12-13,26.589376371327024,56.068652458002674,3.0
2022-12-14,21.79501356399986,59.69490115809546,9.0
2022-12-15,26.58750766454995,58.73859736553733,9.0
2022-12-16,17.55341616799429,77.55411602930657,1.0
2022-12-17,26.958569205237573,59.09642069546058,5.0
2022-12-18,21.85257889137985,51.648632306809226,6.0
2022-12-19,26.853999828218154,54.262212855426306,10.0
2022-12-20,19.081134853451147,78.65009919404622,-9999.0
2022-12-21,24.20293667668024,,2.0
2022-12-22,31.47750783057296,67.40564692522496,10.0
2022-12-23,27.254889977593223,52.86979051910416,6.0
2022-12-24,24.679796081279996,52.549778911721454,8.0
2022-12-25,19.500414400434472,66.83966643983594,2.0
2022-12-26,19.872645753369245,67.86071901651147,6.0
2022-12-27,,67.46131653181047,9.0
2022-12-28,29.34447998499779,50.19997117762936,6.0
2022-12-29,,59.33533060781951,7.0
2022-12-30,16.58764670319181,71.29679471828238,4.0
2022-12-31,17.044937543807027,51.56675610400677,5.0
2023-01-01,31.004220589156002,43.325654672366746,9.0
2023-01-02,27.42472861781643,74.31560380716529,9.0
2023-01-03,26.254217011398207,62.84595956708019,2.0
2023-01-04,12.938454465000387,68.85600962088728,4.0
2023-01-05,19.173211601053396,61.59495352673365,5.0
2023-01-06,27.34855568044735,69.26656921448233,7.0
2023-01-07,25.76254580291843,67.06972722738985,6.0
2023-01-08,,-9999.0,6.0
2023-01-09,,62.9008904271567,1.0
2023-01-10,22.721123105153225,66.81345869917732,1.0
2023-01-11,34.16817993631776,48.7720635410803,3.0
2023-01-12,19.815424628595395,60.57957791298416,4.0
2023-01-13,24.90484419615914,51.37674030688791,8.0
2023-01-14,23.748987466527684,51.75694048276792,5.0
2023-01-15,19.95654305959995,,4.0
2023-01-16,30.7866476018375,59.94323722184314,7.0
2023-01-17,20.26196168816153,53.86654626279064,6.0
2023-01-18,,44.882761371994604,6.0
2023-01-19,33.386152040436826,61.589696100898514,9.0
2023-01-20,13.78580496011905,61.41190620547045,1.0
2023-01-21,23.571700512069615,58.73774462273137,1.0
2023-01-22,28.27601785557747,79.54434353625564,
2023-01-23,16.153537022960414,60.630352400470606,8.0
2023-01-24,24.87467833315857,54.77213305065116,8.0
2023-01-25,25.053495785859162,45.40799737400222,2.0
2023-01-26,28.720274117192563,64.20461433523646,9.0
2023-01-27,24.617285706022088,62.609205877425346,4.0
2023-01-28,32.26047016920991,69.29601207697786,9.0
2023-01-29,24.514428459187872,,7.0
2023-01-30,32.76014980951231,71.64359345222749,1.0
2023-01-31,23.65106857550796,67.52793818213162,2.0
2023-02-01,,41.779104080710894,9.0
2023-02-02,17.80725620432889,,4.0
2023-02-03,33.082290156058065,58.006038460445296,
2023-02-04,13.579036402318216,55.10586288834944,9.0
2023-02-05,30.707150433349675,63.87685548323237,7.0
2023-02-06,25.762838177196084,59.749864327964374,7.0
2023-02-07,26.093753344197378,50.86864555525301,9.0
2023-02-08,30.863339164124913,64.10322022959612,4.0
2023-02-09,30.993688610462108,69.41682183576617,10.0
2023-02-10,23.0010062986219,54.01200319205151,-9999.0
2023-02-11,31.88941216334817,72.64134950145274,3.0
2023-02-12,24.85327910152431,54.696725315413026,
2023-02-13,10.762132551444235,55.23315566671082,5.0
2023-02-14,27.08101033935194,57.192533387393524,6.0
2023-02-15,29.831374473410943,,6.0
2023-02-16,22.952958560254466,80.58311791063943,2.0
2023-02-17,33.34107873335429,52.299874515329364,4.0
2023-02-18,26.32626501779048,62.266546634967895,4.0
2023-02-19,-9999.0,50.947200966427765,4.0
2023-02-20,24.48805387311095,52.704711661717575,3.0
2023-02-21,33.358523723267666,49.95064567922554,6.0
2023-02-22,16.680075031920808,74.0748427114317,4.0
2023-02-23,23.677015629974562,46.05356511687114,7.0
2023-02-24,23.540178234876997,43.88092069544878,4.0
2023-02-25,25.9670099859513,69.14664797984727,4.0
2023-02-26,16.942333388259375,52.48063052427142,6.0
2023-02-27,38.025098742007394,,9.0
2023-02-28,20.65377781990674,49.99301092974058,2.0
2023-03-01,18.54162922101293,69.54243675181246,10.0
2023-03-02,25.607596037388852,55.897786639422684,10.0
2023-03-03,-9999.0,40.63051271368059,8.0
2023-03-04,24.075590756108852,59.68830837507392,5.0
2023-03-05,20.96513154921928,52.81563235668175,3.0
2023-03-06,35.22399693855681,57.81583438433031,8.0
2023-03-07,27.700441361281435,52.99195381617071,4.0
2023-03-08,21.953414225551253,49.421599282988566,3.0
2023-03-09,36.785044481691216,68.90950961707819,4.0
2023-03-10,33.79237349550746,52.926017111557954,10.0
2023-03-11,26.60530764322839,64.57320281737505,4.0
2023-03-12,-9999.0,57.492491739642695,9.0
2023-03-13,28.992605751165485,57.65674045520041,6.0
2023-03-14,21.229855812175334,-9999.0,1.0
2023-03-15,20.46041480707493,44.85409803658332,2.0
2023-03-16,26.12709004374509,68.24478422153604,8.0
2023-03-17,-9999.0,51.291117014640534,2.0
2023-03-18,29.3298689243929,84.32292755180245,9.0
2023-03-19,28.753814179501845,53.51378815682269,4.0
2023-03-20,15.130816704143777,81.22947176382203,4.0
2023-03-21,28.07781930504204,52.91330295526666,10.0
2023-03-22,33.91698484528224,57.81798368849024,2.0
2023-03-23,,45.300467650116474,2.0
2023-03-24,20.114988421631335,54.631195553200264,1.0
2023-03-25,26.141066406899114,61.81844744350575,7.0
2023-03-26,24.536712450525997,61.602857669751565,9.0
2023-03-27,22.65559372121688,53.217905816830424,6.0
2023-03-28,31.2711912868306,67.44791062292664,3.0
2023-03-29,22.15128426261225,74.12690429404593,10.0
2023-03-30,22.63444218552941,64.69662841987449,7.0
2023-03-31,-9999.0,73.43895256247968,5.0
2023-04-01,26.693651093242302,71.58427051147339,-9999.0
2023-04-02,21.978179693559387,-9999.0,9.0
2023-04-03,26.647252882833378,57.56101773853442,1.0
2023-04-04,29.670819447073153,64.84780743832152,3.0
2023-04-05,24.720726079967548,57.111763547267046,10.0
2023-04-06,17.609189677772548,68.99926723462994,1.0
2023-04-07,24.466417992275908,85.24573255543041,2.0
2023-04-08,17.02705073001209,80.10834987276935,8.0
2023-04-09,24.326562505959682,62.598049682415684,7.0
2023-04-10,26.170385526774663,61.50993125045863,3.0
2023-04-11,-9999.0,59.15755550838801,2.0
2023-04-12,22.44358586350612,59.797828922525156,3.0
2023-04-13,-9999.0,54.94392629309337,6.0
2023-04-14,18.783863439860966,,6.0
2023-04-15,29.715192571595708,59.27861289902481,8.0
2023-04-16,34.64618252350033,67.69375085438743,1.0
2023-04-17,29.339247653500387,46.915911176836346,4.0
2023-04-18,24.264763377615914,57.732263994624084,6.0
2023-04-19,13.822218056005092,69.36053652428417,8.0
2023-04-20,27.363971013835055,68.25836137132883,10.0
2023-04-21,24.813809676378312,55.99808288320529,2.0
2023-04-22,20.62374287253171,72.30412423585523,7.0
2023-04-23,25.76015874775043,52.27554234307763,7.0
2023-04-24,32.02928999367045,57.50116684163601,
2023-04-25,,47.09729498075584,9.0
2023-04-26,20.99181068323943,73.2018919160132,1.0
2023-04-27,34.3132708272623,60.338145943898965,10.0
2023-04-28,22.051284729084944,48.374779043576766,4.0
2023-04-29,26.778653578224528,72.42787697114073,2.0
2023-04-30,27.164279329573965,60.89605419314532,1.0
2023-05-01,22.680215126617114,64.96932559932841,7.0
2023-05-02,24.88151825100196,62.15508555127023,6.0
2023-05-03,29.580889277746166,57.19836585315781,1.0
2023-05-04,,54.754271187116494,6.0
2023-05-05,23.43850922152425,66.81544900798777,2.0
2023-05-06,19.532058944415848,59.29425131779286,5.0
2023-05-07,33.27135973122779,-9999.0,7.0
2023-05-08,22.830090411629026,54.13094064018771,2.0
2023-05-09,23.094482411467983,67.53640941687135,
2023-05-10,,67.26820577865331,8.0
2023-05-11,30.33174437240484,57.383441999626264,10.0
2023-05-12,23.709487421156684,63.393925419652966,3.0
2023-05-13,21.23386420419199,58.994735626779224,2.0
2023-05-14,32.099815297209005,67.66240465254359,5.0
2023-05-15,16.455059702992997,59.14620535162673,-9999.0
2023-05-16,23.46351473479067,54.44441122392337,1.0
2023-05-17,28.605748720424202,59.78759135611237,1.0
2023-05-18,23.14565174411251,42.833087067766925,1.0
2023-05-19,30.495986590775495,62.00097725832052,10.0
2023-05-20,18.697626052535767,62.41438335218921,10.0
2023-05-21,32.55882098110766,53.40753870897172,8.0
2023-05-22,22.17084040057518,65.64707566912423,2.0
2023-05-23,21.555495654305005,58.76007342335842,6.0
2023-05-24,25.232741052152235,68.7341961193272,7.0
2023-05-25,25.26846093331195,48.465906493936394,4.0
2023-05-26,32.96769102285867,44.78565629936196,10.0
2023-05-27,21.143109924478033,61.95481423166855,5.0
2023-05-28,18.4372534519918,,9.0
2023-05-29,-9999.0,53.84699241739238,6.0
2023-05-30,22.583266635032775,62.64506025316533,2.0
2023-05-31,16.093705413636457,40.339221485287,2.0
2023-06-01,20.229526096463562,49.17958696904109,6.0
2023-06-02,26.632940909127058,-9999.0,4.0
2023-06-03,30.615443921415093,72.4153824199671,2.0
2023-06-04,28.995860124444533,59.08468294474251,9.0
2023-06-05,27.165786670753686,75.24229783905189,5.0
2023-06-06,21.694802972603075,49.374882664150405,10.0
2023-06-07,24.60474222709165,52.993757502504586,4.0
2023-06-08,34.22685303999937,58.42318520228478,9.0
2023-06-09,23.5202928890359,66.95049115179924,6.0
2023-06-10,20.782108365683758,67.69766444928024,2.0
2023-06-11,32.003087001700806,68.65439283911357,8.0
2023-06-12,19.33803203733163,57.51364067623992,7.0
2023-06-13,24.545074064703282,55.15184111463749,9.0
2023-06-14,27.0304625766183,70.30733051039215,6.0
2023-06-15,20.193395021571796,62.97180640097836,8.0
2023-06-16,,,3.0
2023-06-17,22.491581971728262,77.28545886356737,9.0
2023-06-18,34.44061032072586,,7.0
2023-06-19,24.571320567153034,62.13210767105451,7.0
2023-06-20,31.874593665233093,76.18766648189387,4.0
2023-06-21,23.61247323041934,62.73497105156265,7.0
2023-06-22,24.80394364378093,67.08038835638693,8.0
2023-06-23,27.983002441926924,62.57741742880587,2.0
2023-06-24,,,7.0
2023-06-25,,48.312489489174105,
2023-06-26,24.48431780649327,69.42537219727305,10.0
2023-06-27,38.61956690874746,62.515322197253866,7.0
2023-06-28,27.43112314622235,59.887093663204276,1.0
2023-06-29,32.762664569438506,62.744199878679794,4.0
2023-06-30,26.487280445525794,64.74775801082285,1.0
2023-07-01,32.50059621359488,61.652188037267166,10.0
2023-07-02,21.542049232909953,56.838659708179854,10.0
2023-07-03,17.15508928771147,56.45188001658409,4.0
2023-07-04,27.745243251660582,,
2023-07-05,20.509287148400443,48.65721051967434,10.0
2023-07-06,17.944924005644438,56.117163446201346,6.0
2023-07-07,17.385925803916226,73.14042740100282,
2023-07-08,30.480202758525913,62.91171278172093,1.0
2023-07-09,26.608819747447587,65.60543697936427,10.0
2023-07-10,31.555256403587304,56.93562975148462,8.0
2023-07-11,20.478678784513622,33.70565573994857,8.0
2023-07-12,36.81547572344438,,6.0
2023-07-13,20.48739836531367,70.04984396151114,4.0
2023-07-14,16.17126562030774,70.54520693506943,3.0
2023-07-15,20.721442829353755,57.39019071091294,3.0
2023-07-16,21.42232119375675,65.16594628947448,2.0
2023-07-17,19.93026956373384,65.12010190991822,10.0
2023-07-18,-9999.0,56.81276430043731,2.0
2023-07-19,19.30744897708169,51.00182409619774,1.0
2023-07-20,-9999.0,57.88309884808115,6.0
2023-07-21,21.55666376283971,52.11224065044826,4.0
2023-07-22,25.913478124288236,66.90999227412313,4.0
2023-07-23,31.50179135059352,,10.0
2023-07-24,-9999.0,70.10832098977346,8.0
2023-07-25,24.6751017072671,72.86204169340083,10.0
2023-07-26,22.652801600269612,73.39095458931364,9.0
2023-07-27,21.02927826791162,49.30606460582082,7.0
2023-07-28,,,10.0
2023-07-29,29.028203954398528,51.14513566675477,2.0
2023-07-30,29.915007339249836,70.44965769360677,1.0
2023-07-31,19.797735309955687,58.611016882470814,3.0
2023-08-01,21.28721653925752,51.97955461673057,5.0
2023-08-02,21.647858148748323,,1.0
2023-08-03,24.982514066541466,65.23190861183888,10.0
2023-08-04,23.13533145194478,69.31017749139033,4.0
2023-08-05,27.078585338943647,45.99219818201513,6.0
2023-08-06,28.530985850923187,62.863600551598125,8.0
2023-08-07,20.19600182664246,,3.0
2023-08-08,9.361335009651441,70.85580949622292,4.0
2023-08-09,16.9660791526211,,4.0
2023-08-10,25.5498207929211,68.53109869254855,3.0
2023-08-11,32.74413501871508,70.00934024721495,3.0
2023-08-12,-9999.0,49.02210445500295,7.0
2023-08-13,27.91835455893211,80.27996475475433,9.0
2023-08-14,30.641543765831063,68.77044152449169,7.0
2023-08-15,22.490808137601555,55.81984540995842,6.0
2023-08-16,27.23821151728382,54.95349124204989,7.0
2023-08-17,33.33845742365915,71.12047205651433,6.0
2023-08-18,26.9279921697836,39.099468213476115,1.0
2023-08-19,28.43352116900311,66.60699090750613,10.0
2023-08-20,16.765497201348463,38.21712408683388,3.0
2023-08-21,28.228670853640807,66.74491196114629,1.0
2023-08-22,31.330888481629707,53.75517949866707,3.0
2023-08-23,23.75351038614163,53.49260084488458,-9999.0
2023-08-24,23.284787147544282,55.45957244970036,7.0
2023-08-25,25.660231277027012,58.61804800106108,2.0
2023-08-26,27.197325199258444,49.24363478730598,9.0
2023-08-27,22.722804828250542,55.510529139079075,1.0
2023-08-28,29.03352840804277,67.08053259529129,2.0
2023-08-29,21.554527241795256,57.374881526875626,6.0
2023-08-30,21.544950523183253,64.29238491310987,9.0
2023-08-31,28.424476121328425,42.07389020448453,8.0
2023-09-01,21.157393164739368,45.681452258983015,5.0
2023-09-02,20.76284300332889,35.80435465334621,9.0
2023-09-03,21.846519589133628,54.42333475177628,1.0
2023-09-04,22.847940015132544,54.52670465328211,10.0
2023-09-05,24.84677664190077,63.75438927799147,1.0
2023-09-06,16.13258644855253,56.58274235312737,3.0
2023-09-07,28.638836104040564,59.341490698572365,2.0
2023-09-08,25.950456575780088,72.12699957526354,5.0
2023-09-09,27.57609322127577,71.81471347473318,4.0
2023-09-10,18.886160413627493,,7.0
2023-09-11,20.52616384458778,72.0430225916174,10.0
2023-09-12,29.669067199878945,65.65988631945223,2.0
2023-09-13,25.77535746027828,43.372552691261674,3.0
2023-09-14,19.21051050809826,58.679633362400445,5.0
2023-09-15,20.091065436746753,63.12013509528548,5.0
2023-09-16,28.07411466267543,59.04645540273058,6.0
2023-09-17,34.37979595713291,59.646398024558124,8.0
2023-09-18,34.695584518764285,49.06790576644893,5.0
2023-09-19,20.871761137928626,61.85294201216596,6.0
2023-09-20,27.449233777811706,70.29809652804566,10.0
2023-09-21,29.356242936546735,51.193342797866464,10.0
2023-09-22,33.2416738017739,53.59488751033631,4.0
2023-09-23,29.077218627293107,68.77448796499279,6.0
2023-09-24,22.544619088379072,41.880969843650334,3.0
2023-09-25,26.948366725872035,59.75221504033526,6.0
2023-09-26,22.139036598135622,68.68881304841298,6.0
2023-09-27,-9999.0,59.787564430330185,9.0
2023-09-28,22.12582366910124,58.2825794904622,3.0
2023-09-29,29.680381529759252,69.91126343410434,7.0
2023-09-30,31.532595521880467,49.20712673841006,9.0
2023-10-01,13.90383333627941,66.2450062814705,4.0
2023-10-02,24.744085019945228,59.150926501429076,4.0
2023-10-03,,46.26791890343967,2.0
2023-10-04,16.29579966087438,37.81822843489451,6.0
2023-10-05,29.38377279554999,61.575797787060495,
2023-10-06,36.00949409552463,-9999.0,4.0
2023-10-07,,69.54079468342941,6.0
2023-10-08,26.680592687519184,48.50022783677913,
2023-10-09,23.847423324457324,72.9746176226213,1.0
2023-10-10,18.19659724585284,-9999.0,10.0
2023-10-11,25.692466306518337,41.02533512762674,-9999.0
2023-10-12,26.841794741909656,60.14113790790831,2.0
2023-10-13,24.96713874222574,63.03155291194265,-9999.0
2023-10-14,18.96013568349547,,5.0
2023-10-15,28.174737704883793,62.46652623355239,3.0
2023-10-16,13.712519444197364,88.65456534779455,7.0
2023-10-17,17.918554837768447,63.70286809129764,9.0
2023-10-18,24.149885699036858,42.25464680241183,1.0
2023-10-19,29.5462747290367,50.01890631263974,3.0
2023-10-20,28.418115600678064,52.04587287081765,8.0
2023-10-21,28.42051008089083,,5.0
2023-10-22,25.669381666338158,78.01220658820463,10.0
2023-10-23,,59.193095608827946,3.0
2023-10-24,-9999.0,,7.0
2023-10-25,19.20904839725596,43.57692404589311,4.0
2023-10-26,32.84667282999563,,4.0
2023-10-27,25.44413583764578,70.71590693410248,4.0
2023-10-28,22.429119463584932,59.313694085070885,3.0
2023-10-29,28.770759241861583,65.4094466874703,3.0
2023-10-30,31.342483366970022,65.01197502677411,10.0
2023-10-31,14.534242757654905,-9999.0,9.0
2023-11-01,28.414873664685555,50.75379235784315,
2023-11-02,29.843833383156884,45.36744147721829,
2023-11-03,27.945325333996173,63.605435756315856,-9999.0
2023-11-04,22.76944524229781,54.132619027786056,3.0
2023-11-05,16.296519547501415,71.44362302205904,7.0
2023-11-06,28.55933901340697,63.91916473635676,3.0
2023-11-07,21.81516874644432,73.11579199013768,2.0
2023-11-08,,75.37703956229561,10.0
2023-11-09,29.46992887835378,69.59626477322516,
2023-11-10,15.949221360045982,-9999.0,10.0
2023-11-11,21.756223617253514,61.110708445312376,4.0
2023-11-12,19.854832505764644,60.08992819869401,-9999.0
2023-11-13,30.173762450938344,72.21092767286338,10.0
2023-11-14,23.122654363986804,57.532687670548555,1.0
2023-11-15,29.065885802401134,51.03527923416514,4.0
2023-11-16,,58.388974887267466,1.0
2023-11-17,24.920808015915586,59.84500160440447,8.0
2023-11-18,16.394636352729265,54.63433477632867,8.0
2023-11-19,25.80401769569954,62.561828544633194,3.0
2023-11-20,26.29063267982575,66.53236965466684,3.0
2023-11-21,32.96696302019356,65.43887171473014,7.0
2023-11-22,19.184331639589516,71.34865692577061,4.0
2023-11-23,22.879858769377314,52.515743533196,
2023-11-24,29.05989260885162,60.4123706183814,6.0
2023-11-25,22.61354828965315,60.22733880459344,9.0
2023-11-26,-9999.0,59.64773522800838,10.0
2023-11-27,29.017504814810767,,6.0
2023-11-28,28.168367291830826,62.37884336304533,10.0
2023-11-29,21.64366043775535,64.54973510184175,6.0
2023-11-30,22.30729545510224,-9999.0,-9999.0
2023-12-01,-9999.0,69.94664671088425,10.0
2023-12-02,29.65954168568094,68.79457978011891,1.0
2023-12-03,18.736908224653458,68.19851643179243,8.0
2023-12-04,14.250163557975416,64.44286339594755,6.0
2023-12-05,13.888651883291834,57.81381127320761,9.0
2023-12-06,29.94426374282643,71.58683179012048,4.0
2023-12-07,25.187310870667435,71.29553337273241,2.0
2023-12-08,-9999.0,60.037628375954306,8.0
2023-12-09,21.63739029804799,74.77540589134776,10.0
2023-12-10,28.121720693169358,,9.0
2023-12-11,32.152481586484846,66.61188671732049,4.0
2023-12-12,21.729121672587304,50.465150338735555,3.0
2023-12-13,26.205250009988568,70.16532526154815,6.0
2023-12-14,20.166056638034107,56.64598297906245,6.0
2023-12-15,24.867935696998043,71.75500097828579,9.0
2023-12-16,28.8447032802309,62.425594601266965,2.0
2023-12-17,30.20349180967046,56.97342544290563,9.0
2023-12-18,24.96041123905024,64.57816702386107,-9999.0
2023-12-19,,57.344472130806516,8.0
2023-12-20,18.85852629169033,-9999.0,9.0
2023-12-21,24.326158978071184,67.00786579633909,8.0
2023-12-22,27.622936562810462,49.593651130148686,5.0
2023-12-23,26.948935895995703,63.13869025393468,4.0
2023-12-24,16.17341186366137,48.3701702804024,5.0
2023-12-25,,68.51348089557248,1.0
2023-12-26,27.718472592749496,50.51572752212994,9.0
2023-12-27,29.80594662268669,58.58286911875516,1.0
2023-12-28,30.89198419539963,49.069660260970885,6.0
2023-12-29,30.320997214297044,72.51783280828565,3.0
2023-12-30,27.492523372527724,41.970099606034,1.0
2023-12-31,20.35087625951401,56.45038069562656,10.0
2024-01-01,28.836189966586407,54.93854388006165,6.0
2024-01-02,30.36742730162695,72.24016011768748,7.0
2024-01-03,13.448151690707284,46.514843203471344,5.0
2024-01-04,30.230397473088793,36.18795749453986,5.0
2024-01-05,28.557571275777146,63.978528142690124,4.0
2024-01-06,23.602852214742356,55.08250069626426,5.0
2024-01-07,24.075584419817343,70.55977249398828,7.0
2024-01-08,26.843198899625573,64.20080699176464,1.0
2024-01-09,17.32755243449874,60.64962328086025,6.0
2024-01-10,30.683105599408172,75.27076937994934,6.0
2024-01-11,31.594975226845143,57.60349636039719,1.0
2024-01-12,29.97094919764131,78.64290905489369,2.0
2024-01-13,26.96960561260357,65.83209230555113,
2024-01-14,30.918623654260458,62.54187948129115,9.0
2024-01-15,25.16844318331987,45.33742808657257,10.0
2024-01-16,19.78868362768266,66.66801293528292,8.0
2024-01-17,22.589751793418547,63.59606518788883,5.0
2024-01-18,29.97391796429571,57.16572256449985,4.0
2024-01-19,16.344453479859858,58.34588469235154,9.0
2024-01-20,25.490509642555924,,1.0
2024-01-21,26.596142042441283,75.35565031284,10.0
2024-01-22,18.941359222350755,63.657860769333084,4.0
2024-01-23,23.383120454603272,63.05200643067918,6.0
2024-01-24,17.847398094565442,,7.0
2024-01-25,31.58856540479247,53.258163558120245,7.0
2024-01-26,22.3744346249852,78.21834740608767,10.0
2024-01-27,16.99195852195846,52.93773141215791,10.0
2024-01-28,27.903725759379828,51.0410255904187,8.0
2024-01-29,22.692281191536804,75.31814044307026,8.0
2024-01-30,28.416515102679032,47.996712964419466,6.0
2024-01-31,14.408166888305157,59.77588956103115,9.0
2024-02-01,27.78643721877433,70.94967387064717,2.0
2024-02-02,25.650537447773555,65.40220497286019,1.0
2024-02-03,26.788529402310566,,2.0
2024-02-04,32.27509657457236,64.71706251795484,4.0
2024-02-05,31.102057960429228,61.612146584606634,10.0
2024-02-06,19.06567643651054,-9999.0,7.0
2024-02-07,-9999.0,64.89467671189553,5.0
2024-02-08,24.163065760714534,65.196725551923,9.0
2024-02-09,17.029461574938818,73.8689182782372,7.0
2024-02-10,-9999.0,50.91560979655819,4.0
2024-02-11,23.25316321483789,67.99158839094173,6.0
2024-02-12,30.552183286428505,57.465682674876504,5.0
2024-02-13,25.574852927284297,58.46510653751926,7.0
2024-02-14,28.852149061564628,51.65696032370522,4.0
2024-02-15,29.825898161879195,39.00300580905328,8.0
2024-02-16,17.710745905969326,67.16334683342137,9.0
2024-02-17,28.601553926088727,60.556945077317835,5.0
2024-02-18,19.677981465026164,82.34934212880029,-9999.0
2024-02-19,,33.057162461363035,4.0
2024-02-20,31.57706743509342,52.0855200095047,2.0
2024-02-21,26.307698369461292,73.21566968617803,2.0
2024-02-22,,64.09294924818101,9.0
2024-02-23,24.087797513007892,74.63883418187024,4.0
2024-02-24,28.0533565484645,64.10289521431203,10.0
2024-02-25,20.445398455941152,47.49794661981669,2.0
2024-02-26,16.085545058366716,42.33040969108721,2.0
2024-02-27,20.483748299102825,44.658577740792914,10.0
2024-02-28,23.273316862618728,66.62630566930841,4.0
2024-02-29,23.01282071579356,56.21409299333022,7.0
2024-03-01,-9999.0,65.46791252450382,4.0
2024-03-02,18.116971143587147,57.53998015658215,4.0
2024-03-03,28.833543403283407,75.3448188083008,10.0
2024-03-04,22.499516381145654,80.22734482306672,
2024-03-05,31.425399526255923,,2.0
2024-03-06,,57.99751759016015,7.0
2024-03-07,26.375888945739106,,3.0
2024-03-08,22.4088326438092,72.14281267927112,6.0
2024-03-09,25.805941787668786,51.8299250176088,3.0
2024-03-10,33.73562253987795,65.79940431932204,4.0
2024-03-11,24.78448240032416,61.57412759295531,8.0
2024-03-12,25.714449657785252,67.87668538474009,3.0
2024-03-13,17.629330564638103,60.420629531271864,1.0
2024-03-14,25.44531640966161,52.25382284672339,8.0
2024-03-15,26.865861596283917,71.22298674440295,2.0
2024-03-16,17.05156288581086,73.2674482338266,2.0
2024-03-17,21.898680927149165,65.21471479333367,4.0
2024-03-18,20.22345116007545,65.10876141442027,6.0
2024-03-19,30.977867928974796,55.49702542982571,9.0
2024-03-20,19.814205754566743,45.97587867114912,10.0
2024-03-21,32.56352528063373,55.71356947398616,9.0
2024-03-22,27.422872229379635,66.74107493251574,1.0
2024-03-23,30.150950934205206,57.46208679859293,6.0
2024-03-24,26.069941462256438,62.88482287250299,4.0
2024-03-25,27.393210413242276,48.86897575362012,2.0
2024-03-26,27.290740428048814,58.63856573794441,8.0
2024-03-27,25.554249764519252,60.61038306236229,8.0
2024-03-28,24.57237142987678,66.49598909081168,1.0
2024-03-29,28.491180648753407,-9999.0,3.0
2024-03-30,31.98276491624046,,6.0
2024-03-31,32.161509867152766,56.23941942863189,10.0
2024-04-01,24.64658506152126,72.42176988374814,5.0
2024-04-02,23.083875984466218,60.90814606658302,7.0
2024-04-03,23.57629934746451,60.25740300903689,2.0
2024-04-04,16.79575862149687,76.0031738378398,
2024-04-05,25.283953418705956,40.981098721645864,2.0
2024-04-06,23.409564914370378,78.6832341784678,
2024-04-07,23.334339742438893,58.65210974845513,3.0
2024-04-08,15.087943936503018,53.350725298858976,6.0
2024-04-09,23.862343921959468,74.69122070109964,-9999.0
2024-04-10,26.547383452130237,-9999.0,1.0
2024-04-11,20.876067179546006,60.010023978451144,-9999.0
2024-04-12,29.333333729810846,59.117579023734336,5.0
2024-04-13,23.630857708510288,44.484335107788866,
2024-04-14,23.08715418342558,72.1055260506896,9.0
2024-04-15,-9999.0,73.39593344345356,8.0
2024-04-16,28.16071735270779,58.9628658954527,9.0
2024-04-17,34.196022209984704,71.43615870680053,1.0
2024-04-18,23.98219835703636,49.397500268199266,8.0
2024-04-19,29.13080187164072,72.83361720640299,-9999.0
2024-04-20,33.09893145273355,-9999.0,4.0
2024-04-21,21.848147700099997,58.31273458653171,6.0
2024-04-22,19.868940917701867,54.37282892949359,10.0
2024-04-23,28.130848069713206,60.65436572573078,-9999.0
2024-04-24,28.89422699616946,60.06637552726112,5.0
2024-04-25,23.845675767094587,48.85026177724892,8.0
2024-04-26,21.36436724074967,61.96203031616217,9.0
2024-04-27,28.5255656881965,61.2500925604377,2.0
2024-04-28,31.21715851562312,-9999.0,3.0
2024-04-29,24.804610531129274,64.19240626318049,4.0
2024-04-30,23.972671219692995,57.560006018888046,6.0
2024-05-01,15.422281865672062,66.690210072293,9.0
2024-05-02,32.63142402894907,72.18530412421103,4.0
2024-05-03,14.513625192861777,52.00491612648308,10.0
2024-05-04,18.630671585822924,38.47593124046577,4.0
2024-05-05,33.714873915312836,74.4257258146513,9.0
2024-05-06,25.259945871273448,67.22523869424379,-9999.0
2024-05-07,28.44085513075919,65.17312467564003,3.0
2024-05-08,25.62524296445444,62.26047251937976,7.0
2024-05-09,28.642215681908933,62.50085820788634,1.0
2024-05-10,27.081676279620265,67.756099447814,6.0
2024-05-11,29.249180817517477,58.9036238944898,2.0
2024-05-12,27.0532379193757,72.69955065279474,3.0
2024-05-13,32.97273871248474,78.70672987104946,10.0
2024-05-14,28.964626484564533,63.490474951616314,9.0
2024-05-15,21.935213330251557,56.12702853417283,4.0
2024-05-16,25.050095907958053,66.06241093883153,2.0
2024-05-17,22.316374977566095,62.65870722917255,6.0
2024-05-18,22.95937303538366,71.3099639669573,4.0
2024-05-19,29.49355862962707,47.38150908154114,
2024-05-20,22.152938431927126,70.69898835506712,4.0
2024-05-21,19.21029292278009,74.33119133257141,4.0
2024-05-22,20.596725315986298,50.252780948172465,6.0
2024-05-23,16.2328771306705,57.195546018617705,7.0
2024-05-24,32.01867812868031,68.76546608942398,8.0
2024-05-25,20.409317163413156,51.876120155185426,4.0
2024-05-26,30.497689487210916,53.85461989363823,6.0
2024-05-27,33.16980766528782,73.80513377794776,2.0
2024-05-28,25.469537611618023,64.6138635999832,10.0
2024-05-29,24.380388630825948,76.19265757027904,8.0
2024-05-30,20.285159749352253,48.70453465184623,3.0
2024-05-31,19.471376937148946,76.90269980704417,2.0
2024-06-01,31.47978361317008,65.79709885841542,8.0
2024-06-02,21.711658552075278,-9999.0,3.0
2024-06-03,19.93082994825082,70.38915150070079,10.0
2024-06-04,23.295967662616736,55.80707015127534,4.0
2024-06-05,15.144210464377077,65.09216980340165,7.0
2024-06-06,13.380633760298466,55.90971721995164,3.0
2024-06-07,23.192680800489782,60.23643844184945,9.0
2024-06-08,25.222045697492327,67.60622593592463,5.0
2024-06-09,31.42750935939725,48.58927851565101,3.0
2024-06-10,20.985037274213997,58.22203633636261,4.0
2024-06-11,25.031175107727172,64.64071187654812,
2024-06-12,24.589239688832695,54.920416028953284,2.0
2024-06-13,27.423196979777096,49.400324143212934,7.0
2024-06-14,33.451373725902194,65.22145184526438,8.0
2024-06-15,22.23145024142274,64.48341332719932,10.0
2024-06-16,24.332649376625987,56.999778162134646,9.0
2024-06-17,24.718377936120525,69.3705049251019,5.0
2024-06-18,35.57542906376393,86.9014416633423,1.0
2024-06-19,24.095140900297856,63.132466070087276,8.0
2024-06-20,13.858812839347936,52.55351477192502,7.0
2024-06-21,34.90036223407948,60.8860067565373,8.0
2024-06-22,26.02056472712256,56.21893019506843,2.0
2024-06-23,31.91382333968069,69.08465536373036,2.0
2024-06-24,31.571648044487837,54.26729428651759,2.0
2024-06-25,23.82776559160379,70.17328383564048,9.0
2024-06-26,28.52483974743794,62.52570707504756,1.0
2024-06-27,34.411450109605674,75.50793656759993,2.0
2024-06-28,15.85774325146555,70.42207320114915,9.0
2024-06-29,27.414547664289316,59.07376255320075,8.0
2024-06-30,17.903379615064523,68.89043788874302,10.0
2024-07-01,23.250577582524933,63.98498163943624,10.0
2024-07-02,24.588014204207024,60.90519264950699,10.0
2024-07-03,28.39051016639852,-9999.0,1.0
2024-07-04,24.40743703757475,65.01642245692952,10.0
2024-07-05,20.91608214517008,57.52962814721766,
2024-07-06,,48.94040992577373,-9999.0
2024-07-07,19.556085077189646,50.92909794808398,7.0
2024-07-08,-9999.0,71.43904305861433,4.0
2024-07-09,25.174284222855682,65.51372480557342,4.0
2024-07-10,33.48619584031016,60.24728404255385,7.0
2024-07-11,9.751170572281465,59.90943817744117,4.0
2024-07-12,28.693849459060253,,8.0
2024-07-13,-9999.0,68.28865499371884,8.0
2024-07-14,29.782270678841165,54.28874586540299,3.0
2024-07-15,26.78683706475939,,9.0
2024-07-16,20.621000530494406,80.46356040799877,6.0
2024-07-17,24.227940595713733,49.38744318388721,10.0
2024-07-18,26.935411336074516,66.43689552924229,2.0
2024-07-19,23.619761410044397,60.502050207801815,9.0
2024-07-20,25.6636747793838,46.687234601371344,1.0
2024-07-21,25.37092120507496,54.79141501749644,3.0
2024-07-22,27.19136568628971,54.66740513616531,7.0
2024-07-23,34.1417438486273,60.62047093262109,4.0
2024-07-24,,54.735701357289,7.0
2024-07-25,29.56845592796283,61.917037659326226,10.0
2024-07-26,,34.43661024886495,1.0
2024-07-27,30.221466765672268,64.03910966673556,2.0
2024-07-28,23.250090064760546,52.20528713576959,1.0
2024-07-29,17.704345216819693,72.48970546517808,6.0
2024-07-30,25.428933163411713,43.64689505269254,4.0
2024-07-31,24.92632029963537,57.36165082481469,
2024-08-01,,32.03092818478737,
2024-08-02,29.731723877926868,48.87623832696572,3.0
2024-08-03,21.516870437774013,60.93544356330679,10.0
2024-08-04,16.114417405296244,-9999.0,5.0
2024-08-05,19.78255880875603,55.97291858405721,2.0
2024-08-06,25.771758314773287,58.308093136103395,6.0
2024-08-07,32.11241727214569,69.75320878270358,6.0
2024-08-08,26.049928265989188,66.0842219225941,1.0
2024-08-09,35.421165972328126,70.07302670983974,5.0
2024-08-10,29.447347662875025,51.911423752903815,3.0
2024-08-11,25.460707191824554,64.99464473059328,-9999.0
2024-08-12,16.458144303930478,58.965400470779365,3.0
2024-08-13,28.406945614035358,77.47359214071867,5.0
2024-08-14,23.621815013892725,66.0788599304093,
2024-08-15,19.89289849029143,77.39238839299318,4.0
2024-08-16,20.066713765921456,66.75927987543209,5.0
2024-08-17,29.949031020959133,58.49152035580424,-9999.0
2024-08-18,28.7851507805887,64.16058195636613,3.0
2024-08-19,19.530455486186117,66.89981501702086,4.0
2024-08-20,25.48752501843472,84.7891332513696,-9999.0
2024-08-21,25.834267627600333,49.578058243484165,
2024-08-22,16.203575303316867,54.870981296421064,9.0
2024-08-23,30.38507893144103,51.32430478060115,7.0
2024-08-24,25.795607156114656,-9999.0,5.0
2024-08-25,26.96425044597885,70.98964362962751,1.0
2024-08-26,,-9999.0,8.0
2024-08-27,25.32586406419205,73.44089522194153,5.0
2024-08-28,8.815838617671755,,2.0
2024-08-29,17.5398195344559,53.9874471392025,3.0
2024-08-30,32.731601582548166,66.67689177440981,2.0
2024-08-31,18.603844876194838,60.687329930691156,2.0
2024-09-01,27.55505768747815,63.51269143600552,
2024-09-02,19.73407864082106,44.78377724985245,3.0
2024-09-03,22.289829690188206,57.31062283473171,4.0
2024-09-04,16.023258468157195,79.93990799480551,8.0
2024-09-05,27.668920597473345,64.41181600727931,1.0
2024-09-06,30.261424801101864,57.73368124818829,-9999.0
2024-09-07,12.494405347581335,43.58888683459459,
2024-09-08,29.55830445325338,63.95688320189027,2.0
2024-09-09,20.15273270053129,68.81215236220042,3.0
2024-09-10,-9999.0,59.17785507017566,1.0
2024-09-11,23.222550697942236,65.11681227627136,8.0
2024-09-12,32.6202881788238,45.790131621913126,9.0
2024-09-13,32.416385081332976,54.455916033762435,6.0
2024-09-14,27.348062751606122,63.382989734738445,1.0
2024-09-15,31.696198007158642,67.24774257871132,2.0
2024-09-16,30.42781999894322,60.09165310833165,8.0
2024-09-17,23.31738179925871,68.96896708871613,7.0
2024-09-18,27.170855690758845,54.79775998095719,10.0
2024-09-19,24.702372234702263,59.638548613341726,3.0
2024-09-20,24.741860419620927,53.845088899918096,8.0
2024-09-21,31.072138886253395,81.0752010127403,
2024-09-22,33.078583900998325,65.8982501885906,6.0
2024-09-23,27.979687070290943,35.38530535462063,5.0
2024-09-24,25.225296376409297,48.51646443982268,7.0
2024-09-25,30.445786357813233,64.49877727805924,5.0
2024-09-26,21.806095022921777,84.56788268532875,6.0
2024-09-27,34.6437541007876,59.13308419386915,3.0
2024-09-28,29.027386779492566,43.77433660479117,5.0
2024-09-29,,88.02594070908036,2.0
2024-09-30,30.93230906140156,57.778038754619274,5.0
2024-10-01,34.14042334452919,79.42361611729008,4.0
2024-10-02,27.258505192780742,87.75807803025381,9.0
2024-10-03,32.96484279970881,63.2229702238659,4.0
2024-10-04,31.2235874568973,,5.0
2024-10-05,19.301014611967148,45.98803575825079,2.0
2024-10-06,,67.18586900581387,5.0
2024-10-07,26.30850813965868,67.49766369951169,8.0
2024-10-08,20.0698357530803,56.63765243018059,4.0
2024-10-09,21.76364617926599,50.61333529657296,4.0
2024-10-10,19.68988927395626,65.84212002493778,
2024-10-11,-9999.0,-9999.0,2.0
2024-10-12,20.20604537164084,65.51820444661647,5.0
2024-10-13,14.08036417503993,65.58930951783154,1.0
2024-10-14,25.102860310877514,48.77948675099049,
2024-10-15,32.22469955916503,62.916422735322186,2.0
2024-10-16,33.623090333377334,65.50941546444304,5.0
2024-10-17,19.322185754004305,54.11643802145089,3.0
2024-10-18,33.350115272614076,61.55774501612808,8.0
2024-10-19,36.49923097866439,63.53099877309081,2.0
2024-10-20,26.196006957091445,53.40539801873083,3.0
2024-10-21,34.087801048033796,48.499754618894315,8.0
2024-10-22,23.451930013345834,59.36344576534872,7.0
2024-10-23,20.748820998229213,71.30682652611368,
2024-10-24,24.393580552105902,42.56402844967863,8.0
2024-10-25,30.953828749198,68.03934075991124,7.0
2024-10-26,-9999.0,-9999.0,5.0
2024-10-27,33.94677594433898,62.52465670071873,5.0
2024-10-28,33.452956216803955,66.68419706181761,7.0
2024-10-29,34.60603396480215,48.79688230164556,9.0
2024-10-30,23.809365375536075,66.91894138735249,1.0
2024-10-31,31.862860329786564,,1.0
2024-11-01,18.398715855802347,49.76512559281309,10.0
2024-11-02,22.913291196885655,65.8127404814502,4.0
2024-11-03,30.57895422861201,62.05107814728334,9.0
2024-11-04,24.81837766395055,56.763450022061605,9.0
2024-11-05,25.114738040888636,49.84093333157112,4.0
2024-11-06,26.622931909775367,68.51040730679,3.0
2024-11-07,27.182464667223854,46.90100681868657,7.0
2024-11-08,14.87610081606184,59.478144303570296,7.0
2024-11-09,24.95471229160933,49.86835347160334,9.0
2024-11-10,22.060625084984814,61.44091635383371,7.0
2024-11-11,19.538401582209403,48.377350295503334,7.0
2024-11-12,26.49202750305949,65.36139881589916,6.0
2024-11-13,-9999.0,-9999.0,6.0
2024-11-14,23.891353967428888,56.785332566788654,2.0
2024-11-15,30.91978092718074,-9999.0,5.0
2024-11-16,28.586263297614238,60.27459552758531,3.0
2024-11-17,26.852819614919973,52.53074093055203,7.0
2024-11-18,24.865267966479042,55.90532950812427,10.0
2024-11-19,20.313469842765997,58.58595238445554,
2024-11-20,25.788971609865616,63.492329115860166,1.0
2024-11-21,30.742084286097093,56.985216518801046,8.0
2024-11-22,29.202278387101025,58.066757802502025,1.0
2024-11-23,18.615623627187027,-9999.0,7.0
2024-11-24,31.121997081079968,-9999.0,6.0
2024-11-25,23.703816387649336,73.26226224658349,8.0
2024-11-26,33.12867010205608,63.21302395651273,-9999.0
2024-11-27,21.86218514522762,62.05972701383425,4.0
2024-11-28,21.966051450891072,63.40806675330989,5.0
2024-11-29,30.381263722040714,42.19445280538539,9.0
2024-11-30,22.629145182433373,70.49261330731184,7.0
2024-12-01,27.447936034741986,63.006484473736805,3.0
2024-12-02,31.281997762240852,37.43049829140931,5.0
2024-12-03,18.010867323403527,81.10741455614466,8.0
2024-12-04,27.61470846287789,60.51325642939955,4.0
2024-12-05,29.73879354953854,57.22761237290981,6.0
2024-12-06,28.697804777822217,-9999.0,5.0
2024-12-07,27.113282269040074,-9999.0,6.0
2024-12-08,28.37406085682458,59.272642161672266,1.0
2024-12-09,22.481835094246804,49.35197123320346,5.0
2024-12-10,19.551328068013678,60.31475035277728,6.0
2024-12-11,21.611384991715017,71.78681808948738,
2024-12-12,27.252166147704905,66.15073267424623,7.0
2024-12-13,26.118058178577908,51.468609601401624,1.0
2024-12-14,21.143136396645748,68.44302577762785,5.0
2024-12-15,-9999.0,56.3755229284253,4.0
2024-12-16,-9999.0,66.00256219909204,6.0
2024-12-17,33.971653944478454,58.25535132565634,5.0
2024-12-18,21.158543435317572,40.910159528024906,4.0
2024-12-19,37.14422273928244,53.88319809308452,7.0
2024-12-20,30.455831092358075,59.24825076457397,3.0
2024-12-21,17.060774074999657,68.11734556566084,4.0
2024-12-22,18.59900333239755,54.198792030780886,4.0
2024-12-23,,,6.0
2024-12-24,20.191755492251698,57.458074917801824,10.0
2024-12-25,29.565798412180445,66.29363411882382,3.0
2024-12-26,,,10.0
2024-12-27,20.245697823619953,67.39576229239059,5.0
2024-12-28,19.136873948419048,57.28309873404142,9.0
2024-12-29,24.567062243657148,49.90243839456696,3.0
2024-12-30,27.07323077133248,54.389651927050785,6.0
2024-12-31,25.81619497150625,64.2532511776529,7.0
2025-01-01,26.129947717982645,50.864637501049906,5.0
2025-01-02,22.660004576619837,79.12767019512451,
2025-01-03,27.076196201820682,45.573017875285714,6.0
2025-01-04,16.61177679787589,,-9999.0
2025-01-05,15.239216947689261,74.68270650229294,6.0
2025-01-06,24.11568812715167,66.03022795536367,1.0
2025-01-07,26.308042816073606,65.51425241567925,6.0
2025-01-08,,56.63183432408021,7.0
2025-01-09,31.496535000553934,46.42157908651162,1.0
2025-01-10,,50.12345645764821,-9999.0
2025-01-11,16.091687796118705,66.50583545017507,9.0
2025-01-12,33.223599570995354,61.66455112257263,3.0
2025-01-13,31.502976971377166,67.06703275037536,6.0
2025-01-14,26.28923761266312,70.59383741834253,5.0
2025-01-15,23.297557026124675,,8.0
2025-01-16,20.26707392136334,,7.0
2025-01-17,25.216877494755078,55.466953970662196,2.0
2025-01-18,23.324732290768132,48.25958283884728,9.0
2025-01-19,23.42964525071356,39.113023998161275,6.0
2025-01-20,23.9533444787936,53.251501913576554,7.0
2025-01-21,19.436217886194555,79.10265629912963,3.0
2025-01-22,22.488213742453844,71.53584609908917,10.0
2025-01-23,30.13344842569245,66.72632956796465,1.0
2025-01-24,33.41207090182616,51.23800435377566,7.0
2025-01-25,,55.51891498615168,7.0
2025-01-26,26.938205632993874,74.03986953712868,
2025-01-27,26.55750815490114,73.4191444333151,3.0
2025-01-28,16.258466759272533,63.968477652712174,2.0
2025-01-29,20.280282656044935,62.073022310539855,7.0
2025-01-30,35.55714368289945,70.91713245619206,7.0
2025-01-31,26.650339102170264,56.59804619396855,6.0
2025-02-01,24.53122426168598,64.27779252846376,6.0
2025-02-02,25.581306536193345,52.236492514554726,2.0
2025-02-03,16.955052050893315,,7.0
2025-02-04,27.680507654228286,62.53224963725192,3.0
2025-02-05,15.373894386431063,53.31738614829475,5.0
2025-02-06,25.363928932876654,64.41860211047795,3.0
2025-02-07,21.331383568592397,51.71747633122301,7.0
2025-02-08,20.54163647732421,62.12707317280914,10.0
2025-02-09,23.425004032270856,63.63268012701591,2.0
2025-02-10,24.7086309987538,75.38847762471423,7.0
2025-02-11,20.971981973086102,76.01919604105888,2.0
2025-02-12,28.85190469254262,59.04555653633556,6.0
2025-02-13,24.760460086352158,68.33325545661974,3.0
2025-02-14,18.744097611130055,65.68210681308273,5.0
2025-02-15,24.38422456946284,73.16400148517812,10.0
2025-02-16,,66.37768157559658,10.0
2025-02-17,33.44520141719789,,1.0
2025-02-18,22.486212606630957,61.38135791296848,
2025-02-19,-9999.0,56.73398719216735,6.0
2025-02-20,27.622138404132933,-9999.0,4.0
2025-02-21,22.59176372449511,-9999.0,7.0
2025-02-22,29.932279914429373,71.82565278516574,2.0
2025-02-23,40.613637752309224,62.15727702239676,1.0
2025-02-24,24.230066989361475,66.13540750697697,10.0
2025-02-25,30.11796500654484,55.61879123061963,10.0
2025-02-26,18.158560627589452,68.18686610459928,9.0
2025-02-27,29.27248266186499,44.06960160031179,2.0
2025-02-28,,50.271774107678944,
2025-03-01,23.973443217958476,73.4807628646281,2.0
2025-03-02,29.553944472688766,64.43332941365993,4.0
2025-03-03,20.63934641686753,54.59937404213898,6.0
2025-03-04,21.89708734863894,50.862222145186124,3.0
2025-03-05,29.02262886759453,56.81572942187444,3.0
2025-03-06,28.11441147828984,53.0286377301295,8.0
2025-03-07,28.226148810196094,85.99865607307996,1.0
2025-03-08,19.92183628305746,52.65920175788194,6.0
2025-03-09,32.830970983713755,60.160227671002204,2.0
2025-03-10,29.731909155000242,43.5454976062242,9.0
2025-03-11,28.48926727561163,48.49467491242875,1.0
2025-03-12,26.790119194659702,64.11554488510214,2.0
2025-03-13,25.400906296518297,54.46553910226247,2.0
2025-03-14,19.40697443417547,67.87406487437327,6.0
2025-03-15,31.36967215264108,72.23945415785016,6.0
2025-03-16,30.58021938699397,,10.0
2025-03-17,20.605348831640196,63.059392620013284,9.0
2025-03-18,-9999.0,63.05342032197978,6.0
2025-03-19,20.749565996626192,52.472610752023215,8.0
2025-03-20,,47.63966362023809,9.0
2025-03-21,26.395731613847474,58.997201369724294,
2025-03-22,26.65722091944818,63.19526947575119,5.0
2025-03-23,27.018107435965405,66.69079301343454,
2025-03-24,,54.698473072752336,8.0
2025-03-25,22.08349900345455,49.1001136823562,5.0
2025-03-26,29.08033291239913,60.30171360720331,10.0
2025-03-27,26.135311528187213,41.53670569493578,8.0
2025-03-28,24.104507698054135,55.8454023147369,1.0
2025-03-29,22.692722989199446,60.60094480977385,3.0
2025-03-30,32.5097256069261,72.17645322527234,3.0
2025-03-31,28.49642763036931,75.04956172839303,1.0
2025-04-01,22.807268161801943,43.40372530480907,2.0
2025-04-02,19.961066060468482,62.818831843644766,9.0
2025-04-03,23.164420421185667,55.703640786990825,4.0
2025-04-04,19.95936677852262,53.5262438135882,3.0
2025-04-05,26.195272122422296,82.15603033828918,5.0
2025-04-06,26.607716881149035,58.802373674656,7.0
2025-04-07,26.317368954578143,47.88849573654506,4.0
2025-04-08,33.89776243035293,61.660612181206545,7.0
2025-04-09,20.22621013220806,60.54967120922894,4.0
2025-04-10,20.792824717718233,28.256262930479686,3.0
2025-04-11,19.26747967222953,47.87385726530852,7.0
2025-04-12,18.00805829763914,54.88579311247048,4.0
2025-04-13,22.074174609840732,78.26678965122417,3.0
2025-04-14,25.60153587365369,74.23297210148894,7.0
2025-04-15,-9999.0,56.88193921064837,2.0
2025-04-16,25.93910533238257,50.48179883914017,4.0
2025-04-17,23.30535661485777,48.669447324371184,5.0
2025-04-18,20.091131912020792,57.48156039135814,9.0
2025-04-19,31.729927634205325,78.99845502455102,4.0
2025-04-20,24.02635959360093,48.110921409161485,2.0
2025-04-21,32.34348810863507,,3.0
2025-04-22,-9999.0,70.30427044618702,
2025-04-23,19.68415485003686,47.461663023959275,10.0
2025-04-24,19.933319888997794,60.559982854605124,1.0
2025-04-25,20.54420875372907,55.949187817032126,7.0
2025-04-26,22.817373048774602,76.43285302856475,5.0
2025-04-27,32.69913411115034,,6.0
2025-04-28,28.31745658996139,44.5595772818773,7.0
2025-04-29,16.7744789898591,61.831008168495885,3.0
2025-04-30,16.3069657789068,64.80198319284094,7.0
2025-05-01,26.03193484565566,61.46724547260359,3.0
2025-05-02,,63.707098291751834,9.0
2025-05-03,22.07058258140876,68.77661720768964,10.0
2025-05-04,20.11987004376836,70.69172050980688,5.0
2025-05-05,31.345192102396894,55.7386945865653,3.0
2025-05-06,22.611354654470837,73.14109276355735,4.0
2025-05-07,24.41278418525657,64.50158743034348,3.0
2025-05-08,,,9.0
2025-05-09,18.327094178295027,47.96188126214155,
2025-05-10,29.18578082460163,68.1680460500069,8.0
2025-05-11,31.869043061479395,57.454562285790104,8.0
2025-05-12,19.468918496674032,-9999.0,8.0
2025-05-13,23.171189486490942,58.201388005656774,7.0
2025-05-14,26.41309349974793,72.89391699366685,3.0
2025-05-15,23.089833672505037,43.6250799022434,7.0
2025-05-16,31.611986474492916,81.42127088679811,3.0
2025-05-17,16.553617728225138,61.69747792780769,9.0
2025-05-18,36.57554126284972,76.67449557865342,4.0
2025-05-19,25.297079314611256,66.9134768139701,10.0
2025-05-20,26.07151915470337,67.49661711120363,8.0
2025-05-21,30.33242339810829,53.81211069789974,9.0
2025-05-22,29.909498611411763,71.50031074233115,-9999.0
2025-05-23,-9999.0,61.242121889064734,9.0
2025-05-24,28.40530945364277,38.91119279895051,1.0
2025-05-25,14.527344487124964,62.46655729331507,4.0
2025-05-26,18.030572787392416,57.95652251380704,2.0
2025-05-27,22.673440444844896,60.55003904205497,3.0
2025-05-28,23.506051276493388,70.09533135875223,10.0
2025-05-29,29.176302054054716,62.29833916277926,-9999.0
2025-05-30,25.4108218349349,42.623744496082146,2.0
2025-05-31,24.25953916402904,57.81330914206403,1.0
2025-06-01,21.506162557893145,60.48112524263251,4.0
2025-06-02,18.516626878914288,52.847361688778165,4.0
2025-06-03,-9999.0,-9999.0,6.0
2025-06-04,19.44057445516128,67.79180517758002,8.0
2025-06-05,27.252301538185538,52.91234107584164,4.0
2025-06-06,21.459358184175223,50.41647258075732,4.0
2025-06-07,20.910559530989516,48.12295885504001,6.0
2025-06-08,25.81514367596646,,6.0
2025-06-09,30.766107900904842,66.3156951658942,2.0
2025-06-10,18.009230868361197,58.58149269742119,8.0
2025-06-11,31.821649201117967,43.49435590007643,9.0
2025-06-12,31.263644856686664,48.851180878129284,10.0
2025-06-13,22.273896803947515,54.701969619833996,6.0
2025-06-14,24.137319309332117,55.13063458971571,9.0
2025-06-15,22.625045685136342,41.14760109293015,8.0
2025-06-16,22.98951772431992,62.246476580489805,7.0
2025-06-17,22.58065462938737,53.34655861856206,1.0
2025-06-18,21.681360886927926,51.97156040963925,6.0
2025-06-19,27.32134332625955,58.885962652936804,5.0
2025-06-20,24.97326745575903,57.934262023627966,9.0
2025-06-21,30.610507323201126,75.24360707271686,2.0
2025-06-22,20.180503128366027,67.02759182710318,3.0
2025-06-23,-9999.0,44.65472548519516,5.0
2025-06-24,-9999.0,45.69071552779456,1.0
2025-06-25,32.52904736185011,61.32618421497051,3.0
2025-06-26,31.575546294225582,57.145164713152035,6.0
2025-06-27,29.8192822761055,52.42232659664452,7.0
2025-06-28,24.46933706885018,53.482663022483194,3.0
2025-06-29,,60.18134520282529,10.0
2025-06-30,29.556378601249556,59.822546547992296,1.0
2025-07-01,21.78304009084881,53.87583421664994,2.0
2025-07-02,,53.74652777290899,10.0
2025-07-03,25.655943701098458,55.750102255630104,7.0
2025-07-04,29.858723143117345,64.75059570974983,2.0
2025-07-05,19.273749922076018,75.00989584722977,9.0
2025-07-06,24.9292590682615,33.725647221028524,7.0
2025-07-07,23.93151964682669,,3.0
2025-07-08,23.641215799231652,61.37722335592274,9.0
2025-07-09,15.051288997604837,66.20813238729009,1.0
2025-07-10,,64.89952231210779,-9999.0
2025-07-11,27.66560978667449,61.899362260022464,10.0
2025-07-12,20.293288986360054,61.411738533314,8.0
2025-07-13,29.90408018274625,75.39465052577106,1.0
2025-07-14,20.991450167402398,,6.0
2025-07-15,21.001879332577268,50.273931951211246,8.0
2025-07-16,23.84642558681857,63.543515980318595,6.0
2025-07-17,19.566503664800102,52.118787324598514,8.0
2025-07-18,25.19457876390254,51.75571809908442,9.0
2025-07-19,19.734260278910227,55.92559884932281,7.0
2025-07-20,20.987795515823215,74.3034434188365,8.0
2025-07-21,27.065437747134418,38.648976171859346,10.0
2025-07-22,20.96702392339902,68.85404517279191,7.0
2025-07-23,26.13053134028239,69.08234269326846,8.0
2025-07-24,23.291291962358283,52.87539972739013,3.0
2025-07-25,22.192030008944293,61.94493172706688,1.0
2025-07-26,21.275695574128164,65.88631786548173,4.0
2025-07-27,33.4106135503105,64.164318678163,1.0
2025-07-28,,45.565903775446465,
2025-07-29,27.098690671421494,79.73852270703071,10.0
2025-07-30,24.111881866716388,-9999.0,3.0
2025-07-31,26.017169477925975,56.04240754809235,3.0
2025-08-01,23.35298408433418,64.18243803181115,3.0
2025-08-02,23.567524059164352,46.988685637089745,
2025-08-03,37.08464865924041,80.57364543368152,7.0
2025-08-04,23.739770253719744,45.28012896768291,3.0
2025-08-05,25.4563250389726,67.47795766002841,3.0
2025-08-06,26.37327864751221,56.728102022339485,10.0
2025-08-07,12.288975201692562,-9999.0,6.0
2025-08-08,18.032280749209058,80.80923755617209,8.0
2025-08-09,-9999.0,48.05251173977949,10.0
2025-08-10,26.09680905294177,62.95304346023963,-9999.0
2025-08-11,27.099670168231768,71.54714191872003,4.0
2025-08-12,,61.667247260585384,7.0
2025-08-13,26.510661330344014,44.71614129802049,10.0
2025-08-14,29.32837759003645,57.69603559198904,4.0
2025-08-15,28.305322899875136,69.29821565704613,4.0
2025-08-16,32.31770693497327,62.18641910970304,9.0
2025-08-17,37.246618582708884,48.11289143835688,8.0
2025-08-18,19.94171639386674,68.21706569515715,8.0
2025-08-19,24.468385381233986,,6.0
2025-08-20,19.215331000962912,62.75964099551528,5.0
2025-08-21,21.070060180004837,73.43115999143171,4.0
2025-08-22,32.13095433075583,64.75404983996957,3.0
2025-08-23,20.81240770414218,52.7910432420462,7.0
2025-08-24,35.72655675689938,49.80512784961293,7.0
2025-08-25,21.873300097059353,60.79909285404466,3.0
2025-08-26,14.030510774182536,52.42051250467042,-9999.0
2025-08-27,-9999.0,69.18511226088253,10.0
2025-08-28,21.71682396479062,63.608539126683816,6.0
2025-08-29,14.673133169522934,54.952690911722186,2.0
2025-08-30,28.52265932364689,63.54616172028968,6.0
2025-08-31,32.6149246124251,47.3165982568192,2.0
2025-09-01,25.540346770047442,-9999.0,6.0
2025-09-02,20.977410530843233,51.63417495949846,8.0
2025-09-03,25.571849422550045,62.930456423029604,2.0
2025-09-04,19.908330474712727,54.031169516305724,2.0
2025-09-05,15.238348804361221,62.93238984461496,2.0
2025-09-06,31.248663665917356,56.27409908641879,-9999.0
2025-09-07,-9999.0,46.611222731618426,8.0
2025-09-08,25.565551508519277,66.57343815017344,6.0
2025-09-09,,61.087937841819056,2.0
2025-09-10,24.15455357894254,63.487812393908214,
2025-09-11,30.155956267899352,59.14349768383575,-9999.0
2025-09-12,26.505715819829376,63.94616838324219,6.0
2025-09-13,21.91355884559754,61.84009500278563,7.0
2025-09-14,20.54353394239364,45.61663672029049,2.0
2025-09-15,21.543805132549945,64.59524818932648,6.0
2025-09-16,17.63693421844138,,5.0
2025-09-17,20.433222359309113,-9999.0,6.0
2025-09-18,32.51071063881647,55.70362570666453,10.0
2025-09-19,25.877855221138773,79.56345822195327,3.0
2025-09-20,18.878425773419405,,3.0
2025-09-21,,62.97386128404157,8.0
2025-09-22,22.259392808341037,49.59172352753815,3.0
2025-09-23,25.366216111819757,46.83674713102061,1.0
2025-09-24,,42.079959234599116,10.0
2025-09-25,26.82932506045884,62.33982218326135,1.0
2025-09-26,29.451591577455886,52.66458162930241,9.0
2025-09-27,,53.09717059398565,3.0
2025-09-28,23.238518535946955,77.80920354345436,2.0
2025-09-29,17.35817877538402,39.54703771146367,7.0
2025-09-30,26.883934687216687,57.92019726517156,4.0
2025-10-01,22.391210015787465,36.84990364168642,5.0
2025-10-02,30.157151427901567,-9999.0,10.0
2025-10-03,22.66306001913263,63.71269984908198,-9999.0
2025-10-04,34.07608984248666,67.50118997288759,1.0
2025-10-05,24.412345825827774,65.94739990084821,5.0
2025-10-06,37.36593449348206,60.04039703356717,3.0
2025-10-07,19.578737957643327,56.13132368022355,1.0
2025-10-08,28.64421079003588,56.63615789093204,-9999.0
2025-10-09,22.562761704499003,63.38432145613351,9.0
2025-10-10,20.127238143645734,62.59001990657297,7.0
2025-10-11,32.55603422002767,53.91263669545112,1.0
2025-10-12,24.718223790456324,66.6232973775529,4.0
2025-10-13,21.369685194852774,62.90190373644566,10.0
2025-10-14,28.762315173406087,60.17499675927743,
2025-10-15,32.02149505208412,61.48303342170175,1.0
2025-10-16,18.263882768925008,72.988623614284,9.0
2025-10-17,,37.94328400148968,8.0
2025-10-18,22.669102316302997,66.13498934836012,7.0
2025-10-19,18.67016165623066,41.122188184586555,7.0
2025-10-20,22.095659246122388,44.46425096416791,1.0
2025-10-21,22.137409437553956,48.671206368550614,9.0
2025-10-22,26.53056979171442,58.725282407419726,6.0
2025-10-23,34.01987991810274,57.09356013709423,4.0
2025-10-24,24.17351175769524,,6.0
2025-10-25,28.328903935340595,54.89528989179006,8.0
2025-10-26,22.2651705592938,75.74523432606247,10.0
2025-10-27,29.811370525244456,53.38026601716565,7.0
2025-10-28,28.996749547567124,-9999.0,6.0
2025-10-29,19.121278011921333,50.75345328129346,7.0
2025-10-30,21.494140871122443,60.47926572746974,1.0
2025-10-31,23.678597755446106,,3.0
2025-11-01,16.290561332013322,62.781920549285545,10.0
2025-11-02,,73.2961014967488,4.0
2025-11-03,32.105398802045286,65.61429784867686,2.0
2025-11-04,24.56449300319282,68.7325764873437,1.0
2025-11-05,21.886761101353837,62.59134247953743,4.0
2025-11-06,27.41417481764839,73.96331505608512,8.0
2025-11-07,,56.64869674146834,5.0
2025-11-08,17.971871817819434,75.28984468151444,1.0
2025-11-09,21.7587626801708,66.8900693138361,9.0
2025-11-10,21.680980553982327,52.110663439672734,5.0
2025-11-11,33.614891573366414,55.22811183826572,6.0
2025-11-12,27.81450426979758,56.08338980041707,5.0
2025-11-13,22.89619586313501,51.767943108935654,3.0
2025-11-14,19.547491623062243,57.54103035919524,2.0
2025-11-15,24.897658028907884,77.5757514437052,1.0
2025-11-16,27.126740007233614,73.84003158070097,4.0
2025-11-17,24.498492944638137,56.101615560528245,7.0
2025-11-18,23.566534593854456,65.89386227196393,8.0
2025-11-19,36.454371153708365,60.35619751167562,8.0
2025-11-20,24.141591414727007,97.4033040737136,2.0
2025-11-21,26.937094236166413,,9.0
2025-11-22,,69.9472433019058,8.0
2025-11-23,25.425968245471225,63.20177481813931,3.0
2025-11-24,20.715344566179624,59.1725399309295,10.0
2025-11-25,28.089347152762166,55.243373354619,3.0
2025-11-26,31.834880154740162,54.43045896171687,5.0
2025-11-27,17.31563880263977,80.80485217279781,2.0
2025-11-28,27.73724056278751,57.134241997775085,6.0
2025-11-29,29.68676398050138,-9999.0,3.0
2025-11-30,26.923822318421742,65.57919903402411,6.0
2025-12-01,28.285775904545464,73.79008087502949,9.0
2025-12-02,23.70550803234336,73.05210133234095,9.0
2025-12-03,20.741076692238707,70.28237617901686,1.0
2025-12-04,27.958503255187193,65.50771500455289,5.0
2025-12-05,26.28868639553877,65.55098421499746,3.0
2025-12-06,31.450565954764507,75.18707358182502,
2025-12-07,21.869230472782604,66.57491635597901,
2025-12-08,30.29042822412228,44.88867418490091,9.0
2025-12-09,24.338897306985942,59.24288593401144,8.0
2025-12-10,22.615312062456507,-9999.0,9.0
2025-12-11,-9999.0,45.730180007278086,5.0
2025-12-12,32.09834483957429,59.36255483288075,4.0
2025-12-13,29.836739926447073,63.03926099345204,3.0
2025-12-14,26.21313155653921,41.35161479495239,9.0
2025-12-15,25.993341332921243,47.02406889407243,9.0
2025-12-16,21.465135501234172,69.119657481101,3.0
2025-12-17,35.423141381617185,48.89174886447276,6.0
2025-12-18,28.02657274966902,39.97126521072176,10.0
2025-12-19,25.79648281088632,45.41586231736252,1.0
2025-12-20,17.79151768123939,50.86907081840691,5.0
2025-12-21,31.50429161495815,71.913313272906,3.0
2025-12-22,,62.08871345599293,3.0
2025-12-23,37.36527689903863,63.95389353765089,2.0
2025-12-24,36.53849210063299,-9999.0,1.0
2025-12-25,,50.2165159578755,6.0
2025-12-26,28.116995971887892,57.52915835905098,6.0
2025-12-27,26.484338397502892,,6.0
2025-12-28,26.11847427897644,48.328774675788125,6.0
2025-12-29,,-9999.0,6.0
2025-12-30,25.735112818591872,72.81599820849772,7.0
2025-12-31,31.712096869462556,58.74407278791139,7.0
2026-01-01,,57.27284062993908,7.0
2026-01-02,23.80198433787325,-9999.0,7.0
2026-01-03,24.708314856521017,61.07566527501416,7.0
2026-01-04,,65.04475144721042,9.0
2026-01-05,16.95459668160309,,
2026-01-06,20.304953235588766,,2.0
2026-01-07,24.225256666064254,45.979583691773215,5.0
2026-01-08,26.096700210208567,,4.0
2026-01-09,25.790908455593826,76.20159008529468,7.0
2026-01-10,34.86537810347137,71.64463086986075,10.0
2026-01-11,17.567393041796045,43.93732093712986,1.0
2026-01-12,28.18103462667554,57.03363873893216,9.0
2026-01-13,26.711664613033975,,8.0
2026-01-14,,67.65442696248067,2.0
2026-01-15,,62.08647654436668,3.0
2026-01-16,,51.8873318776641,1.0
2026-01-17,24.15833101616416,64.0121024438086,2.0
2026-01-18,30.5771757784333,50.90729186377529,2.0
2026-01-19,26.58987773580428,49.80753211168463,10.0
2026-01-20,-9999.0,52.83400914980901,9.0
2026-01-21,32.85939978210213,55.50894782107476,4.0
2026-01-22,29.353241176803532,66.45508001885197,1.0
2026-01-23,23.687689709180066,64.27878988529608,2.0
2026-01-24,17.209707385501062,55.03884554850481,6.0
2026-01-25,29.363760233257025,62.89746600076239,10.0
2026-01-26,27.02431158375204,60.05281048834213,7.0
2026-01-27,30.61475409706567,48.203204396293735,5.0
2026-01-28,22.106365660894976,59.10994569581689,4.0
2026-01-29,-9999.0,43.7901649084409,4.0
2026-01-30,26.35203021050027,55.6360420284364,7.0
2026-01-31,26.19976575686416,76.46246853333463,6.0
2026-02-01,31.22332541577724,42.7157047613542,7.0
2026-02-02,28.365088537491783,58.715326448437644,7.0
2026-02-03,20.66615487309234,60.07712451189391,6.0
2026-02-04,27.263430089650843,54.75240592416739,10.0
2026-02-05,19.44725329593655,46.53289688524883,3.0
2026-02-06,26.0819625348528,47.20566756125295,5.0
2026-02-07,29.561257021680245,79.92633731877788,9.0
2026-02-08,25.196113424427587,54.12153958736545,4.0
2026-02-09,20.03256799239948,54.99136755724069,9.0
2026-02-10,24.88073395386835,-9999.0,
2026-02-11,31.308802637495127,45.748300798169616,10.0
2026-02-12,29.03979204101067,50.44697401657094,8.0
2026-02-13,27.6918753874168,59.95983121057214,4.0
2026-02-14,-9999.0,,5.0
2026-02-15,24.07439837573824,60.77418060443562,3.0
2026-02-16,32.03046275865798,62.587886422625274,6.0
2026-02-17,29.374749551289014,49.741576101536445,8.0
2026-02-18,25.815257291463986,-9999.0,5.0
2026-02-19,22.948144054951566,-9999.0,10.0
2026-02-20,25.54448935719517,31.686782825661496,2.0
2026-02-21,20.954747514987044,67.64026518577518,7.0
2026-02-22,28.50503204650416,50.80678404770954,7.0
2026-02-23,26.1351706255389,60.32320699149245,3.0
2026-02-24,-9999.0,59.447475013917305,3.0
2026-02-25,25.358885663694757,62.71945765355754,6.0
2026-02-26,,64.17286934324522,10.0
2026-02-27,17.56149659066871,66.06814418988172,4.0
2026-02-28,21.3967153045723,58.057474502849146,4.0
2026-03-01,25.985418417966784,70.15674808568346,
2026-03-02,17.379689620480214,62.85689058566167,7.0
2026-03-03,27.314094857724836,49.63899321129003,3.0
2026-03-04,26.075011330328316,58.72197904628593,7.0
2026-03-05,30.85303983278126,66.2005091460064,5.0
2026-03-06,26.247275230660247,37.265693750663395,5.0
2026-03-07,28.390032028267665,,1.0
2026-03-08,25.096800071405116,61.07597383252393,10.0
2026-03-09,19.277967736236658,54.535137272549896,8.0
2026-03-10,27.094677034424603,-9999.0,
2026-03-11,30.69229886434775,66.26389907764599,8.0
2026-03-12,28.216942622327693,63.82283503276611,10.0
2026-03-13,23.88502135294748,70.25749485388536,7.0
2026-03-14,19.48870737440737,66.86784544253318,4.0
2026-03-15,30.09443787736472,57.11159421278567,-9999.0
2026-03-16,26.1605530164732,66.21975095709753,5.0
2026-03-17,28.34460605149775,47.686179974634996,9.0
2026-03-18,17.8442823125593,46.607412891924554,-9999.0
2026-03-19,19.68166621818287,66.71109460047248,5.0
2026-03-20,17.227891481279077,,9.0
2026-03-21,19.27914605184802,77.51195899537255,4.0
2026-03-22,32.964579520624014,80.52551970757781,6.0
2026-03-23,21.662840094945334,80.17035106044004,10.0
2026-03-24,34.09059265426201,58.41507783251924,4.0
2026-03-25,25.82286753686351,46.52108106759824,7.0
2026-03-26,18.49543993273335,55.82926002860358,5.0
2026-03-27,16.814243726896315,,9.0
2026-03-28,22.07011013953795,63.49615321676874,4.0
2026-03-29,27.623047214208064,81.92838014805618,-9999.0
2026-03-30,30.33921815462085,59.395181754785014,3.0
2026-03-31,32.62251743088974,79.17805808282,3.0
2026-04-01,26.09815962063687,60.40404532448276,1.0
2026-04-02,28.616880815547358,64.26862140978139,7.0
2026-04-03,19.164543850077404,63.73605583489342,1.0
2026-04-04,21.669638749114394,66.86599307284311,9.0
2026-04-05,32.44442838797946,70.8546901579442,1.0
2026-04-06,24.39768472877585,46.90495377831112,7.0
2026-04-07,23.87221693568297,40.7364780845392,1.0
2026-04-08,,44.74682219488895,-9999.0
2026-04-09,24.758764223095824,48.04357707709609,4.0
2026-04-10,25.76582724623507,64.28196048088542,9.0
2026-04-11,17.863674690939938,73.35979356269083,6.0
2026-04-12,20.33003873592559,69.78375713115126,9.0
2026-04-13,26.155776508363104,60.7311840475944,7.0
2026-04-14,,68.5019314636866,10.0
2026-04-15,32.68395539130536,62.64764392839598,2.0
2026-04-16,19.16529165102377,61.58437349744242,1.0
2026-04-17,-9999.0,51.47775467515034,7.0
2026-04-18,18.84973374770558,52.68557483502588,3.0
2026-04-19,16.376285357790938,,9.0
2026-04-20,19.93940392749643,45.41381508709503,4.0
2026-04-21,,67.70934532701693,6.0
2026-04-22,19.442173698628785,71.3280352625716,6.0
2026-04-23,19.635056677070164,60.20095544680879,2.0
2026-04-24,23.65739308785478,63.891778595755554,3.0
2026-04-25,28.540169713448805,69.97264192033107,7.0
2026-04-26,25.264695745160875,80.13810945470797,1.0
2026-04-27,30.35469687081381,68.65547002766847,1.0
2026-04-28,26.342997518043433,-9999.0,2.0
2026-04-29,23.56040797571167,57.75750298188904,10.0
2026-04-30,33.74641930917977,67.70017409815775,7.0
2026-05-01,41.088216950406874,62.12586105100297,5.0
2026-05-02,-9999.0,69.77727825345906,7.0
2026-05-03,,55.62144974419124,7.0
2026-05-04,26.748402305128714,40.234846232383546,8.0
2026-05-05,17.490539723380593,55.56884040780864,8.0
2026-05-06,,80.17392283530505,4.0
2026-05-07,16.78480502888464,79.85149433165117,5.0
2026-05-08,26.58805791417748,77.0742939018369,1.0
2026-05-09,26.503508798051197,63.67639436925264,5.0
2026-05-10,21.870165147350363,79.46394189717735,3.0
2026-05-11,21.431884941762156,-9999.0,7.0
2026-05-12,27.94041673115167,-9999.0,10.0
2026-05-13,26.207511649689597,53.36185956062225,7.0
2026-05-14,17.771017536185823,70.33623625167236,7.0
2026-05-15,21.283517979739845,57.33131242460915,10.0
2026-05-16,28.15213090755574,67.95745793805717,7.0
2026-05-17,20.406056282815776,69.75053727401037,-9999.0
2026-05-18,26.843791848061347,63.48560069017673,1.0
2026-05-19,23.307753530055162,62.66938472461191,7.0
2026-05-20,22.994932476279025,59.234285799466235,5.0
2026-05-21,24.558427274525926,64.59446209615547,1.0
2026-05-22,23.839340069208255,50.45527183856805,9.0
2026-05-23,23.83501658556776,50.97157899452951,2.0
2026-05-24,32.18971971504792,61.6257563277784,8.0
2026-05-25,25.18316239695464,56.60994136276179,10.0
2026-05-26,18.701325072072137,60.271011554837756,2.0
2026-05-27,23.43896451618633,51.07869880416486,
2026-05-28,26.432725244245983,,10.0
2026-05-29,33.50061957133416,44.701877171382904,10.0
2026-05-30,22.439097552134754,57.85221750669547,2.0
2026-05-31,29.892154094809047,,4.0
2026-06-01,29.535854350731505,64.0039813375519,1.0
2026-06-02,,61.34814454403121,9.0
2026-06-03,23.647194498049725,66.7412645998282,10.0
2026-06-04,26.690972452518846,56.63313389232812,10.0
2026-06-05,-9999.0,52.422087440420654,10.0
2026-06-06,20.7549773543074,70.80127607619993,6.0
2026-06-07,18.794491865200218,-9999.0,4.0
2026-06-08,33.21319097930797,43.06795436152386,1.0
2026-06-09,15.61589625853856,55.514078632652954,7.0
2026-06-10,,54.99761342660757,6.0
2026-06-11,15.926141304920678,63.190309338949824,3.0
2026-06-12,21.082366124286896,65.774120479342,4.0
2026-06-13,24.31777685557035,56.68500435174717,9.0
2026-06-14,23.392878154152914,63.22082308179472,7.0
2026-06-15,19.60948562544673,36.965437846987484,
2026-06-16,19.94193644676067,44.63085906571463,6.0
2026-06-17,27.710519743295944,63.22259438016262,10.0
2026-06-18,,55.35175344892343,7.0
2026-06-19,36.04585071235246,69.11447997281925,10.0
2026-06-20,24.11573729537266,72.91439246561758,3.0
2026-06-21,26.332231693014002,-9999.0,7.0
2026-06-22,24.927356662413775,60.79911429631034,10.0
2026-06-23,,59.685799911166356,2.0
2026-06-24,23.4432261384265,63.63170923708413,6.0
2026-06-25,26.436664926808817,78.81916213822473,4.0
2026-06-26,27.243611112735547,66.59818065890096,1.0
2026-06-27,22.535163309767125,60.92691271041802,4.0
2026-06-28,31.998388600821784,48.267636535074615,3.0
2026-06-29,25.69625391948281,-9999.0,9.0
2026-06-30,-9999.0,63.6940794400916,2.0
2026-07-01,-9999.0,75.14098551896069,8.0
2026-07-02,26.644579311390917,67.74992644295087,6.0
2026-07-03,,68.01496444618317,2.0
2026-07-04,19.533012339095308,49.739882962721325,8.0
2026-07-05,13.233809464751511,34.149055823739054,7.0
2026-07-06,24.141671747087727,39.17629795753852,7.0
2026-07-07,20.741900695435305,75.33741215467231,6.0
2026-07-08,18.814947830279365,58.439012094545824,3.0
2026-07-09,18.319809246380547,-9999.0,5.0
2026-07-10,28.29471660521016,81.02321224201883,1.0
2026-07-11,18.76656142877414,71.6804518464389,-9999.0
2026-07-12,,57.01243788905583,1.0
2026-07-13,23.876282626701315,75.9858681527446,2.0
2026-07-14,35.51194938239269,67.15428613901925,4.0
2026-07-15,21.69862064956127,61.514389277837466,8.0
2026-07-16,19.722105667027616,50.08579535079122,6.0
2026-07-17,29.79163052714377,64.57714772663337,9.0
2026-07-18,22.616668144263468,73.03528189764464,-9999.0
2026-07-19,24.53505153153413,55.778222002115506,8.0
2026-07-20,-9999.0,71.31415779796765,
2026-07-21,24.35640981332679,66.02274755534151,7.0
2026-07-22,21.270100975990808,46.238087296854054,10.0
2026-07-23,12.637554479631133,49.92914609410225,-9999.0
2026-07-24,30.808500540995116,-9999.0,9.0
2026-07-25,26.62250065602411,53.42865955208503,8.0
2026-07-26,28.711782064351116,53.97860047771463,6.0
2026-07-27,25.637211771311648,,3.0
2026-07-28,,60.1809697778838,10.0
2026-07-29,21.044663613235926,-9999.0,7.0
2026-07-30,30.927127847030082,72.9043562920449,2.0
2026-07-31,28.379736081965454,-9999.0,4.0
2026-08-01,22.06400651999111,-9999.0,2.0
2026-08-02,23.85571902520747,55.63552730050212,1.0
2026-08-03,,44.27310802219759,10.0
2026-08-04,19.993179118113407,46.254235881535585,6.0
2026-08-05,28.820554469763355,36.52716296634211,6.0
2026-08-06,19.815872857403683,59.71905361159847,5.0
2026-08-07,29.377815236672877,60.689705928164294,6.0
2026-08-08,24.634713298825925,53.27492182328235,3.0
2026-08-09,21.524932798720894,,4.0
2026-08-10,21.993175693605988,66.65284588746846,2.0
2026-08-11,31.450804006775037,46.47396198197743,5.0
2026-08-12,22.13250966840368,65.83331313643176,10.0
2026-08-13,,74.36594633867307,2.0
2026-08-14,24.39056578310072,47.4276029462098,8.0
2026-08-15,22.45607924074172,65.16864301459292,8.0
2026-08-16,,69.58721526394379,2.0
2026-08-17,29.160705548681847,61.45244446114477,10.0
2026-08-18,22.277213221930673,50.57335638935449,10.0
2026-08-19,26.529861173594373,56.744526967107646,9.0
2026-08-20,27.02282263879699,60.64256259203929,2.0
2026-08-21,19.06056483691954,,3.0
2026-08-22,34.96809873264665,52.65747594658036,4.0
2026-08-23,26.575232821609585,30.332418043618155,6.0
2026-08-24,19.2525498645433,59.46068632195447,1.0
2026-08-25,22.741555552950835,69.48980740461423,5.0
2026-08-26,27.335572165284255,74.58513891000423,-9999.0
2026-08-27,,57.31642548908266,6.0
2026-08-28,26.251299636343354,60.636449446777846,10.0
2026-08-29,23.874251401770834,82.07141315795364,1.0
2026-08-30,21.116281262263744,52.15820130781336,9.0
2026-08-31,22.62697345761692,50.51859503212708,2.0
2026-09-01,18.984769239800215,47.90165393795976,9.0
2026-09-02,,61.67546817735826,2.0
2026-09-03,25.67892692890185,73.4270108530828,2.0
2026-09-04,25.418777133302005,76.55946636994136,7.0
2026-09-05,28.164763928363616,-9999.0,4.0
2026-09-06,-9999.0,68.30217429874078,3.0
2026-09-07,34.2879843252443,53.82393922647112,2.0
2026-09-08,28.62721084224411,74.6639707509875,5.0
2026-09-09,16.822560734564007,62.101547143089945,9.0
2026-09-10,30.497138733012946,62.519158012518886,9.0
2026-09-11,27.581014296068705,,6.0
2026-09-12,27.817965716840398,69.17936108841191,9.0
2026-09-13,-9999.0,76.17038998657537,7.0
2026-09-14,,79.42485749717144,7.0
2026-09-15,,,7.0
2026-09-16,32.50306017976479,67.90997771155901,6.0
2026-09-17,26.680186619050076,56.52164182031408,8.0
2026-09-18,13.808085270083716,32.813623418340455,6.0
2026-09-19,16.91645970023449,47.092546454982255,1.0
2026-09-20,28.112748443694393,44.66903185655515,6.0
2026-09-21,21.026065445424457,47.52211211383571,9.0
2026-09-22,17.011820625446127,57.633130852264884,10.0
2026-09-23,25.047841645636886,-9999.0,5.0
2026-09-24,30.99766828913637,59.22619594295157,8.0
2026-09-25,23.052072741552102,50.97454699008591,3.0
2026-09-26,23.543274104816945,71.29251758022366,7.0
2026-09-27,23.839061675117247,66.32960791697452,-9999.0
2026-09-28,30.307748195802564,81.85199026091006,8.0
2026-09-29,25.02897687933013,45.0901771924288,10.0
2026-09-30,21.9640818244095,46.850707379806565,4.0
2026-10-01,28.770430431283927,77.78804212423888,2.0
2026-10-02,23.914697827747798,42.78054054223951,8.0
2026-10-03,31.43842273854142,70.51177646359923,8.0
2026-10-04,15.903860157384228,51.94568337501384,8.0
2026-10-05,32.563139480515005,59.53217105407235,9.0
2026-10-06,19.06365042043768,73.08107794335666,8.0
2026-10-07,33.89726687299757,,8.0
2026-10-08,24.736917530026354,68.53203778766054,2.0
2026-10-09,26.87491693592634,55.37713363230164,7.0
2026-10-10,28.61599428268176,63.92363654314967,6.0
2026-10-11,29.851942701146015,,1.0
2026-10-12,22.2858392973857,63.192055086987,10.0
2026-10-13,24.569812609278728,46.056791986495256,5.0
2026-10-14,26.994922568613035,72.60195156907822,3.0
2026-10-15,24.78089068666964,41.843689683428906,1.0
2026-10-16,22.148196840074128,66.35845202959926,4.0
2026-10-17,24.732456812884738,56.22657837602735,10.0
2026-10-18,25.251834486425782,66.46167355716173,
2026-10-19,25.917366243976407,51.66455594157331,3.0
2026-10-20,23.731572643724306,60.09794540616033,3.0
2026-10-21,27.31689917988829,65.72317010550235,6.0
2026-10-22,17.170641365109695,60.5059218625694,8.0
2026-10-23,27.133077883075018,62.19989844568494,3.0
2026-10-24,23.132686644626894,73.4235495860471,10.0
2026-10-25,32.982547397660014,61.95742129723401,2.0
2026-10-26,23.257454800440836,74.3434042732368,8.0
2026-10-27,25.216516464407714,54.018039750876355,1.0
2026-10-28,-9999.0,54.45065859045271,2.0
2026-10-29,24.21235266730713,42.68407759346733,2.0
2026-10-30,22.551571987098814,,4.0
2026-10-31,25.717353107171302,46.34475488588162,3.0
2026-11-01,22.249918465603844,58.095431597902994,5.0
2026-11-02,32.58199684051645,59.97526763627914,2.0
2026-11-03,30.963791977952006,68.32148352105108,6.0
2026-11-04,24.199662949083148,68.20531538588494,4.0
2026-11-05,,62.01578755866989,5.0
2026-11-06,26.153416315995848,-9999.0,3.0
2026-11-07,33.043101417806106,82.88866647661688,10.0
2026-11-08,29.33176451940446,55.543101489584366,6.0
2026-11-09,14.309195968400223,60.41067931728535,5.0
2026-11-10,26.078795793275873,53.92489867424575,10.0
2026-11-11,29.589043748451576,67.33916275840336,10.0
2026-11-12,26.30329945218274,65.67297649213991,
2026-11-13,28.0500545108824,80.13297230483836,3.0
2026-11-14,28.00138730811953,,5.0
2026-11-15,22.648231865807286,54.61228570203291,3.0
2026-11-16,23.580566151695663,60.2118682575287,10.0
2026-11-17,19.52872472592375,57.36017711471689,7.0
2026-11-18,29.857221513652195,53.08305954503038,8.0
2026-11-19,17.627752509469385,59.704123280154015,9.0
2026-11-20,,59.61038798579457,6.0
2026-11-21,-9999.0,58.253975589956745,6.0
2026-11-22,21.629257682849705,71.50841222405361,7.0
2026-11-23,22.737679890592915,61.498946562665076,8.0
2026-11-24,26.129669666302764,,2.0
2026-11-25,27.012466214248985,64.97781505874136,8.0
2026-11-26,19.92321817167548,64.26669656876376,6.0
2026-11-27,23.175045206365716,62.59602467071454,7.0
2026-11-28,19.399247760041902,50.79720892116045,6.0
2026-11-29,24.51184347401253,66.42428878037992,2.0
2026-11-30,27.472132515774838,65.72197845187954,8.0
2026-12-01,17.491209151462318,,9.0
2026-12-02,21.775797710609265,49.74111700887854,3.0
2026-12-03,25.531543945244835,71.13433664027535,7.0
2026-12-04,26.544944362752002,71.24551272614022,6.0
2026-12-05,24.63674626296841,81.00374347355037,5.0
2026-12-06,25.770480658850044,59.50140333247495,8.0
2026-12-07,22.977393205984836,72.70013586725867,6.0
2026-12-08,13.21820416555324,53.1273016019513,3.0
2026-12-09,35.21147569722716,73.74558918696277,8.0
2026-12-10,24.798833756071343,48.057427524830516,3.0
2026-12-11,,58.490848807928195,7.0
2026-12-12,12.74101922888497,44.70472793246427,8.0
2026-12-13,28.60280840810202,74.91167961570449,-9999.0
2026-12-14,22.22292973935935,51.46944277081467,4.0
2026-12-15,31.502726124960837,68.8554555068914,1.0
2026-12-16,29.16965077157446,59.36161137323073,-9999.0
2026-12-17,27.057990932119825,70.79825623890322,10.0
2026-12-18,30.66061566786992,49.62125709881404,3.0
2026-12-19,23.86536260311363,-9999.0,1.0
2026-12-20,28.766462622507927,52.99504993382797,10.0
2026-12-21,9.811821806075793,64.06791103223401,3.0
2026-12-22,25.155908032504705,69.19391784081992,9.0
2026-12-23,19.495459418940417,-9999.0,5.0
2026-12-24,27.62328274721959,50.02315171309983,1.0
2026-12-25,20.083886767298125,60.036631204686756,2.0
2026-12-26,,84.95390223608032,4.0
2026-12-27,21.116538470381446,,3.0
2026-12-28,28.127258329231097,,8.0
2026-12-29,23.113265622972932,59.914744525511715,1.0
2026-12-30,27.423034965143486,33.44899529876969,5.0
2026-12-31,23.29644911557431,,6.0
2027-01-01,16.871631071260765,57.53435829944563,4.0
2027-01-02,26.5826065891812,63.068494282527595,5.0
2027-01-03,25.54513543886204,66.65338861140853,6.0
2027-01-04,20.576541476631114,70.5557477854579,2.0
2027-01-05,18.419627194399524,66.79269636099346,
2027-01-06,26.48793206453776,52.120179173377814,3.0
2027-01-07,21.22029706959181,57.88657853715887,2.0
2027-01-08,30.25336592210178,58.85793877163576,4.0
2027-01-09,34.10963271797728,68.45496579534593,4.0
2027-01-10,26.33788741259939,75.18982028452282,7.0
2027-01-11,15.25841955201928,58.321670108766,7.0
2027-01-12,18.246874628525962,65.47857584864002,7.0
2027-01-13,19.84064081269574,57.14615927762978,2.0
2027-01-14,16.035062487597088,39.59988131400581,10.0
2027-01-15,22.26953006166221,54.97679593429539,8.0
2027-01-16,-9999.0,43.00104768912899,2.0
2027-01-17,30.33967388851196,84.90610928443013,8.0
2027-01-18,24.509467344512792,68.5464899931406,4.0
2027-01-19,23.538232135325437,40.20803037127883,7.0
2027-01-20,25.45271785686365,54.285898878322215,5.0
2027-01-21,25.99623130763119,54.02817785785838,1.0
2027-01-22,17.978507057189063,52.87858773274655,-9999.0
2027-01-23,20.683811380056028,60.41955433330899,2.0
2027-01-24,29.355572860160606,53.28559968041462,7.0
2027-01-25,,63.66919965283339,2.0
2027-01-26,29.574583981916042,-9999.0,6.0
2027-01-27,24.473852132755002,-9999.0,3.0
2027-01-28,22.88126709437943,,4.0
2027-01-29,17.814067039322918,68.98310947191703,-9999.0
2027-01-30,19.76675554859921,34.37703939828218,10.0
2027-01-31,27.48827345211614,66.28916495634127,1.0
2027-02-01,29.876750054999032,58.17275562439188,2.0
2027-02-02,24.965676766195806,45.01574522027596,9.0
2027-02-03,18.192583911068496,64.64552001245323,9.0
2027-02-04,23.19227175159206,61.199464821192606,4.0
2027-02-05,23.242019603572118,58.80509813501549,4.0
2027-02-06,29.179440381022367,66.92382870619502,1.0
2027-02-07,22.218056350427712,-9999.0,2.0
2027-02-08,25.068065740020057,50.34848531364807,1.0
2027-02-09,26.085004452448118,49.422733186039665,1.0
2027-02-10,28.60338966834793,62.193995528494355,3.0
2027-02-11,21.29065244182494,55.59422747726394,7.0
2027-02-12,32.978846766412126,61.88726777742009,4.0
2027-02-13,31.942681094233674,46.61741781737552,4.0
2027-02-14,32.0509376576224,50.61701094120219,3.0
2027-02-15,29.403925973473967,56.450583424060625,9.0
2027-02-16,15.393122887641276,51.64001599993483,6.0
2027-02-17,27.859276917944303,59.792245162617206,6.0
2027-02-18,27.719289418919246,66.06824982327822,7.0
2027-02-19,26.96018642961802,44.846603910920265,3.0
2027-02-20,20.364700736167936,72.99445659735662,6.0
2027-02-21,23.852785281709217,56.69552646288704,4.0
2027-02-22,19.4631525910987,57.17504034836992,4.0
2027-02-23,,82.55498832029332,6.0
2027-02-24,22.389685837208624,59.224299174056576,2.0
2027-02-25,20.90301606922975,47.059390851683816,4.0
2027-02-26,27.077823938390484,60.71469306164694,6.0
2027-02-27,23.558580666704174,55.52770608292303,
2027-02-28,23.95422919417997,49.95131496381444,
2027-03-01,25.06802969278758,,7.0
2027-03-02,23.723026004150338,45.5645020184956,10.0
2027-03-03,22.709012592754195,56.53767384512168,8.0
2027-03-04,22.761627336737554,52.96887450281674,10.0
2027-03-05,23.348797180328415,51.21401473940057,9.0
2027-03-06,25.522523087803123,53.43052561977119,7.0
2027-03-07,-9999.0,65.22782051232039,5.0
2027-03-08,22.39822398426767,38.773281964509636,7.0
2027-03-09,34.08631526763873,62.09902722175917,
2027-03-10,16.5019616583932,58.6628381022549,4.0
2027-03-11,28.51981151428101,71.31722760825829,6.0
2027-03-12,20.781537693473666,67.1070030377536,5.0
2027-03-13,22.43456823353099,63.6709802363837,9.0
2027-03-14,28.794548470692398,34.906420663212245,4.0
2027-03-15,21.939048003618208,62.130747634796116,8.0
2027-03-16,31.682031680888997,62.90321128172297,3.0
2027-03-17,,80.42575622526094,1.0
2027-03-18,28.59089783083899,63.833876712021436,5.0
2027-03-19,24.28434030701961,62.83453080094668,4.0
2027-03-20,33.00296856199846,46.77654814693923,
2027-03-21,25.41511025068762,74.14760362694845,1.0
2027-03-22,25.423405308920124,60.87743175325559,10.0
2027-03-23,29.306995206362167,74.9996698681754,9.0
2027-03-24,26.170048591463527,43.36751858221629,10.0
2027-03-25,25.297324259765713,49.20620094689763,5.0
2027-03-26,24.108956709771846,61.66706137517361,1.0
2027-03-27,20.644592739534573,59.217109347632416,2.0
2027-03-28,36.999000820117985,68.03226923567811,7.0
2027-03-29,19.869245349779124,-9999.0,1.0
2027-03-30,21.731731042505267,54.80163290055833,6.0
2027-03-31,25.565362675282977,59.63580931285882,2.0
2027-04-01,34.66597284147507,51.8178060714432,7.0
2027-04-02,30.042031486854967,46.96872937096212,2.0
2027-04-03,33.683842712709584,-9999.0,7.0
2027-04-04,29.903922820588292,81.61747339612945,6.0
2027-04-05,33.00043945022796,69.88422874981474,3.0
2027-04-06,31.29374579545229,,4.0
2027-04-07,23.285732185606978,-9999.0,7.0
2027-04-08,-9999.0,54.52128389590874,10.0
2027-04-09,27.336214986915234,47.6405037588638,2.0
2027-04-10,26.806693481837566,54.51386129191641,10.0
2027-04-11,23.399869851208674,59.244592966536494,4.0
2027-04-12,-9999.0,55.24939879418466,7.0
2027-04-13,24.476211081905856,63.08047709495809,8.0
2027-04-14,32.88969144860659,64.09385990428,6.0
2027-04-15,19.129495385034307,,4.0
2027-04-16,22.14857359492378,53.76498178940993,7.0
2027-04-17,23.145298210866226,61.59018259672404,3.0
2027-04-18,26.351590110479645,67.99712143700944,8.0
2027-04-19,30.04668298586196,61.97586466966874,1.0
2027-04-20,23.321441784525177,51.84055252737317,5.0
2027-04-21,23.048538849603343,76.13747749462733,8.0
2027-04-22,25.15543818485581,41.836190620892566,5.0
2027-04-23,26.17497052183423,47.60500218717701,10.0
2027-04-24,29.07120757992327,68.21156776880983,9.0
2027-04-25,27.39654518470871,,1.0
2027-04-26,27.568354702016556,38.98181838019782,10.0
2027-04-27,24.293513780097264,42.90474485342424,7.0
2027-04-28,28.39628040445203,45.08563351610037,2.0
2027-04-29,26.089473708362203,60.40028993519411,2.0
2027-04-30,29.509746770570608,61.276438931680296,7.0
2027-05-01,26.204503178047887,,10.0
2027-05-02,16.21834254099918,65.35407149640758,4.0
2027-05-03,,64.19877290024958,4.0
2027-05-04,31.114888712794095,58.35191772676545,3.0
2027-05-05,19.1090402136643,51.47028237194412,5.0
2027-05-06,18.667606331235334,-9999.0,2.0
2027-05-07,31.296973272129534,39.33652291229289,5.0
2027-05-08,13.306776600025227,62.99058118712369,10.0
2027-05-09,23.685776870395085,75.20186384495761,10.0
2027-05-10,19.452096529054955,64.56957527639055,6.0
2027-05-11,27.02580235849178,55.75997556228154,9.0
2027-05-12,26.366298716605957,51.377975533705445,3.0
2027-05-13,25.242165832891946,64.10462938525774,5.0
2027-05-14,9.707897512954338,51.981355430613974,9.0
2027-05-15,28.932919964241055,80.84293600027688,4.0
2027-05-16,31.20907293577968,,-9999.0
2027-05-17,27.296817404938793,78.09405923602782,1.0
2027-05-18,31.067819566574087,42.8218318928362,
2027-05-19,21.917139444033943,60.61785935640389,5.0
2027-05-20,19.12597688530912,33.30882496844332,9.0
2027-05-21,23.199637744269985,66.29028662443345,6.0
2027-05-22,27.58582367843419,53.298228869550414,-9999.0
2027-05-23,26.672173334114827,64.91202141506405,8.0
2027-05-24,24.21931093164848,60.167757503850005,4.0
2027-05-25,28.948631809307976,69.35078368359113,7.0
2027-05-26,21.67671315740016,43.0798320272691,7.0
2027-05-27,25.480275052605155,65.04944525946728,4.0
2027-05-28,26.279428133759595,-9999.0,7.0
2027-05-29,23.21959556432341,61.2445983067262,3.0
2027-05-30,23.260594778372077,62.743124295931274,10.0
2027-05-31,13.068215012925435,42.80582293574163,3.0
2027-06-01,20.444945645467875,56.44684440390768,5.0
2027-06-02,30.245729156778925,49.8373500094925,5.0
2027-06-03,21.86014360811276,67.14612748418182,8.0
2027-06-04,33.64374056027904,59.43999775189294,2.0
2027-06-05,21.725063154638224,52.294285213446194,10.0
2027-06-06,37.83408970376435,64.95575064830346,2.0
2027-06-07,16.795540024902905,58.27238696250766,10.0
2027-06-08,24.70608549800631,51.14431162509909,1.0
2027-06-09,22.777445858425367,,10.0
2027-06-10,30.62462337600065,85.16656925450442,2.0
2027-06-11,20.757338447645665,76.4579264458572,2.0
2027-06-12,28.887142601363983,65.17384174969223,3.0
2027-06-13,28.35992967248984,60.90686647946002,4.0
2027-06-14,29.18028752024746,58.15015577200907,3.0
2027-06-15,23.069687857321874,58.67636913296276,7.0
2027-06-16,16.189268789316685,62.53498220433078,10.0
2027-06-17,,60.25141307533105,5.0
2027-06-18,29.53550200019955,56.62392033949429,4.0
2027-06-19,30.20597302749949,53.50077739058992,9.0
2027-06-20,27.07806269494167,68.39686332663535,7.0
2027-06-21,13.331213999636818,,4.0
2027-06-22,22.62012973644622,59.374258477478165,8.0
2027-06-23,25.337370377991512,76.57580438950066,1.0
2027-06-24,24.415058700847595,54.23023988724438,2.0
2027-06-25,27.510488407876515,81.71625236202476,6.0
2027-06-26,,,2.0
2027-06-27,21.895797997843108,46.847764475024164,6.0
2027-06-28,16.183794889728503,40.431710943491865,8.0
2027-06-29,34.52528198838875,73.03913175551767,
2027-06-30,30.727843105081565,,9.0
2027-07-01,20.958629742868524,,
2027-07-02,25.860444956902565,35.639869047048606,7.0
2027-07-03,32.34014205790448,49.76242271166869,9.0
2027-07-04,,58.02742185160406,1.0
2027-07-05,17.77854836484758,59.09726462112424,3.0
2027-07-06,29.65226218144499,53.9721689412564,3.0
2027-07-07,21.83278034524242,71.28437369659511,10.0
2027-07-08,28.352943155853755,78.91803195436543,3.0
2027-07-09,31.353803877659793,60.95824003349552,8.0
2027-07-10,27.105912838052834,-9999.0,9.0
2027-07-11,20.60368773094242,42.08612770704847,4.0
2027-07-12,23.60651969897599,66.7993654871282,1.0
2027-07-13,25.79650415059612,55.77955565375893,1.0
2027-07-14,,51.43626577198838,
2027-07-15,22.212656045181642,78.72857487870722,5.0
2027-07-16,23.4237456172681,75.8027820646032,6.0
2027-07-17,-9999.0,38.51508642004052,6.0
2027-07-18,18.435284492115144,,9.0
2027-07-19,,61.93001490377829,10.0
2027-07-20,,41.459852305157696,2.0
2027-07-21,33.27038329679383,65.52598468389749,7.0
2027-07-22,-9999.0,82.73687350796281,6.0
2027-07-23,18.318714260238586,51.3612855168301,3.0
2027-07-24,29.15445446294677,64.17070731196462,8.0
2027-07-25,34.79814286761836,81.4010095311637,2.0
2027-07-26,27.53938335264011,45.9339322456906,9.0
2027-07-27,21.697783604476747,63.523236707980416,7.0
2027-07-28,,,6.0
2027-07-29,24.051457685451272,66.61031032429368,4.0
2027-07-30,18.869561843676557,52.8769894878386,3.0
2027-07-31,-9999.0,54.645534047467216,8.0
2027-08-01,28.5273236558556,,10.0
2027-08-02,24.5995834908018,67.88050175891541,3.0
2027-08-03,,51.146012560356986,9.0
2027-08-04,27.403209344619587,56.14600548830483,5.0
2027-08-05,30.21616672766207,62.69110035133713,3.0
2027-08-06,25.056007624499124,57.417162867916495,6.0
2027-08-07,35.49537065830814,70.57391707689465,6.0
2027-08-08,21.787477856775936,61.205908489955775,2.0
2027-08-09,22.787769381445404,,4.0
2027-08-10,29.499756884264826,47.52018580334621,-9999.0
2027-08-11,27.69892273812662,65.51571221381951,10.0
2027-08-12,27.748103845366643,65.25577982109445,1.0
2027-08-13,28.456232711808006,,6.0
2027-08-14,22.04906519423524,49.759845951597384,8.0
2027-08-15,22.231107498396412,54.15099247467457,8.0
2027-08-16,22.130528887234362,57.424219098610834,6.0
2027-08-17,,42.707875175942696,8.0
2027-08-18,19.033214670246878,56.87838812404672,6.0
2027-08-19,35.30976395633019,63.712041899223166,4.0
2027-08-20,17.107436315327533,54.908081219807116,10.0
2027-08-21,-9999.0,59.013605012633455,2.0
2027-08-22,27.666578452874226,71.21259878313371,1.0
2027-08-23,30.48889816777994,65.03735655653033,7.0
2027-08-24,28.52474153727719,74.48263161026632,7.0
2027-08-25,37.13388900409318,39.625381710291194,-9999.0
2027-08-26,24.597057674964038,68.86218974330959,7.0
2027-08-27,19.367082009633243,73.62736821768314,10.0
2027-08-28,26.637480053461957,66.37876357186386,5.0
2027-08-29,21.687487702832577,53.86337304930779,6.0
2027-08-30,17.028673952161263,46.830035157288144,5.0
2027-08-31,20.362608574999594,62.81389041427551,8.0
2027-09-01,22.455844969295647,76.083645212638,8.0
2027-09-02,23.58372618659801,58.41412547251451,4.0
2027-09-03,27.42249015817849,62.67171832953746,8.0
2027-09-04,,53.653342362481716,2.0
2027-09-05,38.26796561424847,54.02516771201378,9.0
2027-09-06,,39.231615438459926,3.0
2027-09-07,24.6423170127744,56.16028845228888,4.0
2027-09-08,32.949463970401645,62.797869153002345,2.0
2027-09-09,29.82568830528897,56.160717902174014,3.0
2027-09-10,-9999.0,56.7747083201878,2.0
2027-09-11,30.988640115989853,58.212504138056794,1.0
2027-09-12,17.40713265550876,43.82230177860583,8.0
2027-09-13,33.684005066540124,47.36648742636994,2.0
2027-09-14,24.26062149237581,38.75274724966419,5.0
2027-09-15,,61.77988047530445,10.0
2027-09-16,32.58255853156972,63.2106452452228,8.0
2027-09-17,29.73193230799815,69.80478805956308,2.0
2027-09-18,16.062071530845724,66.42958870759746,6.0
2027-09-19,27.844018079296163,62.53986860663515,1.0
2027-09-20,25.119598587094387,70.21681801129381,9.0
2027-09-21,32.70095162087979,67.06039448606798,6.0
2027-09-22,20.590536951750373,48.04829607422727,5.0
2027-09-23,22.57516894339708,55.28486013656765,9.0
2027-09-24,28.646860513568342,64.36009715796817,7.0
2027-09-25,-9999.0,53.861348449011906,7.0
2027-09-26,17.285019809275912,79.31226929799755,5.0
2027-09-27,15.755065816866232,54.387086752986036,1.0
2027-09-28,,53.29749870679096,5.0
2027-09-29,-9999.0,62.10863990039207,2.0
2027-09-30,23.004513912824645,52.531688760756886,8.0
2027-10-01,28.55337520759832,65.76773836296462,5.0
2027-10-02,23.04950179726185,61.94107541310671,4.0
2027-10-03,25.409895462948775,64.64818998290467,3.0
2027-10-04,32.31073979450602,,6.0
2027-10-05,20.166906495617496,49.71140711468565,1.0
2027-10-06,26.37795738085857,73.66599713742279,2.0
2027-10-07,22.971764025964543,50.394255246744954,8.0
2027-10-08,,52.41421386510704,1.0
2027-10-09,21.75620076930546,88.4225577034861,6.0
2027-10-10,,54.23881090630114,-9999.0
2027-10-11,-9999.0,47.79859506765558,2.0
2027-10-12,-9999.0,62.74594420281861,1.0
2027-10-13,31.059918909154895,64.01187113737817,4.0
2027-10-14,13.486994177317905,75.05472833945325,10.0
2027-10-15,23.19189897896932,49.908321670723495,4.0
2027-10-16,22.568179340267825,,5.0
2027-10-17,26.547291468951947,50.677047158997496,2.0
2027-10-18,27.147949924957118,43.517043885783025,9.0
2027-10-19,23.812720399994973,57.39249608899013,
2027-10-20,21.632427140636747,57.69665968381974,
2027-10-21,27.0017947074556,46.18704959011815,6.0
2027-10-22,25.174747548730018,59.60225944716028,6.0
2027-10-23,-9999.0,59.06936252676411,
2027-10-24,19.988180881943897,,1.0
2027-10-25,26.67633616409619,55.944345150943,3.0
2027-10-26,19.68293346493423,72.69577152322965,6.0
2027-10-27,22.776060892581192,45.913979940509535,3.0
2027-10-28,22.95512655433104,65.25926329662762,7.0
2027-10-29,18.65905756715196,71.38580454459404,9.0
2027-10-30,31.73992406117584,70.36230411815554,10.0
2027-10-31,28.489617155506473,68.30996817259293,1.0
2027-11-01,24.948966034236413,86.32543976234767,4.0
2027-11-02,24.809908698938695,67.01983197054369,2.0
2027-11-03,19.6275442066934,46.413843104764766,3.0
2027-11-04,31.850089667801846,55.66468976659186,
2027-11-05,18.13473385190504,49.136449778232354,10.0
2027-11-06,27.328487505005892,52.4158647955107,2.0
2027-11-07,26.409460404570527,70.179124186757,7.0
2027-11-08,21.92434451616271,51.39439431108437,4.0
2027-11-09,27.782472392556965,,
2027-11-10,25.01695201743445,69.94605243650875,3.0
2027-11-11,26.617731914248274,52.945586358060986,3.0
2027-11-12,26.352654547356714,59.85725342097794,7.0
2027-11-13,25.49865393537699,-9999.0,3.0
2027-11-14,21.21210200243534,47.62831208606383,4.0
2027-11-15,25.227971544622154,55.3798485494751,6.0
2027-11-16,,62.366738036932425,6.0
2027-11-17,31.041428303376204,58.69665608847327,9.0
2027-11-18,27.423190251067332,73.91426303137212,3.0
2027-11-19,25.171982435184102,,9.0
2027-11-20,27.632175379516944,64.39365810759115,10.0
2027-11-21,,42.031345314039186,6.0
2027-11-22,25.32123886876226,53.478825015906985,8.0
2027-11-23,13.95839987005612,67.63463446922938,2.0
2027-11-24,22.822980999712524,39.59743491085514,9.0
2027-11-25,23.71638154899403,48.60504533619188,7.0
2027-11-26,29.542444344732434,55.297539592688665,5.0
2027-11-27,,64.08822041718912,10.0
2027-11-28,27.810598143971117,79.35034524021339,9.0
2027-11-29,20.739152534861994,,10.0
2027-11-30,17.474797688125538,51.6188085887188,2.0
2027-12-01,28.064414194850627,75.60123888403203,
2027-12-02,22.373904951599403,56.45272654310021,7.0
2027-12-03,35.558786512920506,70.65121823440903,1.0
2027-12-04,32.41557569222789,67.36560680420827,5.0
2027-12-05,34.188026584127634,-9999.0,8.0
2027-12-06,23.916745860433988,,2.0
2027-12-07,21.083279551474437,63.715808832358576,5.0
2027-12-08,25.354600717392323,62.3584780320842,
2027-12-09,29.375509513994132,63.801490069124426,1.0
2027-12-10,38.92094141047485,51.22708418107265,6.0
2027-12-11,-9999.0,64.44482630734366,2.0
2027-12-12,31.55033529336319,60.984206662128,8.0
2027-12-13,32.11292093971403,-9999.0,4.0
2027-12-14,25.80414324918595,76.25723011993715,3.0
2027-12-15,21.552895911350863,75.350482375092,8.0
2027-12-16,22.890841678450958,,-9999.0
2027-12-17,23.718890860784608,37.015829216882565,10.0
2027-12-18,14.809956536694632,62.65107193096934,2.0
2027-12-19,20.21224760739906,61.94779567641574,10.0
2027-12-20,15.788168501753333,66.0122524914551,6.0
2027-12-21,17.777874049159053,57.824115141396675,-9999.0
2027-12-22,17.431681158164192,62.316133183677415,4.0
2027-12-23,22.090708312134314,62.80641925677377,9.0
2027-12-24,21.075478607846627,46.42083299082106,8.0
2027-12-25,-9999.0,72.83276702807119,1.0
2027-12-26,37.23740566349696,70.79524236661514,8.0
2027-12-27,33.0360942045741,61.34856354016668,9.0
2027-12-28,29.10909884740086,48.13057063858282,5.0
2027-12-29,20.644801553156817,71.7558210138482,5.0
2027-12-30,-9999.0,68.7305883903028,9.0
2027-12-31,26.47197779232495,-9999.0,9.0
2028-01-01,24.367994152325707,56.88849269555294,3.0
2028-01-02,29.097672460037536,50.25318118849576,7.0
2028-01-03,25.459030924081706,,10.0
2028-01-04,-9999.0,67.71856812698859,9.0
2028-01-05,22.94972989163968,49.584754580348445,1.0
2028-01-06,19.761555514765714,-9999.0,7.0
2028-01-07,25.50214719181053,60.96928253490857,2.0
2028-01-08,19.13059658587344,64.64423378850998,10.0
2028-01-09,22.752242985703624,53.92777449465885,3.0
2028-01-10,16.471766397457063,48.13506113116114,6.0
2028-01-11,17.194744756057897,63.95910240703327,4.0
2028-01-12,22.11629995512638,64.24479141574301,6.0
2028-01-13,31.191862018622544,63.141936197756955,9.0
2028-01-14,21.217426517143174,,3.0
2028-01-15,29.14202545356033,66.05541543451508,6.0
2028-01-16,31.647231052793572,58.39355970546208,9.0
2028-01-17,20.040130659579635,,3.0
2028-01-18,27.334455868460726,59.20329265432924,10.0
2028-01-19,17.896019282445426,72.99020323485442,10.0
2028-01-20,31.099140595398747,54.90604093364024,4.0
2028-01-21,-9999.0,71.72265938617694,3.0
2028-01-22,23.165018819418346,60.295435815099616,3.0
2028-01-23,21.404104133833503,56.60000472459213,4.0
2028-01-24,29.19114488980578,44.799065139206675,1.0
2028-01-25,-9999.0,70.7193515204172,3.0
2028-01-26,26.008480525605606,41.75393911785398,8.0
2028-01-27,-9999.0,45.0815424317991,-9999.0
2028-01-28,19.352833448085914,49.63204327149121,2.0
2028-01-29,24.400023213667776,-9999.0,2.0
2028-01-30,25.65782959499338,58.84000256774894,5.0
2028-01-31,18.948597680397175,-9999.0,5.0
2028-02-01,28.92865029356529,50.39486458028182,3.0
2028-02-02,12.941198981949547,46.33901218846623,5.0
2028-02-03,24.868503385328488,55.89931605348454,10.0
2028-02-04,21.206062094414566,59.27629008937692,5.0
2028-02-05,23.471365264278933,57.14645780981463,6.0
2028-02-06,20.93112095312922,56.74860622607001,10.0
2028-02-07,34.58351007280146,79.4227361865781,8.0
2028-02-08,29.506841701753117,64.85644896091665,2.0
2028-02-09,20.359832087606634,82.8979564700299,3.0
2028-02-10,29.540236007276867,53.96188668705635,6.0
2028-02-11,30.411234394376578,48.36019477932739,1.0
2028-02-12,25.34515150919618,52.71612135960629,3.0
2028-02-13,24.35877351707726,,3.0
2028-02-14,21.67305004970167,52.7651835975043,4.0
2028-02-15,19.411359219682577,63.91231572395588,9.0
2028-02-16,24.08350509626427,35.50190580151426,2.0
2028-02-17,14.964535255069816,51.882558734165656,3.0
2028-02-18,24.94719859853894,59.47944897856029,
2028-02-19,27.76206930844645,73.50778495872896,10.0
2028-02-20,36.02282219968102,59.56203508296314,9.0
2028-02-21,23.472440324189307,51.31591028266348,10.0
2028-02-22,,57.40461184289152,2.0
2028-02-23,,53.24126375201824,3.0
2028-02-24,-9999.0,55.03580711500676,5.0
2028-02-25,,54.09179122847269,8.0
2028-02-26,25.105086689254176,67.7332031205296,5.0
2028-02-27,25.757762443414396,50.06204077511425,10.0
2028-02-28,-9999.0,70.73389716918183,10.0
2028-02-29,28.26585080564894,71.3089501240658,2.0
2028-03-01,,66.48871237671392,-9999.0
2028-03-02,26.005109663988357,47.06386065254338,10.0
2028-03-03,26.88802459645258,76.89441956428021,7.0
2028-03-04,18.752130970773482,53.871480566349774,1.0
2028-03-05,26.439264178006525,67.58945705112451,10.0
2028-03-06,,55.1244585322016,8.0
2028-03-07,28.738540899203432,65.58520164149401,1.0
2028-03-08,26.842533129374836,71.3271530168539,6.0
2028-03-09,,53.46790984156286,-9999.0
2028-03-10,,61.847761591616326,7.0
2028-03-11,14.553190340874655,43.35975392259486,3.0
2028-03-12,29.72074266318595,60.65386097582465,4.0
2028-03-13,20.38118431814162,58.699639971324416,2.0
2028-03-14,11.47803625894243,63.98049013203634,9.0
2028-03-15,39.287589835375655,58.91528919522603,7.0
2028-03-16,29.05707524314175,-9999.0,8.0
2028-03-17,24.806146390613964,54.03572261899026,5.0
2028-03-18,29.382812319514304,71.1270230926123,10.0
2028-03-19,,74.20741866777493,9.0
2028-03-20,39.44378750083755,62.66760731304945,3.0
2028-03-21,-9999.0,64.35064909017615,3.0
2028-03-22,29.231195399489994,56.375264853763184,-9999.0
2028-03-23,25.242543010463837,59.30838336545273,2.0
2028-03-24,29.82276718232841,74.77625507021943,1.0
2028-03-25,24.23924162292733,60.8105136070649,1.0
2028-03-26,29.423202281210347,51.892752029501494,10.0
2028-03-27,24.56625914430727,-9999.0,-9999.0
2028-03-28,34.00397542384606,-9999.0,5.0
2028-03-29,26.2954318878132,63.46655284831384,10.0
2028-03-30,21.53028320579637,56.66098922573699,1.0
2028-03-31,15.13293094284659,44.037505070605754,2.0
2028-04-01,20.21004086204369,60.09381125581919,9.0
2028-04-02,24.64092365570076,66.19711609276511,10.0
2028-04-03,24.118032129113878,41.179962248091925,3.0
2028-04-04,24.100864596593183,45.74645962966007,3.0
2028-04-05,-9999.0,59.08466591779319,9.0
2028-04-06,22.985399371503814,54.39417283334582,9.0
2028-04-07,32.235811547428135,44.91974363363241,10.0
2028-04-08,-9999.0,71.66991944644106,1.0
2028-04-09,25.563375636359993,57.87606309299199,4.0
2028-04-10,32.38115437888822,70.33307148121618,-9999.0
2028-04-11,20.22502894416811,62.058752190206484,5.0
2028-04-12,22.040033147609932,60.721476834664344,7.0
2028-04-13,23.56878010338656,49.90650368891861,1.0
2028-04-14,,66.34915288516639,1.0
2028-04-15,26.336265411672365,-9999.0,2.0
2028-04-16,19.26500172583666,68.1185416899096,7.0
2028-04-17,33.8940359664541,56.86027009839752,3.0
2028-04-18,30.03719269510669,51.01728139987005,7.0
2028-04-19,21.72913199222041,53.184548630130514,6.0
2028-04-20,26.07621925183254,57.38576415634323,2.0
2028-04-21,31.07517459643812,60.03216000580612,6.0
2028-04-22,28.69178396130747,72.44597115373367,9.0
2028-04-23,29.638780688931504,70.89399231149514,10.0
2028-04-24,21.670976238423762,64.4623858497241,8.0
2028-04-25,19.10973983373399,59.88155826234696,6.0
2028-04-26,25.387043772067052,,10.0
2028-04-27,,49.204595944864984,2.0
2028-04-28,22.365555249979746,56.458545052138255,8.0
2028-04-29,19.812105539316676,-9999.0,2.0
2028-04-30,29.029572638241476,61.914885770968354,6.0
2028-05-01,18.232198085269637,56.33123290328224,2.0
2028-05-02,34.21359897061558,55.21384811239634,7.0
2028-05-03,26.81663931725157,67.1557023435155,8.0
2028-05-04,25.75927365915972,40.13778049434045,10.0
2028-05-05,21.11202704846583,72.99237326858325,4.0
2028-05-06,22.27982325095941,70.81395615928484,-9999.0
2028-05-07,26.913765234837623,-9999.0,7.0
2028-05-08,22.758541652779343,57.891230408401235,8.0
2028-05-09,24.990848344035616,80.99981258307459,7.0
2028-05-10,26.152486359506646,49.13605196118624,5.0
2028-05-11,,,7.0
2028-05-12,17.12556491486524,58.60140537049007,2.0
2028-05-13,15.8451764940755,53.42767682754016,-9999.0
2028-05-14,16.654964219621093,68.94474583264403,1.0
2028-05-15,,62.73739810807181,1.0
2028-05-16,-9999.0,-9999.0,3.0
2028-05-17,29.00822872025494,55.72698185747082,2.0
2028-05-18,-9999.0,68.77576283582322,3.0
2028-05-19,27.791661171229457,,10.0
2028-05-20,22.339523429726825,70.23501295244006,9.0
2028-05-21,40.024236816191,,1.0
2028-05-22,26.362124132461155,65.67065558905304,5.0
2028-05-23,28.156060232483235,-9999.0,7.0
2028-05-24,20.42484610965159,59.31895817173585,4.0
2028-05-25,24.02775061619813,,6.0
2028-05-26,22.07709831024095,84.87257193071687,6.0
2028-05-27,20.249186576362387,62.487313492493264,2.0
2028-05-28,16.838482003789032,67.66342146629498,3.0
2028-05-29,21.981343954388297,67.65712352507363,8.0
2028-05-30,29.118406158780623,52.90909302272608,4.0
2028-05-31,19.53460186282482,40.09504034759739,6.0
2028-06-01,18.003856213069056,,-9999.0
2028-06-02,18.724109970454627,67.3286557613016,6.0
2028-06-03,22.149647764969703,62.40621688661512,1.0
2028-06-04,27.646428320293847,48.66020018082263,4.0
2028-06-05,27.903598349278994,68.32765829610562,3.0
2028-06-06,23.24584789831783,74.02993817734958,10.0
2028-06-07,23.30539154802978,-9999.0,-9999.0
2028-06-08,24.961146071459154,69.8507676073645,1.0
2028-06-09,,,2.0
2028-06-10,22.10865191591167,68.6431634351911,2.0
2028-06-11,28.361307321092635,58.57251922021623,1.0
2028-06-12,27.844570061476766,73.92791515543075,6.0
2028-06-13,18.381242708876457,62.95600058416866,7.0
2028-06-14,14.944728996315536,63.94209039986391,8.0
2028-06-15,22.380045584110952,48.39872120315361,4.0
2028-06-16,24.63819649335791,43.354358902845256,7.0
2028-06-17,23.708451951076633,57.29840477147471,3.0
2028-06-18,28.641508586161617,67.5879478332945,7.0
2028-06-19,29.965055821097955,46.03265231644868,5.0
2028-06-20,23.012230251235177,54.27033950375997,10.0
2028-06-21,24.970755282926508,55.81307720524321,9.0
2028-06-22,27.365806046214146,62.21263575296545,7.0
2028-06-23,20.26870901078086,57.12330128320265,10.0
2028-06-24,22.59029001383304,76.12756653406353,6.0
2028-06-25,29.097393433942383,64.65874710685951,-9999.0
2028-06-26,27.390145634638326,56.47318980111529,3.0
2028-06-27,23.76565524632136,55.47826732408029,5.0
2028-06-28,-9999.0,70.9686658714526,6.0
2028-06-29,30.733467036188124,64.38238309331487,10.0
2028-06-30,19.372425727005293,,7.0
2028-07-01,-9999.0,54.24458394411238,6.0
2028-07-02,22.430902845250554,,5.0
2028-07-03,26.665281757868136,61.81925592112963,2.0
2028-07-04,31.065303246674837,48.390563619065404,1.0
2028-07-05,26.215509776365657,58.34451095485633,2.0
2028-07-06,24.934683174912433,65.22970144968063,4.0
2028-07-07,28.23298301747935,72.56214814924573,2.0
2028-07-08,30.806360783656338,54.523287040307174,10.0
2028-07-09,,54.05454430166314,9.0
2028-07-10,13.536525513973688,51.79766167497506,9.0
2028-07-11,23.17328701721888,59.69751983493745,2.0
2028-07-12,15.749192768406001,34.10074866471479,9.0
2028-07-13,21.516004852689246,72.63758431736507,6.0
2028-07-14,23.84279382502859,,7.0
2028-07-15,,80.17264649055431,2.0
2028-07-16,-9999.0,50.547544841106784,-9999.0
2028-07-17,25.893598807875282,65.58555510162346,4.0
2028-07-18,31.918449557642376,53.8235321718957,9.0
2028-07-19,35.82219979809864,-9999.0,5.0
2028-07-20,27.214791589169362,57.145658981246704,4.0
2028-07-21,23.097631461078155,-9999.0,1.0
2028-07-22,20.10988785438313,67.59894207612895,4.0
2028-07-23,26.722775996017912,66.40145197797192,2.0
2028-07-24,24.392359865710777,,9.0
2028-07-25,25.362563447354045,68.94228856252059,9.0
2028-07-26,23.121182953163597,66.3694320434713,-9999.0
2028-07-27,24.814162102629698,49.74631079122955,2.0
2028-07-28,21.989938886071165,67.47960981828761,5.0
2028-07-29,24.24338133911954,-9999.0,2.0
2028-07-30,29.005979559601148,76.17591398664172,4.0
2028-07-31,29.801369544840384,62.46924060422609,7.0
2028-08-01,25.196928448345904,65.76757688316658,1.0
2028-08-02,26.97263835560674,70.74898081119764,4.0
2028-08-03,17.723333181673034,62.83817942793823,6.0
2028-08-04,,53.23362398577086,5.0
2028-08-05,22.137892280691627,66.92660081904964,3.0
2028-08-06,23.691109083699644,76.21664436556512,-9999.0
2028-08-07,36.020766083998176,54.80839297812546,-9999.0
2028-08-08,23.909790718809283,64.74977575118233,7.0
2028-08-09,22.526706832652998,58.78957654161631,9.0
2028-08-10,23.395807093259187,44.26798552473283,3.0
2028-08-11,25.243931134862343,74.670196622682,3.0
2028-08-12,33.444801568470396,42.364424593198784,2.0
2028-08-13,23.035948366383696,59.961014675696,5.0
2028-08-14,19.52872476635279,58.93650916399736,8.0
2028-08-15,22.056067706160174,72.12260286247577,5.0
2028-08-16,28.98358334702791,87.10224215902026,9.0
2028-08-17,17.698846228310714,65.73796300337298,6.0
2028-08-18,27.681270879587156,48.194351743147244,10.0
2028-08-19,26.084870728805175,50.058684302479435,3.0
2028-08-20,33.746210849864866,63.044741048487666,1.0
2028-08-21,24.82046680947103,39.791325370600546,2.0
2028-08-22,24.082264944287882,75.4111049779991,8.0
2028-08-23,30.504654033258795,53.120221060707394,1.0
2028-08-24,25.119634575385344,51.72768165023386,3.0
2028-08-25,,54.92189937098341,10.0
2028-08-26,28.161327116425973,62.81478584847666,2.0
2028-08-27,16.862434282743372,65.16367535448119,6.0
2028-08-28,25.972962172301152,58.77688644615064,3.0
2028-08-29,23.585942048684398,56.576138939752305,1.0
2028-08-30,23.861049203400388,60.914924658243486,3.0
2028-08-31,29.32813005089036,54.199732113558035,2.0
2028-09-01,26.265023755868217,62.985878813004334,5.0
2028-09-02,19.041467940519667,62.505801080101655,4.0
2028-09-03,17.23302012604708,73.64621176415962,5.0
2028-09-04,27.377517108587213,58.464494977134606,
2028-09-05,22.02705295348585,39.40069874930472,2.0
2028-09-06,36.869967055953325,63.7630247082008,9.0
2028-09-07,23.093042517451877,42.36860334444919,3.0
2028-09-08,21.964369243568473,51.919935960116106,1.0
2028-09-09,29.5626553163975,-9999.0,8.0
2028-09-10,21.07632736620104,72.98373361892024,2.0
2028-09-11,27.914492407240353,63.10787219058382,8.0
2028-09-12,-9999.0,,7.0
2028-09-13,-9999.0,58.706956727452216,5.0
2028-09-14,30.291766717394992,48.29243842544436,3.0
2028-09-15,31.670331796181475,57.3840501298976,4.0
2028-09-16,25.91308931928446,,2.0
2028-09-17,22.51428513446058,69.77512991906346,7.0
2028-09-18,30.286987564160725,-9999.0,9.0
2028-09-19,,48.248891043163155,5.0
2028-09-20,27.8332418460299,,5.0
2028-09-21,33.193031465380656,65.7612158617893,10.0
2028-09-22,,76.3252056769418,8.0
2028-09-23,25.531421779810195,68.73586412065163,-9999.0
2028-09-24,29.755916539974596,67.41731984861715,2.0
2028-09-25,25.779531500165355,64.13794207245725,8.0
2028-09-26,32.32992873811624,,7.0
2028-09-27,16.190234597481002,45.58499072617178,7.0
2028-09-28,22.52411318418696,75.98393719592366,
2028-09-29,26.793110912189803,56.173175521555024,1.0
2028-09-30,26.30347934957321,66.60057459022408,8.0
2028-10-01,29.68989534680995,49.05628717625518,-9999.0
2028-10-02,28.93616886321871,,
2028-10-03,,60.89987888557776,1.0
2028-10-04,-9999.0,54.193612170740316,2.0
2028-10-05,26.936812296100882,71.41243512549103,7.0
2028-10-06,25.74609160632471,61.938442194178066,2.0
2028-10-07,22.15212688691958,52.258458720166814,5.0
2028-10-08,21.14768099597913,55.89939570023832,6.0
2028-10-09,26.173866964621226,63.66428234624246,8.0
2028-10-10,15.296663653400435,77.28237959624619,6.0
2028-10-11,33.00513268659181,64.45591032559487,3.0
2028-10-12,,58.98810059025032,5.0
2028-10-13,26.448808382009556,62.697243189608415,7.0
2028-10-14,34.55739495741723,69.77163270196543,9.0
2028-10-15,-9999.0,45.55131426273375,4.0
2028-10-16,-9999.0,62.40040886278731,9.0
2028-10-17,21.597977840798507,59.97583198495387,9.0
2028-10-18,23.786956224544127,,7.0
2028-10-19,15.300277925087507,52.07519354475829,6.0
2028-10-20,18.206296557987404,57.287805427000976,-9999.0
2028-10-21,25.897876705264217,62.83228915676392,6.0
2028-10-22,18.73865020799805,52.418061973215,10.0
2028-10-23,20.53905997347523,-9999.0,6.0
2028-10-24,22.55942662049537,58.901935143984105,4.0
2028-10-25,21.45833751809398,58.89634137170137,6.0
2028-10-26,29.956478099784604,58.960486557422165,10.0
2028-10-27,23.53637934714743,32.58344296524817,8.0
2028-10-28,28.833820458500856,56.39052777048576,3.0
2028-10-29,30.134267585455575,53.02952592297618,2.0
2028-10-30,24.748447617973834,63.25844486205767,3.0
2028-10-31,22.646143216118983,69.83380410191546,8.0
2028-11-01,33.52618149999624,40.299992882811594,2.0
2028-11-02,24.603380569980214,50.286629533787725,5.0
2028-11-03,25.22765098978705,61.647648601718714,1.0
2028-11-04,23.09816020930785,49.78694184337755,1.0
2028-11-05,22.245671312162493,54.50125622892245,7.0
2028-11-06,29.40708027047018,45.73409586810898,2.0
2028-11-07,27.483792741123192,55.475337176055504,-9999.0
2028-11-08,35.74516135354229,64.91097697136472,4.0
2028-11-09,25.228686913856073,56.5268048145533,8.0
2028-11-10,28.949258072922266,62.30410900418278,2.0
2028-11-11,20.93006577154695,48.34490518386595,2.0
2028-11-12,16.514679535603435,71.8704481914774,4.0
2028-11-13,23.453846769889275,,6.0
2028-11-14,24.691184432551832,64.31544266529728,6.0
2028-11-15,34.163709139842375,51.14441934272712,6.0
2028-11-16,21.726385206646814,64.30837942716623,6.0
2028-11-17,19.14502892597457,40.7842136083559,7.0
2028-11-18,20.201986413949072,56.875041124021756,10.0
2028-11-19,24.59833067040364,48.68445889489581,9.0
2028-11-20,22.471684261933294,,6.0
2028-11-21,29.480800949374498,72.9063787444553,8.0
2028-11-22,18.73508769161645,70.649760823739,7.0
2028-11-23,25.21503589177288,39.789853363758425,6.0
2028-11-24,28.829379896577453,-9999.0,2.0
2028-11-25,-9999.0,60.49384557868217,10.0
2028-11-26,17.0464376992997,70.10367196979097,10.0
2028-11-27,30.055647932789515,35.186024447669865,10.0
2028-11-28,26.785449537948814,64.42890654628653,9.0
2028-11-29,26.91921845459234,55.338109637487854,10.0
2028-11-30,25.195751786295972,73.0621829105789,2.0
2028-12-01,27.434023407479092,70.41941671368774,6.0
2028-12-02,,67.5766876894831,10.0
2028-12-03,28.08564475376998,54.11365640238188,2.0
2028-12-04,22.54609692299938,58.48496667678609,5.0
2028-12-05,-9999.0,55.5736408617472,2.0
2028-12-06,24.001600167657795,68.9354731581969,2.0
2028-12-07,19.891433296479534,78.85439361324413,1.0
2028-12-08,31.02467594110737,69.79273296417317,4.0
2028-12-09,24.79900477305326,49.24060221445138,
2028-12-10,,69.05088080331807,1.0
2028-12-11,23.31112063677732,59.511841390218294,10.0
2028-12-12,22.255042532448286,57.0428339666971,5.0
2028-12-13,29.66802495940513,56.31836755920984,7.0
2028-12-14,28.867400641848818,73.8481603203156,10.0
2028-12-15,20.002836248592708,50.217833429754286,9.0
2028-12-16,26.86648083641909,70.17794153488171,10.0
2028-12-17,20.11456899424788,64.49303920645428,1.0
2028-12-18,30.7976195139243,51.81565651149368,2.0
2028-12-19,21.978675943344875,38.84033166576726,8.0
2028-12-20,29.4126036039521,66.81397041233252,5.0
2028-12-21,19.55468708091074,71.80589242570838,-9999.0
2028-12-22,-9999.0,60.22554867043203,7.0
2028-12-23,21.095901030563375,45.678584120885155,7.0
2028-12-24,29.35698373543363,,8.0
2028-12-25,26.564671099028384,33.37540430581459,10.0
2028-12-26,,55.86239858680552,7.0
2028-12-27,30.62794705741255,48.59446301388079,
2028-12-28,26.47957229284715,53.94482221798275,10.0
2028-12-29,29.128038571779772,63.529311735861526,1.0
2028-12-30,19.03484191089994,-9999.0,4.0
2028-12-31,20.452321994529566,62.04338337943224,1.0
2029-01-01,29.288833260521326,59.77418457407635,3.0
2029-01-02,27.677098289207617,57.27609944708158,1.0
2029-01-03,23.33703438312326,49.97553445207331,1.0
2029-01-04,28.458407588553385,82.89792816763544,1.0
2029-01-05,21.59873062718979,74.07182865873177,7.0
2029-01-06,27.352273749930642,58.4676849161831,1.0
2029-01-07,20.54421393082949,48.78883239215329,1.0
2029-01-08,-9999.0,59.92340207701293,9.0
2029-01-09,,53.99262023821887,1.0
2029-01-10,27.568508838768953,82.3280341379104,8.0
2029-01-11,30.212187504669856,47.29361382935226,9.0
2029-01-12,32.65194396779685,66.59123084321998,8.0
2029-01-13,25.97479212515879,52.429746188705586,2.0
2029-01-14,30.163505318894174,60.37897150113885,6.0
2029-01-15,27.615111696678788,76.69376276152126,10.0
2029-01-16,24.100439836469096,64.07616958979378,4.0
2029-01-17,18.82961326471039,62.843122867343034,-9999.0
2029-01-18,19.394847923164363,52.13742015015718,7.0
2029-01-19,27.293470951597634,70.48931395558779,2.0
2029-01-20,15.210285612471061,-9999.0,1.0
2029-01-21,36.412649029261175,66.46138445495266,2.0
2029-01-22,,67.62479710855425,2.0
2029-01-23,31.73472689264672,66.40579303597265,1.0
2029-01-24,15.330596173320645,61.84294351907732,2.0
2029-01-25,16.5290206111587,58.38424671081948,6.0
2029-01-26,21.91072210415362,48.56032580621629,2.0
2029-01-27,23.00523213820916,58.64767551781169,3.0
2029-01-28,22.495442130189076,53.86178527106997,8.0
2029-01-29,24.883303017284565,-9999.0,1.0
2029-01-30,19.349635346092775,70.03185260450729,8.0
2029-01-31,29.02544384070832,51.58132432631247,8.0
2029-02-01,18.744002002216625,,
2029-02-02,31.643018155252577,46.88144456166317,2.0
2029-02-03,-9999.0,41.32217359895552,1.0
2029-02-04,26.53996842612475,64.69972630940275,9.0
2029-02-05,14.435735191156404,74.5270366888372,5.0
2029-02-06,28.871466061255283,51.667739996079426,4.0
2029-02-07,20.32027793144355,63.29849121923662,2.0
2029-02-08,18.843714509464423,65.06710598652506,
2029-02-09,26.149961793585693,51.19759860712686,2.0
2029-02-10,,40.46200292418164,
2029-02-11,,55.56380546115483,4.0
2029-02-12,25.133700060011513,66.83357492132554,3.0
2029-02-13,19.803803707987477,64.32422845658836,3.0
2029-02-14,,58.46913957687297,10.0
2029-02-15,31.41202270288285,52.2760017626978,3.0
2029-02-16,24.973715776423212,68.21947535141013,6.0
2029-02-17,28.007621976619287,60.15714323997433,3.0
2029-02-18,-9999.0,74.30132127743767,8.0
2029-02-19,28.953074858142053,74.466737042587,7.0
2029-02-20,20.872857937586474,68.36464612498685,2.0
2029-02-21,29.124436236319113,57.64974477708807,10.0
2029-02-22,,54.88870359261994,9.0
2029-02-23,16.944890477699026,56.864795779772166,10.0
2029-02-24,26.108646407955685,49.42528575296106,6.0
2029-02-25,26.367579853433412,71.84264726377566,7.0
2029-02-26,20.24323935887941,58.42607543263168,6.0
2029-02-27,17.66087073965757,47.26926318275659,6.0
2029-02-28,26.26607414299982,52.524834014051514,6.0
2029-03-01,29.07608274944198,68.74494294233293,2.0
2029-03-02,28.3913525377023,50.19344724643921,1.0
2029-03-03,22.45301020975393,61.01296735265981,9.0
2029-03-04,32.441430249390734,66.4121361032139,2.0
2029-03-05,32.782960191573125,70.81383643239477,7.0
2029-03-06,26.985541624461945,49.181721508200006,6.0
2029-03-07,22.88973859647881,72.55468603591355,1.0
2029-03-08,27.805686258871532,56.3927331900401,2.0
2029-03-09,21.598057562397738,48.462980919625785,1.0
2029-03-10,,74.04614841146183,6.0
2029-03-11,24.423816886227073,47.647027620728814,
2029-03-12,23.305828985171637,46.38721064283688,10.0
2029-03-13,22.955650189992486,60.199182321496934,8.0
2029-03-14,29.158764038245664,49.52785916019791,1.0
2029-03-15,26.591819880117832,48.796695744471364,1.0
2029-03-16,25.799832475401338,67.88942353941135,2.0
2029-03-17,18.577476797623227,75.47827527879919,8.0
2029-03-18,16.013342773163128,76.3056145935027,6.0
2029-03-19,19.648206186599147,54.04937663540799,8.0
2029-03-20,23.3610279112316,81.26075196549411,-9999.0
2029-03-21,29.697780812002325,59.28736468425484,4.0
2029-03-22,27.077145693112758,67.65314519990758,6.0
2029-03-23,16.532825600205932,59.83655341426278,5.0
2029-03-24,23.884329281029334,49.11255734041109,9.0
2029-03-25,27.624952088418247,57.141641552891926,7.0
2029-03-26,20.780142579638387,,10.0
2029-03-27,21.701525773164295,43.93130820046678,1.0
2029-03-28,26.501600920717337,,3.0
2029-03-29,-9999.0,73.61200794776482,6.0
2029-03-30,24.466369037305164,70.84803321063262,10.0
2029-03-31,23.819924652526794,62.52109471898334,10.0
2029-04-01,,60.53064217186928,-9999.0
2029-04-02,18.819329159627912,60.52772717087911,4.0
2029-04-03,23.887481708722074,60.89093910251071,5.0
2029-04-04,22.830921659198594,50.576140223081794,8.0
2029-04-05,25.61791866590382,76.8326936529726,7.0
2029-04-06,,53.9454146238691,2.0
2029-04-07,26.572413335780702,58.027973062449504,8.0
2029-04-08,24.955609904971205,59.71853574898933,6.0
2029-04-09,19.38552063820287,52.67977151520675,8.0
2029-04-10,29.354503461920636,54.333988046444006,3.0
2029-04-11,26.895056901911403,55.6804862585101,1.0
2029-04-12,29.94155639453792,47.735144305296075,
2029-04-13,30.576466463680863,65.21908195213251,1.0
2029-04-14,35.88748546130815,62.83515675494147,4.0
2029-04-15,-9999.0,41.581286784842604,1.0
2029-04-16,25.98165964901575,55.22703872868929,3.0
2029-04-17,29.159752606388853,60.1351342380336,2.0
2029-04-18,29.984245869220352,64.15939363459638,2.0
2029-04-19,25.483105513761288,58.11256854222827,3.0
2029-04-20,28.660656707734343,52.32368154674759,10.0
2029-04-21,33.4329642178846,49.01051096219762,8.0
2029-04-22,-9999.0,68.40230955929151,6.0
2029-04-23,28.845317849201177,57.468403676967576,3.0
2029-04-24,19.71350605853443,54.21504848944137,3.0
2029-04-25,26.923357785388312,47.35367215476937,6.0
2029-04-26,27.4570215131837,50.66184896234237,10.0
2029-04-27,24.344448041394525,84.2139455804749,5.0
2029-04-28,24.104611457349144,,2.0
2029-04-29,22.031660446169422,49.32049918270543,5.0
2029-04-30,21.61954926793763,48.05981995336923,7.0
2029-05-01,19.616998546776173,71.40358759524734,
2029-05-02,32.128306563324216,64.97840040306465,-9999.0
2029-05-03,22.783796457105893,50.66888897371717,9.0
2029-05-04,20.271784484567604,61.55921958559223,1.0
2029-05-05,27.227153166337366,61.45341147221983,6.0
2029-05-06,24.813241324305903,,6.0
2029-05-07,28.6617653889818,64.88718169739236,1.0
2029-05-08,26.000810216389574,48.98063010834397,1.0
2029-05-09,21.660285037371217,65.1046424220038,8.0
2029-05-10,29.523440037828777,61.01601679490421,8.0
2029-05-11,26.221318561668692,54.83193863542231,2.0
2029-05-12,25.914876770321655,51.923551423539074,9.0
2029-05-13,27.798498943269966,54.706967004708396,7.0
2029-05-14,20.967575722430976,69.51417058446528,6.0
2029-05-15,28.595596961196776,54.75685926206043,2.0
2029-05-16,30.13117852616285,65.51299935316146,4.0
2029-05-17,20.527300239170145,58.785750819780574,7.0
2029-05-18,23.309862335532817,67.88563929336544,10.0
2029-05-19,10.54929280065383,59.16622153360079,
2029-05-20,24.549163967866683,70.40314009623084,2.0
2029-05-21,23.26736451046699,49.619785681858986,7.0
2029-05-22,25.955312838486613,53.220664298312855,9.0
2029-05-23,,47.15919551007507,6.0
2029-05-24,20.69860367226154,67.07050581942835,8.0
2029-05-25,31.875554876616924,57.03094156653808,10.0
2029-05-26,,45.901822914819185,3.0
2029-05-27,26.266585086142186,74.10926858856607,6.0
2029-05-28,21.82114866240805,67.64886166112343,4.0
2029-05-29,29.43794450682841,,1.0
2029-05-30,20.205499189500845,62.40208725356169,1.0
2029-05-31,32.609892491433804,78.27126188704655,8.0
2029-06-01,20.94337599622283,59.85391232909198,9.0
2029-06-02,27.451202091069916,50.980824346356954,10.0
2029-06-03,-9999.0,66.66988470989112,2.0
2029-06-04,21.90216536271373,66.59768330293402,3.0
2029-06-05,31.810737014743175,47.33457253546902,2.0
2029-06-06,26.308017399039386,83.67613266321216,4.0
2029-06-07,29.983296898530092,65.21041289609818,10.0
2029-06-08,22.03878029476586,60.03409886745967,4.0
2029-06-09,21.824875595753,58.02117867298905,7.0
2029-06-10,22.53889167923512,63.93902477614873,5.0
2029-06-11,26.861257395393913,46.791341906349764,8.0
2029-06-12,19.603592388365843,77.1597158263657,10.0
2029-06-13,30.37538547952936,64.56024624141259,3.0
2029-06-14,25.486860561154177,77.95997591000875,5.0
2029-06-15,23.55487462962852,72.63632382899205,7.0
2029-06-16,27.185300405902204,55.619527359193015,8.0
2029-06-17,19.875767849953526,59.975756651421726,6.0
2029-06-18,35.34658767005507,56.2678624848637,4.0
2029-06-19,23.94031521701769,58.7364767956185,4.0
2029-06-20,,45.70314273259757,4.0
2029-06-21,15.038996382504443,76.40304511690232,7.0
2029-06-22,24.968599377990675,-9999.0,7.0
2029-06-23,,40.51392484393006,3.0
2029-06-24,32.18167623104927,55.35351255615236,6.0
2029-06-25,27.218224451723692,46.17291141477594,5.0
2029-06-26,21.49680144371856,-9999.0,4.0
2029-06-27,13.556924718610972,59.5673712259282,4.0
2029-06-28,20.888748254414562,72.20723354368234,8.0
2029-06-29,20.274706405788635,73.55442568033729,4.0
2029-06-30,21.34728691983034,,2.0
2029-07-01,21.103453824116553,71.04207257091191,4.0
2029-07-02,23.61324385267442,48.38210190986847,-9999.0
2029-07-03,24.763061637612996,71.66148164181901,9.0
2029-07-04,29.35084636030066,51.009904621951875,1.0
2029-07-05,,58.64241684233622,3.0
2029-07-06,23.366051254126692,76.55030471959574,7.0
2029-07-07,,66.82314868513444,
2029-07-08,23.808187285749057,54.45319350313056,5.0
2029-07-09,27.04432402757432,58.89929414451154,9.0
2029-07-10,32.62294292815004,59.60517137428791,4.0
2029-07-11,25.142341709262706,54.3023418935168,6.0
2029-07-12,10.837847955048836,57.877571535827826,7.0
2029-07-13,22.570028728479492,55.12892516157348,8.0
2029-07-14,19.206868575374642,57.67077627332675,7.0
2029-07-15,30.133109228436673,-9999.0,
2029-07-16,26.489749351945452,48.35386665007069,10.0
2029-07-17,22.975825927356098,52.683689597267986,2.0
2029-07-18,27.953988617264944,56.41281807732321,
2029-07-19,26.640737792044714,60.13990102553352,
2029-07-20,16.59050237993535,62.02487028151393,10.0
2029-07-21,21.909086599352925,44.9063802036877,3.0
2029-07-22,17.456205270128102,54.307986999423726,7.0
2029-07-23,17.11865737197947,59.80034039275414,8.0
2029-07-24,25.59083879850614,-9999.0,6.0
2029-07-25,,83.86629820272145,4.0
2029-07-26,14.929122215222598,59.92331266623209,10.0
2029-07-27,23.16688243235933,47.721577737581896,3.0
2029-07-28,24.619848337497178,66.94791367820545,3.0
2029-07-29,20.65447961074651,56.685751019465435,7.0
2029-07-30,20.564596404348865,68.35601144503123,4.0
2029-07-31,31.093683068283955,61.767903432267296,4.0
2029-08-01,37.96033468512009,65.23455947476975,10.0
2029-08-02,27.91200794471865,45.8155270814939,6.0
2029-08-03,30.577024204248517,51.678431052992934,9.0
2029-08-04,18.8274430043097,66.64059783873714,4.0
2029-08-05,24.412522661421015,60.883866872750744,
2029-08-06,20.869975507068602,49.82273711675241,4.0
2029-08-07,27.82926001132561,48.307088408424704,2.0
2029-08-08,16.35321208245589,61.83932972985217,10.0
2029-08-09,22.244077056498647,29.271075464027895,4.0
2029-08-10,,46.040900157292164,3.0
2029-08-11,20.97479069382824,60.25286253822204,1.0
2029-08-12,22.02591436762743,-9999.0,7.0
2029-08-13,14.80502774911711,61.17409571784054,5.0
2029-08-14,-9999.0,47.49441889381937,2.0
2029-08-15,24.62515806677214,57.36146062325926,5.0
2029-08-16,17.11861668433079,,5.0
2029-08-17,23.202844805810624,61.29115288266378,3.0
2029-08-18,22.20312449221844,49.979657141325234,2.0
2029-08-19,,65.93688144295892,1.0
2029-08-20,26.766120656786043,39.09656933111235,9.0
2029-08-21,24.92142911008997,71.9200399443093,3.0
2029-08-22,26.457438830735164,71.06223617342074,8.0
2029-08-23,30.238034770767104,61.059886525055575,9.0
2029-08-24,17.082118026282004,61.971400210197714,-9999.0
2029-08-25,19.76244396418398,64.40003630903459,6.0
2029-08-26,24.10935155222877,59.80861706859364,1.0
2029-08-27,25.588350191292644,51.79383319216578,7.0
2029-08-28,20.555205516499996,70.0440447981428,10.0
2029-08-29,30.416186783927156,58.898858889497426,5.0
2029-08-30,30.36751166392673,55.87904393773078,4.0
2029-08-31,-9999.0,61.63007683810653,4.0
2029-09-01,21.76067307080387,50.86928643767598,9.0
2029-09-02,22.576441443524466,37.223998241864415,6.0
2029-09-03,-9999.0,65.03833986536412,8.0
2029-09-04,14.023860493495757,51.84535415882197,6.0
2029-09-05,26.280291236118195,67.47983101979943,4.0
2029-09-06,21.00986095421673,58.74349018443588,9.0
2029-09-07,-9999.0,64.99067842371207,7.0
2029-09-08,32.472926732339616,-9999.0,
2029-09-09,,43.93667387896712,
2029-09-10,26.755775233285593,75.17938784770158,5.0
2029-09-11,20.32439157129182,48.827014758156665,
2029-09-12,,83.6765033348343,5.0
2029-09-13,18.056132977094446,64.3766216615777,4.0
2029-09-14,27.65089814043132,-9999.0,1.0
2029-09-15,22.554381646027508,53.45533390893158,7.0
2029-09-16,24.903558565831123,63.38929929015817,9.0
2029-09-17,,64.89204658863751,8.0
2029-09-18,24.869116429585333,72.43830914319862,8.0
2029-09-19,25.322944572727934,48.56460256502798,
2029-09-20,25.955637210523822,50.94391472319875,2.0
2029-09-21,33.343752699045766,68.34389937888643,7.0
2029-09-22,28.166898706300618,68.41272211420542,8.0
2029-09-23,33.36496146074597,62.6347559257794,4.0
2029-09-24,24.112628387875148,60.43598647769153,6.0
2029-09-25,-9999.0,53.805784694477,2.0
2029-09-26,32.89733502160676,57.23833625608788,2.0
2029-09-27,28.10733033809097,60.064607501087465,9.0
2029-09-28,20.51380589214142,64.04077438248832,3.0
2029-09-29,25.158917288152477,73.4924322958866,8.0
2029-09-30,22.23656877818065,60.814716485977016,5.0
2029-10-01,22.902084006752307,64.32873185441748,7.0
2029-10-02,16.93326663472655,64.55882720275355,7.0
2029-10-03,,51.62207535412978,4.0
2029-10-04,24.029054451915457,54.659887796931436,8.0
2029-10-05,28.588229741226975,-9999.0,4.0
2029-10-06,18.617903797903228,73.6300915751593,2.0
2029-10-07,26.801582877185847,51.848962287927606,3.0
2029-10-08,26.710237420122997,43.01993569344607,-9999.0
2029-10-09,22.890397178013608,59.634864470591374,7.0
2029-10-10,-9999.0,61.16286154204407,5.0
2029-10-11,26.315259473974248,80.84034145375395,4.0
2029-10-12,21.22134421670618,60.36235726035295,5.0
2029-10-13,20.888028806278946,64.23368480757287,1.0
2029-10-14,-9999.0,57.24323336481622,9.0
2029-10-15,33.023571256595716,58.69638353629966,4.0
2029-10-16,21.127082561669916,64.45590596237989,7.0
2029-10-17,21.840912752526066,68.43091642865035,9.0
2029-10-18,29.597423777198326,50.51068711007494,3.0
2029-10-19,24.263407270550196,49.52394472398061,10.0
2029-10-20,23.837110573301032,65.3150285611002,2.0
2029-10-21,28.608024919527114,69.78933402215739,5.0
2029-10-22,22.818594444371648,69.3197024788317,10.0
2029-10-23,-9999.0,49.773012335419615,5.0
2029-10-24,25.48347766528124,53.88654409149366,1.0
2029-10-25,32.38721011145258,60.633398010786244,10.0
2029-10-26,32.098090967704216,,4.0
2029-10-27,24.746516650965276,57.52369523283875,5.0
2029-10-28,15.753868175545124,,-9999.0
2029-10-29,15.409651414607584,43.42622547420831,3.0
2029-10-30,25.87131683874005,62.237786908146376,5.0
2029-10-31,23.878450816089675,,-9999.0
2029-11-01,32.773289150724885,76.38995236941099,4.0
2029-11-02,20.96699069776456,57.63059015489082,8.0
2029-11-03,28.673397705531166,73.03540528249529,
2029-11-04,26.219021477732745,60.76456797718115,1.0
2029-11-05,24.753938368606537,70.48578985611577,5.0
2029-11-06,26.730011944607956,49.100692794476515,4.0
2029-11-07,21.586822029725795,56.93909414485335,7.0
2029-11-08,19.537234848340425,60.579457015800664,8.0
2029-11-09,26.16873613777983,56.212777820921396,6.0
2029-11-10,22.74321203738557,72.05140890233417,2.0
2029-11-11,35.32223631906754,43.09328126075748,3.0
2029-11-12,19.220358563883504,61.95100056233373,1.0
2029-11-13,-9999.0,54.691420350445874,3.0
2029-11-14,23.728807299497745,72.57067116222959,5.0
2029-11-15,33.60436528398034,-9999.0,3.0
2029-11-16,36.10489526971389,61.91999339106796,9.0
2029-11-17,30.899586562810395,42.530889384472076,10.0
2029-11-18,31.8065121041837,71.81512661359596,6.0
2029-11-19,,60.787059176552624,8.0
2029-11-20,27.69481477589587,-9999.0,7.0
2029-11-21,24.871877677711666,,1.0
2029-11-22,28.527045837631487,51.88943122522697,5.0
2029-11-23,16.780899813563163,73.87076746809893,3.0
2029-11-24,26.484265919348726,,3.0
2029-11-25,28.172409694897034,54.61808221772905,
2029-11-26,27.27851035659395,37.6123439613266,2.0
2029-11-27,33.79213451333788,65.95687114444479,8.0
2029-11-28,37.77861900065274,59.56609129885953,2.0
2029-11-29,29.88335013750205,63.2176331507808,1.0
2029-11-30,19.890343516139602,26.880530854591974,3.0
2029-12-01,26.656037093495335,59.76362129493373,6.0
2029-12-02,,52.33231942991882,-9999.0
2029-12-03,-9999.0,57.46887930694323,10.0
2029-12-04,28.808184439356552,59.94864510883343,3.0
2029-12-05,14.818921512682053,53.27635791146951,5.0
2029-12-06,29.36013725306944,65.9004882334702,2.0
2029-12-07,22.167830133503962,81.49834305406193,5.0
2029-12-08,40.34249939111351,56.48500951286964,7.0
2029-12-09,28.131162999200686,63.958093925284004,-9999.0
2029-12-10,28.116284698088506,55.64422049330721,2.0
2029-12-11,16.643618898756095,69.14384130422192,3.0
2029-12-12,29.342321598721007,58.447043252423434,9.0
2029-12-13,19.712522211386556,59.665241647168315,8.0
2029-12-14,-9999.0,73.17903466256465,8.0
2029-12-15,22.90931563689949,63.36260312445659,4.0
2029-12-16,24.48949463742736,64.35897148402884,2.0
2029-12-17,25.533360698498324,66.80382183710427,9.0
2029-12-18,29.305370859862364,64.02808640656262,1.0
2029-12-19,21.658693294718127,49.0099524883321,8.0
2029-12-20,20.194022673485275,54.61897883968443,8.0
2029-12-21,34.780440773615794,59.86408687574387,5.0
2029-12-22,29.950654344815035,56.46022609063918,7.0
2029-12-23,26.973491388667153,73.74062535219926,6.0
2029-12-24,27.42585314483182,59.99359552304939,3.0
2029-12-25,-9999.0,51.728866070504466,4.0
2029-12-26,29.44269241701985,85.03635736681397,1.0
2029-12-27,31.2975802918992,44.355602825573285,6.0
2029-12-28,31.533836360819507,,2.0
2029-12-29,33.424220848783925,62.04811191461335,4.0
2029-12-30,25.76813800141729,71.9149538078886,2.0
2029-12-31,30.144011901378583,,5.0
2030-01-01,28.6118773853432,54.32001552760403,3.0
2030-01-02,14.178230345426527,50.21747387669471,3.0
2030-01-03,25.074170002200304,67.28708945843901,4.0
2030-01-04,22.43257112999842,63.364974470436124,3.0
2030-01-05,10.025108498428583,55.072930166156475,7.0
2030-01-06,16.20887331736428,51.66544706433832,6.0
2030-01-07,33.033559721843744,47.23427680549132,1.0
2030-01-08,29.359551126777696,,6.0
2030-01-09,22.093313927559244,60.31210847187337,5.0
2030-01-10,27.70535372007613,61.96667726192534,
2030-01-11,23.577065377705363,61.77185595430347,9.0
2030-01-12,18.969148902655096,62.33022240235022,7.0
2030-01-13,31.399200897500894,52.14847874136069,7.0
2030-01-14,25.576671444885726,68.36254494743055,8.0
2030-01-15,29.621893598910738,62.12380386379306,5.0
2030-01-16,20.4672735545388,-9999.0,-9999.0
2030-01-17,20.387256530949546,60.03961947083804,10.0
2030-01-18,29.83929366464473,-9999.0,10.0
2030-01-19,22.928377998568084,56.60606298849623,5.0
2030-01-20,21.01214028628874,47.64185539258192,2.0
2030-01-21,25.605210048099856,53.92250264235559,
2030-01-22,26.39619668089596,77.04223953913166,1.0
2030-01-23,26.515528210932647,68.04161631874896,1.0
2030-01-24,20.50529340584738,44.50344249407746,7.0
2030-01-25,16.264024583506988,46.126586796544224,1.0
2030-01-26,32.02002153376799,53.613493549307485,7.0
2030-01-27,,60.0226659719109,6.0
2030-01-28,,64.29644787975013,5.0
2030-01-29,24.121305998809202,65.75366448748801,10.0
2030-01-30,19.71196005678114,56.10530264278914,6.0
2030-01-31,18.977660366957963,70.67112106104167,7.0
2030-02-01,-9999.0,61.4122662233947,9.0
2030-02-02,22.846404315693004,55.57976935462322,3.0
2030-02-03,,63.65935279856504,1.0
2030-02-04,25.51560961401112,,10.0
2030-02-05,20.639583922259668,57.31307675183651,3.0
2030-02-06,,57.29511265517608,4.0
2030-02-07,24.200119384214496,60.21383577126897,10.0
2030-02-08,19.74096497019552,61.87459387509024,10.0
2030-02-09,33.89688869783019,52.1746633643207,3.0
2030-02-10,25.875472284821473,50.15126807633834,8.0
2030-02-11,20.653756837116582,54.042346822425074,9.0
2030-02-12,17.480374047923068,61.96416661666682,-9999.0
2030-02-13,19.88759416482944,70.21237168481802,4.0
2030-02-14,28.70923533371051,60.315199692257515,9.0
2030-02-15,26.338649279315597,55.49640022693852,4.0
2030-02-16,23.827024651748022,66.28434927828714,6.0
2030-02-17,24.894824319412237,74.70273142601215,4.0
2030-02-18,25.150005117646135,54.39363341324031,3.0
2030-02-19,26.20093549510004,79.44065908749855,5.0
2030-02-20,23.591138362950996,57.262900191241634,3.0
2030-02-21,29.120900898420082,49.76013615070582,6.0
2030-02-22,15.375225367268873,,8.0
2030-02-23,30.56409788182111,50.283056108066134,9.0
2030-02-24,27.301165732553745,53.68627854864418,9.0
2030-02-25,18.719979625211188,49.86184139146799,7.0
2030-02-26,30.631533666914095,77.08789723276658,1.0
2030-02-27,32.19955410317281,47.2396025843349,2.0
2030-02-28,23.075326388092932,56.38178420291582,7.0
2030-03-01,22.926178386980723,59.035638253313635,4.0
2030-03-02,35.99861375992985,64.8529956214125,7.0
2030-03-03,24.758943380132514,59.22135528649989,3.0
2030-03-04,32.29186919863185,55.44662503219466,7.0
2030-03-05,20.2109130136474,61.014151283180986,9.0
2030-03-06,25.814722248332274,75.9476384611171,10.0
2030-03-07,13.984544295126145,59.17383743494006,8.0
2030-03-08,30.197908165288833,54.43721137435319,-9999.0
2030-03-09,20.754571304588822,61.78017600798956,-9999.0
2030-03-10,34.9429337931012,52.9323327708373,9.0
2030-03-11,26.17435907553682,,
2030-03-12,25.14685338103455,47.007705895333686,10.0
2030-03-13,27.48934672053681,56.20698969240254,-9999.0
2030-03-14,31.184840365228993,49.63268692710507,4.0
2030-03-15,23.332218470127405,-9999.0,1.0
2030-03-16,,45.219449317191106,10.0
2030-03-17,28.55318790257122,45.88540381198086,10.0
2030-03-18,28.40000338547183,79.81694861945779,7.0
2030-03-19,17.14038227889342,55.93635053324661,7.0
2030-03-20,19.15431156784026,67.1316768406926,-9999.0
2030-03-21,25.082570826295676,68.67892187880848,2.0
2030-03-22,,48.418398372847584,6.0
2030-03-23,17.689875385842896,53.542947704986574,9.0
2030-03-24,28.208046893456647,66.55460679333875,8.0
2030-03-25,18.699876329850973,57.0952430509325,10.0
2030-03-26,30.702599874511463,63.98813824197455,9.0
2030-03-27,20.521743251655842,59.94015073734653,
2030-03-28,27.84050416861495,,2.0
2030-03-29,18.561946533664898,52.97482471878881,9.0
2030-03-30,27.83613193789402,79.92443894825591,7.0
2030-03-31,28.792690424006917,56.18004500724702,7.0
2030-04-01,26.886439305358817,63.91779836550439,
2030-04-02,,50.009242723033296,9.0
2030-04-03,23.331492393504757,72.07947653957865,4.0
2030-04-04,25.225413999838644,67.61020033063927,3.0
2030-04-05,33.00991316216788,64.99528358113447,
2030-04-06,35.73009744178623,43.23158463535684,10.0
2030-04-07,27.277723366125535,55.84667153433439,9.0
2030-04-08,-9999.0,46.49685598991005,5.0
2030-04-09,22.097618093045938,79.20017673714145,6.0
2030-04-10,18.629291859342043,45.232936292416056,3.0
2030-04-11,23.671824294982482,58.6067783718333,9.0
2030-04-12,20.609792662966623,68.87002671622534,-9999.0
2030-04-13,23.17424424479374,63.383559973392565,4.0
2030-04-14,-9999.0,80.61902702869473,5.0
2030-04-15,27.40034247216451,53.05570691494994,10.0
2030-04-16,13.131680689778749,60.44494904230377,6.0
2030-04-17,18.516263860996936,56.51962959294955,3.0
2030-04-18,29.071070504365952,63.54820695595337,2.0
2030-04-19,19.451990025528993,59.284016864365796,6.0
2030-04-20,,33.23837378000272,1.0
2030-04-21,24.01222331235886,67.32555950827174,4.0
2030-04-22,,69.55373963690454,6.0
2030-04-23,29.64750595784526,62.499198966542615,9.0
2030-04-24,22.36203895791989,45.9606977846661,2.0
2030-04-25,35.07074561518909,74.00186706195387,8.0
2030-04-26,22.450252379979695,62.163824151694335,7.0
2030-04-27,-9999.0,63.852432667657816,10.0
2030-04-28,29.11012751934883,61.39146682057093,
2030-04-29,26.29548114884965,49.57268856198797,2.0
2030-04-30,20.15493455104328,58.54811326519643,5.0
2030-05-01,27.378749625097143,76.75332675804835,4.0
2030-05-02,19.67485171472136,64.70355018550599,3.0
2030-05-03,37.06381942085247,82.67757114860521,3.0
2030-05-04,24.990696049890648,65.59444455538681,-9999.0
2030-05-05,31.233377862496006,48.579894475548535,2.0
2030-05-06,,56.93537478907325,
2030-05-07,24.71597156334796,62.09634573752967,7.0
2030-05-08,24.77329940451501,31.548839966557697,8.0
2030-05-09,21.39754353268833,69.49763119867637,8.0
2030-05-10,-9999.0,,1.0
2030-05-11,30.98388849862364,60.63800135879778,7.0
2030-05-12,,,10.0
2030-05-13,21.285251308605712,46.97657302791075,1.0
2030-05-14,31.671046793288696,68.90151819063169,5.0
2030-05-15,29.43632617645609,67.81895534510463,2.0
2030-05-16,17.1994665764449,-9999.0,1.0
2030-05-17,30.246637104894525,59.44340961494324,5.0
2030-05-18,24.747181576935198,79.28559145508973,6.0
2030-05-19,18.958920791037087,72.00647891630095,6.0
2030-05-20,32.89763819966242,43.025368805528565,8.0
2030-05-21,31.520092805195944,76.63801254364114,4.0
2030-05-22,34.715226740752584,46.93994041786713,6.0
2030-05-23,38.66797094540421,51.8170684719,10.0
2030-05-24,20.854182665379444,61.76980915338555,7.0
2030-05-25,-9999.0,72.68154232536152,9.0
2030-05-26,,60.770570918160274,3.0
2030-05-27,26.092043261114885,60.046903551011404,2.0
2030-05-28,27.628567377687716,70.93091300707597,9.0
2030-05-29,17.70946501099307,65.42970285533583,8.0
2030-05-30,15.502115662892647,63.816902386649204,5.0
2030-05-31,27.601464852190105,64.57695917481922,9.0
2030-06-01,39.062748855853386,60.93536812278862,2.0
2030-06-02,21.162158902654568,,2.0
2030-06-03,21.61029052765847,60.006803337067105,4.0
2030-06-04,24.926266678164296,58.924022019041495,8.0
2030-06-05,31.754062199318327,,-9999.0
2030-06-06,32.46440093524132,68.10011111400073,4.0
2030-06-07,20.182052065787214,63.45003282974733,1.0
2030-06-08,25.12355817894516,53.95444185819846,8.0
2030-06-09,21.18847786241206,,4.0
2030-06-10,-9999.0,71.01256398626566,2.0
2030-06-11,18.876463023202675,44.49316553073892,6.0
2030-06-12,30.39395236159253,56.50367373191365,6.0
2030-06-13,30.69780245277028,,10.0
2030-06-14,,86.36888454256841,8.0
2030-06-15,18.129465124450547,67.57328331180254,8.0
2030-06-16,,68.86873843724528,9.0
2030-06-17,24.874196165513283,,6.0
2030-06-18,23.509629762302655,54.21752183364099,8.0
2030-06-19,27.03454253193805,59.02555234445314,10.0
2030-06-20,12.368829664671468,60.184581510874914,8.0
2030-06-21,24.740378018462064,47.309119200923995,4.0
2030-06-22,29.03706967592241,55.86783505434069,5.0
2030-06-23,13.889384838238833,62.84076396671429,7.0
2030-06-24,23.6927811100627,48.17097968713195,3.0
2030-06-25,32.93111664310576,55.73111749648846,6.0
2030-06-26,18.962298700493044,48.942403358497494,8.0
2030-06-27,34.55460012045995,-9999.0,4.0
2030-06-28,34.70592472078374,55.65311167804771,10.0
2030-06-29,18.42623149397282,58.97034826818247,2.0
2030-06-30,28.877218003526906,72.60801585369033,6.0
2030-07-01,18.29908392376546,73.65279154271589,1.0
2030-07-02,15.303438544411375,62.172963009042775,1.0
2030-07-03,28.496199408650085,65.29100444193945,6.0
2030-07-04,21.627745325185558,73.72900372548854,-9999.0
2030-07-05,30.27271637768342,-9999.0,10.0
2030-07-06,27.214739603072292,65.54830641577938,9.0
2030-07-07,28.486527811491314,-9999.0,-9999.0
2030-07-08,31.680802210081993,69.2769641802357,3.0
2030-07-09,35.32313774830486,65.28710239146066,10.0
2030-07-10,,46.34392051353521,4.0
2030-07-11,31.310207904024512,55.27357777550639,4.0
2030-07-12,32.1670733067019,52.92474011186043,8.0
2030-07-13,31.97067030983144,54.400265049497655,8.0
2030-07-14,35.141028113545694,56.53673223512962,10.0
2030-07-15,26.728696256732388,41.764416208052964,9.0
2030-07-16,21.395418078795757,58.385717847619674,8.0
2030-07-17,25.91191097281936,65.47466429801813,-9999.0
2030-07-18,19.73422256770609,53.458808646083334,7.0
2030-07-19,22.43575746136972,49.83914081482424,4.0
2030-07-20,18.41534734719096,59.41422618019065,8.0
2030-07-21,30.906596159833782,51.41998298692435,9.0
2030-07-22,30.888177945992368,51.51605458233914,2.0
2030-07-23,22.192828619690246,63.48593239688337,8.0
2030-07-24,27.469273205114657,64.12500160969913,7.0
2030-07-25,31.515166712796937,64.26762074645251,1.0
2030-07-26,25.363629181806434,74.33531973323707,1.0
2030-07-27,23.084983927500495,50.914437849850216,8.0
2030-07-28,19.435206423645592,,10.0
2030-07-29,-9999.0,49.62205614212695,8.0
2030-07-30,27.083524705295645,47.44842089342906,9.0
2030-07-31,14.535247444756918,,1.0
2030-08-01,30.20360260078959,66.58790391513203,6.0
2030-08-02,32.07763620475443,82.72290875292845,8.0
2030-08-03,27.221029838608363,52.941960722558626,8.0
2030-08-04,23.01136691754438,61.47489878690641,10.0
2030-08-05,25.04153006653063,48.12569592628075,2.0
2030-08-06,30.956875405687697,38.849077461510824,5.0
2030-08-07,,-9999.0,10.0
2030-08-08,21.128530552814027,60.848664545222626,5.0
2030-08-09,16.979907974987228,44.040065615041385,5.0
2030-08-10,20.386557900486345,58.06945895287677,2.0
2030-08-11,32.938954868934125,32.68676632389342,3.0
2030-08-12,23.14226586966736,54.418823685566004,6.0
2030-08-13,21.90827109349869,72.79286489010371,5.0
2030-08-14,30.816278412761665,55.00829421933468,1.0
2030-08-15,20.526373009965827,58.99001437966064,9.0
2030-08-16,27.8413475659519,53.35874245935466,-9999.0
2030-08-17,26.180218876761185,62.0912865873134,8.0
2030-08-18,32.42878887636582,72.6472684798167,6.0
2030-08-19,30.814384741060806,65.93347199843929,3.0
2030-08-20,28.83738836033812,52.980267373322164,5.0
2030-08-21,32.458218022635364,47.168926086907746,2.0
2030-08-22,34.268354184515374,73.01446982452566,-9999.0
2030-08-23,24.12552618050712,52.71782446607251,6.0
2030-08-24,30.862738167519893,67.73468341957046,6.0
2030-08-25,15.20603504769304,46.95648731864942,5.0
2030-08-26,28.5218267448461,69.09066193372715,7.0
2030-08-27,28.92531392022543,36.49566892122884,1.0
2030-08-28,27.209107141773618,59.054259191981565,5.0
2030-08-29,25.16117294673971,64.18195619476737,1.0
2030-08-30,19.75479122521767,45.46361876365195,10.0
2030-08-31,19.59914363598947,63.693000017031366,2.0
2030-09-01,32.05775113315762,59.99249999271028,1.0
2030-09-02,23.746252410072362,,3.0
2030-09-03,24.297287259574418,47.09617174051521,6.0
2030-09-04,27.408338351840907,72.10788580412452,9.0
2030-09-05,,56.63118930223205,5.0
2030-09-06,17.07311133725086,39.595002534892025,5.0
2030-09-07,-9999.0,46.237434924930355,7.0
2030-09-08,28.506892545300317,54.60397285185226,6.0
2030-09-09,20.153426968823787,68.68104374146488,7.0
2030-09-10,,58.631482539877325,
2030-09-11,18.244913505024293,-9999.0,10.0
2030-09-12,25.04781305176114,74.31178735851124,1.0
2030-09-13,20.075820205706474,66.31624076281521,1.0
2030-09-14,28.39855193678555,44.388768819166,5.0
2030-09-15,23.62170619129338,-9999.0,8.0
2030-09-16,19.06201004275963,,5.0
2030-09-17,29.074374260823404,60.24661827048551,4.0
2030-09-18,22.21802322672273,45.171520400457,9.0
2030-09-19,23.561278827989522,53.75848409142859,8.0
2030-09-20,29.128488014220196,59.19850336111485,5.0
2030-09-21,29.000790133990726,69.2666433905624,6.0
2030-09-22,27.884722259289994,66.7648842770765,2.0
2030-09-23,17.63610659311305,54.04553258044921,8.0
2030-09-24,18.78771987708128,65.83249035180627,9.0
2030-09-25,25.10749390366807,46.67364412799923,10.0
2030-09-26,31.531344467698922,50.40674331900415,4.0
2030-09-27,27.32695916181541,66.45256354184048,3.0
2030-09-28,25.221308664345216,69.97858314655295,2.0
2030-09-29,26.52696692294156,61.35938192146561,7.0
2030-09-30,22.570934809588284,80.16995872880148,9.0
2030-10-01,32.0779543507128,-9999.0,3.0
2030-10-02,19.269881273636337,52.14695022517397,2.0
2030-10-03,22.82188979979667,62.858204028594535,2.0
2030-10-04,30.137646975360195,74.03246742365792,2.0
2030-10-05,30.37947841066634,80.26313525572613,
2030-10-06,28.094653619518777,,10.0
2030-10-07,24.107426324202514,56.894494206918495,8.0
2030-10-08,22.771916187820967,56.55284923839093,8.0
2030-10-09,35.646363292149736,61.628164667833715,9.0
2030-10-10,23.19421670701412,56.08059183475964,4.0
2030-10-11,,-9999.0,5.0
2030-10-12,25.32347091257311,,3.0
2030-10-13,19.966976509677274,63.541279291210266,8.0
2030-10-14,18.910530588862848,63.356319252425685,6.0
2030-10-15,19.898803215649032,40.005659161392714,7.0
2030-10-16,23.69274676553975,,-9999.0
2030-10-17,31.573391716838476,57.73168496231585,9.0
2030-10-18,26.747031796133413,68.52807324761415,10.0
2030-10-19,35.01871498939333,,6.0
2030-10-20,,59.24624753867206,10.0
2030-10-21,24.006465827434482,71.23502123283711,5.0
2030-10-22,26.039034063347675,62.97212502872934,6.0
2030-10-23,33.55640899712184,44.930226569538476,9.0
2030-10-24,25.99292254460552,54.930595685718,-9999.0
2030-10-25,29.481954207681518,36.88018694606336,3.0
2030-10-26,29.14269636158172,66.2293719275887,1.0
2030-10-27,-9999.0,72.41121282934161,7.0
2030-10-28,25.253024962224604,49.57371647792995,1.0
2030-10-29,33.52624365236366,61.76718669441195,2.0
2030-10-30,26.54755305277863,-9999.0,3.0
2030-10-31,20.79582564707696,44.808602196300804,4.0
2030-11-01,31.864096425242327,,7.0
2030-11-02,24.308497524067267,61.9263383601747,8.0
2030-11-03,19.847075739373174,58.46826934670397,1.0
2030-11-04,11.174346533484282,48.0896431253603,1.0
2030-11-05,21.288271733963597,68.38946049166904,3.0
2030-11-06,24.643998558377344,64.05805748586981,4.0
2030-11-07,21.914795971090452,57.01679579050323,5.0
2030-11-08,23.079142668312265,,6.0
2030-11-09,24.757559196424108,50.71809757142108,1.0
2030-11-10,25.27517082329455,-9999.0,10.0
2030-11-11,35.059568866392866,,
2030-11-12,25.775196134922524,74.21218443208599,3.0
2030-11-13,24.88910614295661,51.453357658967704,1.0
2030-11-14,27.422478570092238,76.46792078136518,8.0
2030-11-15,37.27916992773087,,3.0
2030-11-16,31.238645272396706,51.476265177755096,8.0
2030-11-17,26.12231515833834,72.65351353281395,10.0
2030-11-18,20.960320744482846,60.909469250647554,3.0
2030-11-19,33.62993956538567,-9999.0,5.0
2030-11-20,,49.83681408388841,3.0
2030-11-21,32.297285532122395,38.85848227706744,8.0
2030-11-22,16.908625556350422,65.8161318819612,7.0
2030-11-23,22.9652541762154,47.21959856877411,1.0
2030-11-24,25.639278819659843,71.71749965177754,6.0
2030-11-25,,,6.0
2030-11-26,25.522574360849344,51.386117337915856,5.0
2030-11-27,20.025109015228235,44.40922590811684,3.0
2030-11-28,24.17355929040363,64.65841687563467,8.0
2030-11-29,16.416167523801377,48.09784066339101,7.0
2030-11-30,28.981215785504805,62.98037573615298,7.0
2030-12-01,22.912460016431158,45.354790349981975,4.0
2030-12-02,27.151026786015287,61.38113242650184,5.0
2030-12-03,22.785448440118127,66.12106697663465,9.0
2030-12-04,-9999.0,70.18409495906089,9.0
2030-12-05,23.032289569234123,67.1658866637964,5.0
2030-12-06,18.775557551525367,70.87978239967534,7.0
2030-12-07,25.341855692772647,75.4649585816573,4.0
2030-12-08,29.106462670117494,59.204266605840736,7.0
2030-12-09,26.738076049423498,46.89616022576639,3.0
2030-12-10,16.786993466497755,54.19534979097271,4.0
2030-12-11,25.849417512500665,56.62799519969247,6.0
2030-12-12,15.407025129283694,-9999.0,-9999.0
2030-12-13,21.62397286232318,63.00492923995122,-9999.0
2030-12-14,18.401718950468258,70.24869388113544,10.0
2030-12-15,25.394490551107822,76.3697940556615,4.0
2030-12-16,25.11226189838258,54.84575476271918,7.0
2030-12-17,29.401995218589825,51.31991793818697,7.0
2030-12-18,25.769353018719595,62.70828909190187,7.0
2030-12-19,20.164345615119778,59.97535514767465,6.0
2030-12-20,23.089636680579844,60.59228633882691,3.0
2030-12-21,28.48496681632622,,5.0
2030-12-22,14.336980013744656,45.51650202171639,6.0
2030-12-23,17.317269531173128,61.6935234007459,9.0
2030-12-24,-9999.0,56.9526954736358,1.0
2030-12-25,25.474514981620054,60.101801206788224,3.0
2030-12-26,29.681242642736894,52.810678247526376,10.0
2030-12-27,24.970562752469778,69.8059870065452,9.0
2030-12-28,30.045821243333123,57.724666041907916,
2030-12-29,-9999.0,57.82752873689579,7.0
2030-12-30,20.59180451943863,77.03450190048363,8.0
2030-12-31,23.404992208159648,63.911180876040866,3.0
2031-01-01,,37.60638490498374,7.0
2031-01-02,-9999.0,66.88519359153729,9.0
2031-01-03,27.337385027055248,54.00195496816916,5.0
2031-01-04,34.440628015976564,68.65684340970351,7.0
2031-01-05,21.493788651881005,53.70159587596359,8.0
2031-01-06,23.4123425888279,47.906691779043385,1.0
2031-01-07,23.36033958029147,64.98634578094818,10.0
2031-01-08,25.540913838354385,53.62484374326329,9.0
2031-01-09,22.143162194557707,58.40334333196239,2.0
2031-01-10,-9999.0,55.64326609252038,9.0
2031-01-11,24.472179672184463,67.03882084417044,2.0
2031-01-12,,85.93863014166362,7.0
2031-01-13,26.42964835143772,58.97235153229887,3.0
2031-01-14,30.538380902062578,46.28004707417767,4.0
2031-01-15,24.101373533644995,50.70331537068128,2.0
2031-01-16,20.67990578049414,52.54702569011202,9.0
2031-01-17,23.043210447050132,,6.0
2031-01-18,24.118120523402922,54.57022824651816,4.0
2031-01-19,29.176501261657364,55.719103020882564,5.0
2031-01-20,-9999.0,59.77059234843183,4.0
2031-01-21,31.125939634985198,59.92404449992872,7.0
2031-01-22,28.229340696056603,63.071654045981695,7.0
2031-01-23,19.976973864439586,50.468440733419044,9.0
2031-01-24,28.73852625100001,70.41614098697701,7.0
2031-01-25,22.373836974265753,51.193679683076425,1.0
2031-01-26,29.624541781670093,65.77085333148685,9.0
2031-01-27,25.345601982650496,-9999.0,4.0
2031-01-28,23.876107228654103,81.20030541142694,3.0
2031-01-29,32.047194143662495,,4.0
2031-01-30,26.37609294496984,60.259028514589076,3.0
2031-01-31,24.175479003763677,,6.0
2031-02-01,27.87888522089219,56.24346828283262,7.0
2031-02-02,21.37209205970114,54.29219108895677,8.0
2031-02-03,33.2317733635959,63.93052971346157,5.0
2031-02-04,36.34040965261535,70.68796630417835,10.0
2031-02-05,23.947499448371005,75.65166344964285,7.0
2031-02-06,28.767106807675376,42.70068133591226,7.0
2031-02-07,19.015945472799277,67.72479281560108,10.0
2031-02-08,-9999.0,62.24116107153507,4.0
2031-02-09,26.234817249892288,56.29061528488317,6.0
2031-02-10,21.945186761121015,,6.0
2031-02-11,12.39524821680228,,9.0
2031-02-12,21.24720693918544,,4.0
2031-02-13,22.76581106218702,59.61043909952773,4.0
2031-02-14,26.144449840148706,64.55901250520691,2.0
2031-02-15,28.932560448667076,79.90468854899866,8.0
2031-02-16,23.18985064949576,77.00785331126104,
2031-02-17,30.06052794761624,45.721208919588705,
2031-02-18,-9999.0,60.090632900666826,10.0
2031-02-19,24.936410034964712,42.97454303276803,
2031-02-20,28.535477152097435,66.69451649565949,9.0
2031-02-21,25.038530252038843,66.73056880426196,9.0
2031-02-22,,,1.0
2031-02-23,29.9605532447924,55.7676848016923,6.0
2031-02-24,24.503363809831217,53.891900099288534,9.0
2031-02-25,31.83549623445039,,2.0
2031-02-26,22.797204039576194,46.37011957434309,2.0
2031-02-27,,63.66466840602529,7.0
2031-02-28,21.731986031227862,52.63181651055448,10.0
2031-03-01,22.36511762489306,33.852723321160575,2.0
2031-03-02,25.5175255951756,63.03212351644718,7.0
2031-03-03,26.633260893727506,37.687588277351196,1.0
2031-03-04,32.001985055646216,58.86913518154543,8.0
2031-03-05,23.636653712858923,,4.0
2031-03-06,19.41296075246494,54.84971383542539,2.0
2031-03-07,-9999.0,58.991218773720476,10.0
2031-03-08,34.033221169525376,66.89687924934387,8.0
2031-03-09,24.62866963789918,53.44263678574249,2.0
2031-03-10,23.5952919082102,64.7221473328839,10.0
2031-03-11,24.646978774344703,68.08069696927001,6.0
2031-03-12,21.67619570950904,57.795907246407154,7.0
2031-03-13,27.667915747026246,57.84034978065474,8.0
2031-03-14,31.551390906550395,54.77858419026008,5.0
2031-03-15,27.922598475882282,56.06365925211354,4.0
2031-03-16,23.11106176397573,34.41855524175193,9.0
2031-03-17,24.090155437259902,62.16253699220173,7.0
2031-03-18,26.36621106833469,56.91919967853924,6.0
2031-03-19,30.0395136594991,67.73040767688354,3.0
2031-03-20,28.618135930309155,57.703636157908846,1.0
2031-03-21,18.839620964569495,66.13375992635986,8.0
2031-03-22,24.14703670000262,61.46984159490212,1.0
2031-03-23,34.21484308427458,64.4462427796103,-9999.0
2031-03-24,30.141229394807418,61.81420334016234,8.0
2031-03-25,23.948769695597374,66.62425439762735,8.0
2031-03-26,18.339485633809012,,7.0
2031-03-27,31.276489122266298,48.850858856544605,2.0
2031-03-28,26.646334498585013,55.31854364424986,4.0
2031-03-29,22.517979094764684,69.88844541906496,7.0
2031-03-30,27.3675654801404,49.81056511344207,1.0
2031-03-31,27.036303245778228,51.88832099190921,6.0
2031-04-01,22.187448261265665,75.64005201048712,
2031-04-02,23.093385034999162,59.990270097167546,8.0
2031-04-03,25.87701564465346,62.49170218124326,7.0
2031-04-04,15.526521152700882,65.72006490609886,6.0
2031-04-05,28.903146116121125,42.88239690971153,1.0
2031-04-06,26.454759452076274,37.16745603680187,5.0
2031-04-07,28.826998221593932,57.27251337074648,8.0
2031-04-08,25.411547226493436,58.44792266625857,10.0
2031-04-09,28.065008784012978,55.729588321617214,2.0
2031-04-10,26.614800878538986,59.741549043082934,4.0
2031-04-11,29.468059559693334,55.62060786022576,
2031-04-12,,,10.0
2031-04-13,26.37038317475874,64.910638078261,6.0
2031-04-14,20.253191135567395,50.30540470026762,1.0
2031-04-15,16.797552151231308,46.26711938963081,1.0
2031-04-16,29.312372840157884,,3.0
2031-04-17,34.31806319544952,51.43885948409651,4.0
2031-04-18,23.75686033435279,52.80893136529002,7.0
2031-04-19,34.56308890682645,45.66463985788009,8.0
2031-04-20,27.89664580569325,44.442655199387865,3.0
2031-04-21,30.72317321966392,52.317730566416664,8.0
2031-04-22,25.070021329198717,42.6265152836251,9.0
2031-04-23,25.282464738763895,46.04917340639507,1.0
2031-04-24,19.815703113509695,,1.0
2031-04-25,28.75006019301033,62.57413042749442,8.0
2031-04-26,26.025398088389185,57.79760345405379,9.0
2031-04-27,28.068906641724347,66.55958890765493,8.0
2031-04-28,26.87636023407284,63.52553794142808,9.0
2031-04-29,25.285814935034253,68.0455212944535,2.0
2031-04-30,,62.541547524659535,6.0
2031-05-01,22.621177138831165,,2.0
2031-05-02,25.057354182152835,54.73400998994184,2.0
2031-05-03,28.49877819569535,70.74349005864273,
2031-05-04,21.05041038339307,51.839616569766456,2.0
2031-05-05,29.95644128832081,61.464747072850805,5.0
2031-05-06,26.602056826155824,58.93554294383135,
2031-05-07,26.119959958744086,78.74797319786359,8.0
2031-05-08,27.5946948168331,55.28978893625308,7.0
2031-05-09,33.95284894022872,65.98895209488498,3.0
2031-05-10,23.9995093535984,64.65155901115953,6.0
2031-05-11,,,7.0
2031-05-12,28.550532352286655,61.381039694884485,
2031-05-13,24.022208738358536,62.47954104341112,1.0
2031-05-14,31.081535636217353,46.85702610369216,5.0
2031-05-15,19.996745776962133,38.13529301229045,10.0
2031-05-16,24.591765549632875,66.62823410455016,6.0
2031-05-17,24.56715466180815,51.32337271583853,6.0
2031-05-18,20.762962607941965,51.07165146060123,5.0
2031-05-19,32.45023396495782,44.90021670684332,6.0
2031-05-20,26.372230391196506,63.1399922200108,5.0
2031-05-21,23.677321231807166,60.74108385970471,3.0
2031-05-22,-9999.0,51.71686285057419,5.0
2031-05-23,20.197552004481345,75.39667733696852,2.0
2031-05-24,25.085278168301734,50.43425344784442,6.0
2031-05-25,,,10.0
2031-05-26,24.39323359097769,42.625401189279856,1.0
2031-05-27,24.695851202269818,66.13825421178865,4.0
2031-05-28,27.234074560237648,68.89335053601724,9.0
2031-05-29,29.03284852146817,55.98825856847594,4.0
2031-05-30,27.99844490650669,45.77219296568697,6.0
2031-05-31,27.86474536621397,61.90442423643424,4.0
2031-06-01,20.299542782066315,,6.0
2031-06-02,26.842027192176477,44.12107437958339,7.0
2031-06-03,23.127969550772836,73.1027541679596,9.0
2031-06-04,24.921011375199022,,9.0
2031-06-05,25.09341202892442,55.744226432920165,4.0
2031-06-06,30.180062609866567,66.23535034813975,1.0
2031-06-07,31.096467069078265,43.04830894538243,3.0
2031-06-08,30.841421144668608,73.73994913965875,5.0
2031-06-09,26.997321078456658,74.9914655899015,10.0
2031-06-10,29.536813382030694,45.34190716417815,7.0
2031-06-11,20.793705018720587,68.01356272723233,1.0
2031-06-12,-9999.0,51.66394450679713,3.0
2031-06-13,20.348877338153315,67.90765702912311,5.0
2031-06-14,18.743055325466514,37.50205493544452,2.0
2031-06-15,22.48059404902039,39.63884830735759,1.0
2031-06-16,23.92407950382688,66.79168126687732,8.0
2031-06-17,23.36726698540831,55.58142059288136,4.0
2031-06-18,35.16326434681838,47.748019270514305,3.0
2031-06-19,24.794333272489542,52.8873108948812,1.0
2031-06-20,21.34162258134335,87.29987860346294,8.0
2031-06-21,27.23262179334076,70.54540270180438,2.0
2031-06-22,24.383251419745804,,10.0
2031-06-23,-9999.0,63.92185844277919,8.0
2031-06-24,29.46001925675182,49.24259944138444,5.0
2031-06-25,27.85268475708163,60.268470924255496,6.0
2031-06-26,-9999.0,54.72283118169764,-9999.0
2031-06-27,32.606558746015935,58.76477610471526,7.0
2031-06-28,20.121380803202765,50.693811560028095,2.0
2031-06-29,22.77897617501042,80.68534534975552,8.0
2031-06-30,33.72997076195378,71.57067581486308,10.0
2031-07-01,34.09020288566829,65.53440187484138,7.0
2031-07-02,33.42353091625751,57.41459455555989,10.0
2031-07-03,29.037785479590948,62.2313717913116,8.0
2031-07-04,24.65546460711203,71.47066460460682,
2031-07-05,22.990140466962107,69.45471230542375,9.0
2031-07-06,20.24128848833456,51.31610523780401,8.0
2031-07-07,32.25310242345141,64.8505846762327,-9999.0
2031-07-08,26.471035376430983,72.51371098781138,8.0
2031-07-09,24.964266572248313,55.27289628183085,-9999.0
2031-07-10,,69.15833524446612,8.0
2031-07-11,31.508183066409124,66.34230146031871,7.0
2031-07-12,,68.29057890835612,1.0
2031-07-13,29.67372708327371,72.43575854188705,2.0
2031-07-14,20.46133366063679,56.84547997277782,3.0
2031-07-15,27.008093732884632,62.491707305080716,3.0
2031-07-16,-9999.0,75.7990491796192,6.0
2031-07-17,23.77109163577297,44.70054441539453,9.0
2031-07-18,32.19483599251298,67.17633655217188,1.0
2031-07-19,28.283711196814135,66.73593072521234,8.0
2031-07-20,25.75885657919674,61.36156710382937,7.0
2031-07-21,,66.13561374732069,5.0
2031-07-22,21.73256122415815,61.13666050402923,10.0
2031-07-23,22.318452370936555,85.50935325464334,10.0
2031-07-24,27.831401594982626,65.95511353424321,5.0
2031-07-25,26.18684466100764,45.210510383236766,7.0
2031-07-26,22.56464220960682,62.374214406553904,1.0
2031-07-27,20.909315303392987,38.75133495227114,3.0
2031-07-28,24.78691513449858,-9999.0,4.0
2031-07-29,-9999.0,65.30865768640999,9.0
2031-07-30,16.566335264337614,72.78931949832945,7.0
2031-07-31,32.76645013484881,60.43436487979256,5.0
2031-08-01,,48.53069567690799,7.0
2031-08-02,23.178497225471208,58.65106091087651,1.0
2031-08-03,23.76830074677422,67.09476936910127,2.0
2031-08-04,26.965097663231465,67.35373041848115,7.0
2031-08-05,22.470095018054323,60.444994445308545,10.0
2031-08-06,17.515669496662646,68.23673981485709,7.0
2031-08-07,28.40321873856592,56.36807855581341,8.0
2031-08-08,31.581939863309263,47.440161849528934,-9999.0
2031-08-09,21.449811215340866,55.43699985349827,1.0
2031-08-10,24.351821261849192,63.18826054740859,3.0
2031-08-11,26.90135560945626,61.964833474083406,3.0
2031-08-12,25.537210756551378,46.9536597762219,2.0
2031-08-13,20.964703836950143,59.86483857605985,6.0
2031-08-14,26.593118972716,66.54296091082531,9.0
2031-08-15,24.49533037288611,63.31621253175498,2.0
2031-08-16,21.83570305608326,60.335295763981726,6.0
2031-08-17,19.674302392527185,55.89259135020651,6.0
2031-08-18,28.556271181381785,75.02188023302526,8.0
2031-08-19,21.323054479329116,50.51840163958902,3.0
2031-08-20,34.58340715139604,58.62031345625332,4.0
2031-08-21,25.162928404982765,40.447901714307456,3.0
2031-08-22,30.98535892275424,45.882076929993644,8.0
2031-08-23,26.059040993254193,53.608218110780335,3.0
2031-08-24,27.574369431983992,84.025070434286,1.0
2031-08-25,21.785079140412527,52.14564792028672,5.0
2031-08-26,33.807788590170844,77.24899022714689,10.0
2031-08-27,,48.50734940632925,6.0
2031-08-28,33.383778423770806,63.005481575478974,9.0
2031-08-29,28.27056128238134,64.74994035161168,1.0
2031-08-30,27.601455963681673,59.241677322433254,8.0
2031-08-31,24.738887124590804,70.242631355245,8.0
2031-09-01,24.604611032547115,71.57751186886996,3.0
2031-09-02,29.61144918965136,64.59364677793697,7.0
2031-09-03,29.805861382786894,58.56744173799342,5.0
2031-09-04,22.26594361256195,48.65287701694219,7.0
2031-09-05,25.55886196517451,59.5396033605314,6.0
2031-09-06,20.033960768561766,68.4390151647165,6.0
2031-09-07,33.24123494800198,48.22779927169799,2.0
2031-09-08,25.238235036417052,67.03176065262275,10.0
2031-09-09,23.391774305926205,53.157895911504916,8.0
2031-09-10,27.87785437565127,67.6450196916951,4.0
2031-09-11,21.403793090685127,55.967500552889156,2.0
2031-09-12,22.033499672247927,59.48214355952867,10.0
2031-09-13,23.068742042290893,54.18459183717046,1.0
2031-09-14,22.41235507526862,73.68954090425885,5.0
2031-09-15,33.56281773823757,58.77808251301106,3.0
2031-09-16,28.041545172895226,56.416205260292635,6.0
2031-09-17,31.650510211609728,57.03260620573059,8.0
2031-09-18,30.62009721836597,-9999.0,1.0
2031-09-19,23.555410167824363,-9999.0,2.0
2031-09-20,24.15693360645177,47.19373503579602,7.0
2031-09-21,21.249086506261044,53.109032294694295,2.0
2031-09-22,24.603653404568924,59.25431427710263,9.0
2031-09-23,16.467677654625938,54.30260259109979,10.0
2031-09-24,21.050068282030598,58.118450442802605,10.0
2031-09-25,30.772900333684966,65.47312049489913,8.0
2031-09-26,22.864934794783665,49.55962220809041,
2031-09-27,32.47050234017094,59.50748414025577,7.0
2031-09-28,25.017586067547594,56.52492282216373,2.0
2031-09-29,23.572950092980236,58.88866309951607,7.0
2031-09-30,27.39169719486069,59.278575723938424,9.0
2031-10-01,24.40276115189905,47.50663497195667,9.0
2031-10-02,31.679421242051514,-9999.0,1.0
2031-10-03,24.372036311916006,40.199164609722715,5.0
2031-10-04,31.97565818583222,78.50128778049758,7.0
2031-10-05,26.21425200722697,76.23449984730144,2.0
2031-10-06,22.1157669701693,46.36934414737463,10.0
2031-10-07,28.33431090142605,70.6519355198866,9.0
2031-10-08,21.57993188637137,61.85083916037308,2.0
2031-10-09,28.623380018871813,49.68976917436413,3.0
2031-10-10,24.54252915574391,41.40709040406979,7.0
2031-10-11,17.216519428060924,47.240724415622005,6.0
2031-10-12,25.94021873198993,62.102504890462,4.0
2031-10-13,,72.67960493004075,
2031-10-14,21.34060037536911,73.58350036276968,6.0
2031-10-15,26.250805383882778,67.30748294305255,7.0
2031-10-16,,58.660229720032845,10.0
2031-10-17,34.74604420529362,,3.0
2031-10-18,22.86175084755011,50.21960562236241,
2031-10-19,33.47010788461835,71.33119805286742,4.0
2031-10-20,28.380898349336405,66.73698246590905,3.0
2031-10-21,27.753684285507333,61.597112186510344,10.0
2031-10-22,25.132665820573138,51.46431183980664,-9999.0
2031-10-23,28.920630273118373,58.24765547356372,1.0
2031-10-24,21.01232606384751,49.5929931256007,6.0
2031-10-25,28.5396141473595,54.576820753503824,1.0
2031-10-26,20.289304935220663,60.36600853235541,10.0
2031-10-27,28.41770564590217,77.90018356948538,2.0
2031-10-28,34.09231959865828,55.93289314614688,7.0
2031-10-29,19.83546335939191,62.76171248562401,9.0
2031-10-30,23.688702131063085,68.17989234453206,7.0
2031-10-31,24.489848768090628,59.55800898444019,1.0
2031-11-01,26.614228884285914,80.36131145102786,7.0
2031-11-02,31.53168703851499,45.20593072728231,9.0
2031-11-03,18.46788146266349,65.10631605384697,4.0
2031-11-04,31.993552046538237,57.36687841331161,9.0
2031-11-05,24.208113139390825,81.75886995884731,8.0
2031-11-06,24.381660274013978,71.02224016423888,4.0
2031-11-07,19.528448968429306,61.616395477870874,10.0
2031-11-08,24.63672313337658,59.641052253014664,1.0
2031-11-09,25.632725803516482,49.35248736243968,2.0
2031-11-10,25.3545018323161,73.39993091997982,3.0
2031-11-11,29.146153607997757,67.24154521571455,9.0
2031-11-12,25.09121321127779,65.15973439598832,5.0
2031-11-13,27.4101101470587,63.07762343521291,7.0
2031-11-14,29.559092992042324,54.536561330502856,4.0
2031-11-15,17.961304939000144,73.33471975947043,3.0
2031-11-16,22.90899024019453,63.66368102271713,6.0
2031-11-17,25.18775157488691,50.578706220952306,1.0
2031-11-18,19.5343311443919,73.51085611548339,5.0
2031-11-19,33.852756913609355,72.2306775034011,3.0
2031-11-20,25.187881210414826,46.64022917535727,2.0
2031-11-21,24.882923272594326,56.89935258311779,4.0
2031-11-22,-9999.0,91.45090412694293,1.0
2031-11-23,-9999.0,55.83082002543717,
2031-11-24,18.57678304072574,64.56073452440685,8.0
2031-11-25,32.12188887196341,71.12179507705562,6.0
2031-11-26,19.224648800624557,68.91077433979262,6.0
2031-11-27,21.384383598544314,60.3473918315847,
2031-11-28,18.450649844190362,-9999.0,1.0
2031-11-29,24.76755337469637,54.25057444959737,5.0
2031-11-30,23.76285235668969,67.68187372229866,1.0
2031-12-01,35.27725598423291,-9999.0,1.0
2031-12-02,27.456008374655834,50.51350341467753,1.0
2031-12-03,28.479204302063216,62.595880080741615,3.0
2031-12-04,33.8963717371692,68.78283828002611,-9999.0
2031-12-05,26.263849763765663,52.53688086692026,9.0
2031-12-06,16.8910054098115,62.619974708149314,3.0
2031-12-07,17.68126611678086,60.61798788113739,2.0
2031-12-08,32.940737536314316,51.575406434556385,7.0
2031-12-09,29.112381646006448,57.17394798259356,8.0
2031-12-10,35.087334402932356,76.3280799011751,1.0
2031-12-11,22.771814856907124,51.94384329888901,7.0
2031-12-12,19.717902981672033,62.59498597233841,2.0
2031-12-13,28.984971077514754,54.8842537932102,4.0
2031-12-14,15.681808303108994,43.423935998310796,2.0
2031-12-15,30.91298569157515,52.11737947499731,4.0
2031-12-16,27.687754346498625,84.69583924764825,2.0
2031-12-17,22.305792031458076,63.37753051383361,8.0
2031-12-18,15.515921706004544,51.00687889209391,1.0
2031-12-19,26.124574083173385,61.358959112316754,5.0
2031-12-20,28.85848038316969,66.11707870949445,
2031-12-21,,71.66852347258512,10.0
2031-12-22,24.941905480033583,79.89639346205934,3.0
2031-12-23,24.840936958246864,,9.0
2031-12-24,31.261236392250886,70.94949486265789,6.0
2031-12-25,19.89912441648267,58.19135077334898,7.0
2031-12-26,18.696825043509797,57.62994481826819,
2031-12-27,18.745322045536092,56.43636430311379,10.0
2031-12-28,19.508140934942755,71.37476156831922,1.0
2031-12-29,16.495666344713545,51.870990478055774,6.0
2031-12-30,22.51199673452038,58.5058854066423,
2031-12-31,28.41532022499445,66.70663069288683,8.0
2032-01-01,24.403694251153684,74.16137809268878,2.0
2032-01-02,26.701308143275,46.66133390109752,3.0
2032-01-03,28.142525615608587,-9999.0,4.0
2032-01-04,26.07052031145266,62.947425306368785,8.0
2032-01-05,,67.69495339045365,1.0
2032-01-06,23.12756159637807,55.77190594161519,4.0
2032-01-07,25.81942065841038,56.55441767129921,7.0
2032-01-08,,,4.0
2032-01-09,22.154211252593694,62.41805561156927,10.0
2032-01-10,32.90844795914048,66.09505708788761,8.0
2032-01-11,,70.76909338129671,4.0
2032-01-12,24.338080566588793,65.98259458504666,3.0
2032-01-13,31.793634539507377,54.176351348614205,8.0
2032-01-14,30.39539826068461,65.22158424327432,3.0
2032-01-15,21.717105512769884,64.40359954189918,10.0
2032-01-16,31.986614538438374,60.76196482154932,3.0
2032-01-17,23.591600649158813,72.01438117390526,10.0
2032-01-18,9.886797527499734,57.40383536459626,10.0
2032-01-19,25.149068029388634,57.604148293131296,8.0
2032-01-20,29.221859854305492,66.19239248966805,10.0
2032-01-21,21.230486932695264,55.00168415112215,4.0
2032-01-22,20.40340694101156,52.67411592314409,
2032-01-23,27.684305112450236,-9999.0,8.0
2032-01-24,22.05694473118897,52.125119548833574,3.0
2032-01-25,20.67056039890067,58.58736569513877,7.0
2032-01-26,20.29523029782621,54.081968183140134,5.0
2032-01-27,21.484869020686777,52.345763307539535,1.0
2032-01-28,23.150535083829087,68.88659641333246,7.0
2032-01-29,28.857293620782702,,5.0
2032-01-30,,65.30813730857085,7.0
2032-01-31,26.797637399164604,60.24137727963277,9.0
2032-02-01,,,2.0
2032-02-02,25.627442650288938,56.99515726678806,1.0
2032-02-03,24.288434885414468,66.73094738614792,6.0
2032-02-04,18.917719937753922,67.09340359719648,4.0
2032-02-05,30.77688639669526,75.18474550759944,3.0
2032-02-06,18.51097857832226,52.70382862888523,6.0
2032-02-07,34.22650949609073,56.66605517147355,9.0
2032-02-08,19.68357924176914,59.24575810511414,2.0
2032-02-09,25.73095120297616,68.51447813376558,5.0
2032-02-10,20.73502636215627,62.34554338534881,2.0
2032-02-11,,60.236695832064,4.0
2032-02-12,26.20156821692716,67.10261678427909,9.0
2032-02-13,28.30271718351121,51.600864472242776,9.0
2032-02-14,24.901828336733562,66.37245650501684,6.0
2032-02-15,24.331038167500907,61.37264744782874,10.0
2032-02-16,,64.19664074017672,1.0
2032-02-17,22.83219299635773,70.64476166127653,8.0
2032-02-18,13.633249764243654,74.03770032505841,5.0
2032-02-19,26.96372834938927,73.92792561281395,9.0
2032-02-20,25.953667338885662,68.25727616526181,7.0
2032-02-21,27.341264756147027,62.8476914320438,6.0
2032-02-22,25.728139335899314,60.34580424278746,5.0
2032-02-23,28.382699682946342,44.52304871857719,2.0
2032-02-24,22.282222912329857,40.4913100190156,5.0
2032-02-25,22.297693413410716,62.61601284063293,5.0
2032-02-26,23.211565233021688,54.60663143470893,4.0
2032-02-27,22.534305194114353,47.14079481809445,9.0
2032-02-28,17.220836846279013,63.59089756817093,2.0
2032-02-29,23.341286691785584,80.81794836309008,10.0
2032-03-01,27.24394207864558,70.85233025851876,4.0
2032-03-02,27.555843948911292,65.78535641640103,3.0
2032-03-03,24.99418752934923,54.90596467826283,1.0
2032-03-04,22.37315612292448,-9999.0,7.0
2032-03-05,21.166245376542417,52.26456074528322,10.0
2032-03-06,20.548184084492704,62.69352876201342,8.0
2032-03-07,30.813488341666066,55.49845122365829,6.0
2032-03-08,,53.75609614237265,8.0
2032-03-09,18.765297619282485,57.73503393508986,4.0
2032-03-10,33.05504623894175,66.89310019617521,6.0
2032-03-11,32.51710533896959,73.35170244510714,5.0
2032-03-12,-9999.0,44.40849244968683,
2032-03-13,24.678380209009042,66.81089383374973,4.0
2032-03-14,27.22252812142308,59.13055268145426,2.0
2032-03-15,16.258887000456465,61.53631541370518,3.0
2032-03-16,29.26655905209954,78.71285136980816,7.0
2032-03-17,25.548167903565002,74.74638500726675,9.0
2032-03-18,26.332478742954315,63.14879140727881,3.0
2032-03-19,19.981837507626572,58.622873616734395,9.0
2032-03-20,28.19191194703899,47.16232372094835,10.0
2032-03-21,29.894180009943227,59.73296021637034,4.0
2032-03-22,24.308249838060462,57.40914102463592,9.0
2032-03-23,19.56082260191345,50.957678211796335,3.0
2032-03-24,31.136720424894378,53.22685805320108,8.0
2032-03-25,-9999.0,62.669017550733145,3.0
2032-03-26,22.78180574284439,63.82555963137478,6.0
2032-03-27,30.01998515167208,48.70194579526621,3.0
2032-03-28,23.139865269501577,70.08768381933734,4.0
2032-03-29,23.131920865012763,62.5552745673896,4.0
2032-03-30,14.383465171037557,79.62302660517705,3.0
2032-03-31,28.484886888573573,63.37522634455172,3.0
2032-04-01,25.444424377039084,56.79665635877872,2.0
2032-04-02,27.420173226277385,54.2521902398176,10.0
2032-04-03,20.222056717760516,69.79111682214445,5.0
2032-04-04,30.80828764994248,71.46146003089854,5.0
2032-04-05,18.207445449199312,55.35515472788321,9.0
2032-04-06,29.142672381238263,63.61480515553085,6.0
2032-04-07,,59.72782226247757,8.0
2032-04-08,18.790677598026257,61.9744425746019,10.0
2032-04-09,22.409456048028453,76.50769226084998,3.0
2032-04-10,31.329726673078916,55.695804779553846,6.0
2032-04-11,23.192649695561855,74.50398328268605,1.0
2032-04-12,30.666794766143333,64.16476515798676,3.0
2032-04-13,29.492892881997584,71.14827524209223,10.0
2032-04-14,19.132070145836813,73.06106052846123,8.0
2032-04-15,21.889534607083853,61.80100639316702,9.0
2032-04-16,,70.31928018671582,5.0
2032-04-17,25.306253957875565,81.88708459741243,10.0
2032-04-18,27.05074395562108,66.63176418215677,
2032-04-19,31.036475533509176,-9999.0,2.0
2032-04-20,24.197151386920506,56.87319933057804,6.0
2032-04-21,30.097809498044068,57.57421781936314,6.0
2032-04-22,16.87635203769632,65.78098587573233,6.0
2032-04-23,,67.4810582655501,2.0
2032-04-24,24.726826955371337,58.78185833712112,6.0
2032-04-25,16.9655183990928,55.9117107642888,3.0
2032-04-26,24.285134428131386,64.69113235188249,1.0
2032-04-27,24.999379343558623,54.33676444978035,5.0
2032-04-28,27.3932639886129,-9999.0,5.0
2032-04-29,31.96782393593953,66.07146158964468,10.0
2032-04-30,,-9999.0,9.0
2032-05-01,22.67050315955737,71.15269814305205,8.0
2032-05-02,27.090064407081037,63.06672056808202,7.0
2032-05-03,18.131717639568706,62.400218274825164,8.0
2032-05-04,17.740680974588052,61.52304876780417,9.0
2032-05-05,23.46113169129741,64.28883349286242,8.0
2032-05-06,27.94515871315998,50.033393217125074,8.0
2032-05-07,15.044551301197918,40.90893469909814,7.0
2032-05-08,-9999.0,-9999.0,7.0
2032-05-09,21.4048816616968,63.16517199751609,7.0
2032-05-10,33.623706891781055,72.71267462308926,4.0
2032-05-11,23.80347409749131,56.42495671789611,2.0
2032-05-12,18.098731637699572,67.41230635749021,6.0
2032-05-13,24.307767312135905,62.45318911344723,10.0
2032-05-14,24.159098540253403,44.45075885949708,1.0
2032-05-15,26.12630498083901,71.80627205155992,8.0
2032-05-16,32.8694670066566,69.39441723393102,1.0
2032-05-17,14.568612121101571,68.86824823313927,8.0
2032-05-18,15.789560267999486,64.2910112504623,9.0
2032-05-19,24.461099198015543,69.64066948553247,8.0
2032-05-20,24.676493384134236,70.90004144820239,10.0
2032-05-21,18.93823237127586,,3.0
2032-05-22,24.48862656145231,,2.0
2032-05-23,25.980933437038008,74.53950192664267,9.0
2032-05-24,24.109060073582178,72.02174632004966,2.0
2032-05-25,35.44550616461136,,1.0
2032-05-26,19.25584304358278,67.17781343249938,7.0
2032-05-27,23.108720203649575,-9999.0,9.0
2032-05-28,26.143840419192493,34.73611376424746,8.0
2032-05-29,-9999.0,62.292200429961376,6.0
2032-05-30,20.21436946457427,67.23065499101264,10.0
2032-05-31,23.585457815185812,63.956680292396065,7.0
2032-06-01,24.307868984535343,56.04347120865262,9.0
2032-06-02,21.81732987383544,65.79241841981884,2.0
2032-06-03,-9999.0,60.14914348526444,5.0
2032-06-04,23.43363851412637,53.319283009562795,-9999.0
2032-06-05,17.607170759410412,45.15458261409105,6.0
2032-06-06,25.968712822627168,54.704074557716744,10.0
2032-06-07,26.984960432172787,57.78960257185164,8.0
2032-06-08,28.737800223202232,88.00253984403942,
2032-06-09,34.98678441798515,71.80782715270011,3.0
2032-06-10,25.95305260516115,56.05071727750182,7.0
2032-06-11,28.062186137057736,64.02065705470059,8.0
2032-06-12,38.96495335767947,63.933000643466265,9.0
2032-06-13,22.596929765596474,46.05696678122874,3.0
2032-06-14,25.54523653407338,50.409047219577836,8.0
2032-06-15,23.487667604578395,55.79911472078454,7.0
2032-06-16,27.673284703844583,77.91380676477921,4.0
2032-06-17,29.513865340348914,66.34896162804402,
2032-06-18,26.59109706343023,64.46195180800723,1.0
2032-06-19,34.72316873433748,,7.0
2032-06-20,27.85556440337467,62.41882561210741,8.0
2032-06-21,28.67963965009126,,3.0
2032-06-22,28.57599629708611,73.39002839581299,6.0
2032-06-23,23.669861017928984,66.05677248496893,5.0
2032-06-24,24.29303488060604,34.11349778095942,2.0
2032-06-25,21.538237615254747,58.10392887144934,
2032-06-26,24.430537527842,52.32592723501273,3.0
2032-06-27,18.519156674705965,,8.0
2032-06-28,27.58068763477016,,1.0
2032-06-29,22.905535769008488,61.64607928314173,6.0
2032-06-30,34.56108502229057,60.573415022320866,10.0
2032-07-01,13.916914705337824,53.7994558806366,7.0
2032-07-02,18.81282557842482,53.29691342654585,4.0
2032-07-03,27.367959186631936,54.6648758596891,1.0
2032-07-04,25.079398066473527,52.00779827058772,2.0
2032-07-05,29.646254794273244,56.72275884192181,1.0
2032-07-06,29.199739036090246,57.28831505427924,8.0
2032-07-07,19.080554375239934,52.351087270709755,5.0
2032-07-08,27.162407221446543,56.844315325777046,10.0
2032-07-09,24.429672404381613,61.90495497453293,3.0
2032-07-10,22.876287073340727,47.60298307037538,9.0
2032-07-11,23.603959025413438,59.91215459834274,-9999.0
2032-07-12,24.419268569375976,46.76376530956925,6.0
2032-07-13,28.193169990297093,36.46343304045017,7.0
2032-07-14,21.333081795498195,-9999.0,-9999.0
2032-07-15,19.590939054085137,57.11605468912081,6.0
2032-07-16,16.54058018098883,65.87134916450125,8.0
2032-07-17,27.369988362124552,89.61006560939475,2.0
2032-07-18,24.558783006371886,55.32382072107446,6.0
2032-07-19,-9999.0,51.06323379828668,3.0
2032-07-20,27.843750169650782,42.903198382303344,2.0
2032-07-21,14.431564492517182,70.43043509465589,1.0
2032-07-22,24.54196007186561,45.81707059473634,1.0
2032-07-23,29.089302604477524,66.37388816690863,9.0
2032-07-24,-9999.0,55.11978143246289,5.0
2032-07-25,35.191493795316546,58.37042450887153,10.0
2032-07-26,30.079675464097107,61.38197479159085,4.0
2032-07-27,22.792098963205962,-9999.0,4.0
2032-07-28,18.306451233477265,52.51522390990935,8.0
2032-07-29,25.510072808829392,72.02607221812379,3.0
2032-07-30,19.631022958390542,56.50879409936944,5.0
2032-07-31,,76.15857638464138,1.0
2032-08-01,21.458490847981917,43.78789767798593,9.0
2032-08-02,23.71035746414055,61.679161196211744,5.0
2032-08-03,26.71359336966118,71.07150222893037,8.0
2032-08-04,28.66059562140753,72.76756067116835,10.0
2032-08-05,22.849621373198822,64.1451246928502,5.0
2032-08-06,25.80094675739201,61.59299863530822,9.0
2032-08-07,22.764256921588537,49.14781032033228,10.0
2032-08-08,26.20223889178717,50.09098483118245,7.0
2032-08-09,22.818160258456853,57.045896645916045,6.0
2032-08-10,17.253908617193453,51.37519168654252,9.0
2032-08-11,18.11366587031325,54.87068142597191,5.0
2032-08-12,30.436936031323935,58.44826489500877,10.0
2032-08-13,20.473718196640096,-9999.0,10.0
2032-08-14,29.245577226269933,75.04735671069788,9.0
2032-08-15,21.514127228469135,61.84035383865985,8.0
2032-08-16,19.976816712332102,52.117309409879034,1.0
2032-08-17,28.96710665355064,55.92797795099566,9.0
2032-08-18,23.27303940831467,52.645514918568004,4.0
2032-08-19,26.670579730997233,47.62730218628785,3.0
2032-08-20,-9999.0,46.87935760098825,4.0
2032-08-21,,49.21576655237006,6.0
2032-08-22,22.84180412047764,60.60527129087586,3.0
2032-08-23,17.95919945937533,51.44708715579709,6.0
2032-08-24,-9999.0,67.6241910747707,6.0
2032-08-25,16.130887256629116,44.7392711109202,8.0
2032-08-26,-9999.0,62.786307839502385,8.0
2032-08-27,30.471896869356392,,4.0
2032-08-28,16.673447656183537,65.75265664611285,8.0
2032-08-29,-9999.0,74.5296907037791,1.0
2032-08-30,,54.98882204252801,-9999.0
2032-08-31,28.569550294164717,60.485325943523264,10.0
2032-09-01,26.20513319146378,53.22803387160832,6.0
2032-09-02,25.177388508645375,72.57962016244794,8.0
2032-09-03,23.388282211799712,71.3875964832461,3.0
2032-09-04,18.24138907247791,63.207692597837344,3.0
2032-09-05,16.384796928119385,61.84798605877011,2.0
2032-09-06,21.48351743898025,47.20827367687515,10.0
2032-09-07,24.65018334218677,,5.0
2032-09-08,18.215512386242157,51.68783630024958,9.0
2032-09-09,31.86724839209762,59.85231486096618,6.0
2032-09-10,30.78313916698374,48.560673481549614,10.0
2032-09-11,27.616510693087573,55.87759025945356,6.0
2032-09-12,21.843091863757188,57.32262849827584,3.0
2032-09-13,,70.53346634702582,1.0
2032-09-14,30.502249495229506,47.66464271395157,8.0
2032-09-15,21.16444603361133,38.63354319821167,6.0
2032-09-16,32.0694613401184,43.338003347751894,5.0
2032-09-17,15.590915703229957,78.67765641541922,10.0
2032-09-18,20.553250196348593,,3.0
2032-09-19,29.687766507671082,47.86172793783039,1.0
2032-09-20,25.89915876671985,61.349650588792954,1.0
2032-09-21,21.216729506201503,56.00045631878974,3.0
2032-09-22,22.678660008313877,-9999.0,8.0
2032-09-23,23.23924263552272,70.1797015838616,4.0
2032-09-24,28.72230187576284,,1.0
2032-09-25,31.354464184155248,63.10057412636151,6.0
2032-09-26,,40.40368627255542,9.0
2032-09-27,27.145649561392702,69.45079264324774,6.0
2032-09-28,24.12554807038392,68.0763139536094,4.0
2032-09-29,23.451963522109764,54.078641834758876,9.0
2032-09-30,28.72157679469364,63.326889980830046,1.0
2032-10-01,30.728521964267323,47.55682201480248,9.0
2032-10-02,35.39629025354348,74.31421289512767,7.0
2032-10-03,23.978578588566986,50.75179673324968,4.0
2032-10-04,14.74172145598195,61.11182265777344,9.0
2032-10-05,14.235409507690864,63.26235336030081,5.0
2032-10-06,20.684370508029946,,4.0
2032-10-07,13.102670582523139,54.70576360746,3.0
2032-10-08,27.857863780719185,77.10060278501629,7.0
2032-10-09,25.263567574932345,70.07035160825177,8.0
2032-10-10,19.540176174343767,63.45834635770908,8.0
2032-10-11,24.981990810149107,61.149436156048964,4.0
2032-10-12,24.710897367820156,71.21351550418231,8.0
2032-10-13,22.153454568144014,45.204408728992476,-9999.0
2032-10-14,20.915576892646058,61.95214265043623,5.0
2032-10-15,21.220936225563406,69.64158909279864,3.0
2032-10-16,24.345233957065414,-9999.0,3.0
2032-10-17,25.439444057974264,48.09414882762966,10.0
2032-10-18,,-9999.0,2.0
2032-10-19,33.184779207958435,40.21465305172692,6.0
2032-10-20,28.382390898572613,66.52185648654755,5.0
2032-10-21,,65.96501819397795,
2032-10-22,25.587802750156385,58.122700861944175,9.0
2032-10-23,21.267008543363346,75.22824529755994,1.0
2032-10-24,28.51347729960273,74.12023142762968,4.0
2032-10-25,28.470854338017503,68.94124355106008,
2032-10-26,29.89161859747894,49.60068529222896,6.0
2032-10-27,24.95779178193534,,4.0
2032-10-28,15.612413946673767,66.62921080256378,7.0
2032-10-29,27.2846320538442,48.74227401933604,
2032-10-30,16.295852717732416,84.37030987369084,5.0
2032-10-31,,65.75123879732953,1.0
2032-11-01,36.48943152965393,66.19683721871834,4.0
2032-11-02,26.312666313467187,49.31125401082253,5.0
2032-11-03,26.72423350080376,43.46311983896397,6.0
2032-11-04,36.99298118922169,60.91727489226895,1.0
2032-11-05,29.241031962592817,48.32634846265817,5.0
2032-11-06,22.386802730900875,55.91901649303398,4.0
2032-11-07,20.945320539417075,,3.0
2032-11-08,19.125490498077188,61.22703788075472,5.0
2032-11-09,24.331707674198107,39.797453153632375,6.0
2032-11-10,19.348637346993932,-9999.0,6.0
2032-11-11,28.894821641957385,-9999.0,2.0
2032-11-12,27.903175735542614,54.33043527144551,4.0
2032-11-13,29.00196615477854,50.878741299270125,3.0
2032-11-14,31.878636938840025,61.318211481104235,
2032-11-15,31.118464892367513,-9999.0,9.0
2032-11-16,,63.70670400786498,9.0
2032-11-17,25.606044399269916,55.212707790808295,5.0
2032-11-18,30.43477043426361,49.70712934700121,6.0
2032-11-19,24.50202002870423,53.5621911825405,4.0
2032-11-20,28.43155253720252,57.869076305027995,3.0
2032-11-21,29.961355122058457,57.13085603946979,2.0
2032-11-22,22.510294043593927,78.58048441561549,3.0
2032-11-23,-9999.0,56.72157170474054,7.0
2032-11-24,28.16814446946971,70.10716535343994,5.0
2032-11-25,22.332429678374456,58.88009104660436,7.0
2032-11-26,20.353064063560307,,6.0
2032-11-27,21.951133229223373,48.798607393395386,4.0
2032-11-28,21.759241929570486,50.481691716228575,8.0
2032-11-29,15.70733031966019,48.95252586413471,4.0
2032-11-30,37.850558346073875,57.262720444851105,4.0
2032-12-01,28.155815102480872,62.5305210172763,10.0
2032-12-02,36.960987736157634,-9999.0,8.0
2032-12-03,27.95106237045667,41.36345510604786,2.0
2032-12-04,,60.15998557264007,10.0
2032-12-05,27.108529450188897,76.29199596213853,4.0
2032-12-06,27.795047855338744,75.13980720245797,4.0
2032-12-07,21.718704281266792,68.27744914743352,4.0
2032-12-08,24.610166923354193,56.50868235564471,
2032-12-09,24.074602160503794,69.52696175530129,
2032-12-10,34.85724427797611,48.942218321412106,2.0
2032-12-11,32.32729188026935,68.45329212768183,7.0
2032-12-12,27.732053004069055,65.56149367030179,7.0
2032-12-13,21.12710017921207,64.75335472531627,2.0
2032-12-14,37.783358119549334,52.198262337502456,8.0
2032-12-15,28.543820087142024,44.046566416671254,2.0
2032-12-16,29.25450836365712,55.689230518198,7.0
2032-12-17,30.62272310168191,70.42057839534405,4.0
2032-12-18,21.110228225430788,38.69509789049242,8.0
2032-12-19,27.01109706963897,47.65880104180226,9.0
2032-12-20,23.48631965181801,70.42670644550027,3.0
2032-12-21,18.321095421668154,53.826262490310924,8.0
2032-12-22,19.919841266039022,57.05930647172575,2.0
2032-12-23,,64.50692596886196,10.0
2032-12-24,21.61861544034585,74.32328673176481,2.0
2032-12-25,22.5029441713071,77.15186961602006,10.0
2032-12-26,30.23211516630505,55.10873954283265,9.0
2032-12-27,28.25789330799632,54.094534884996904,7.0
2032-12-28,25.963888867536514,71.36477037448326,5.0
2032-12-29,,64.42615578663256,-9999.0
2032-12-30,21.791569642322738,59.932383342634175,8.0
2032-12-31,24.450815875935742,38.917586439908845,6.0
2033-01-01,20.84689774014024,39.887285463147165,6.0
2033-01-02,27.527566295259103,67.11448490499168,2.0
2033-01-03,25.311421665810766,58.86234922018453,1.0
2033-01-04,27.625172945662708,,2.0
2033-01-05,22.990091652307235,69.15746918542122,1.0
2033-01-06,21.383472950804684,48.26593939541716,9.0
2033-01-07,30.240531984454627,63.488980587989516,4.0
2033-01-08,27.800738033664317,61.78119557104125,1.0
2033-01-09,29.18882461811679,44.669771146876975,2.0
2033-01-10,38.36212207866707,,3.0
2033-01-11,22.31328394511721,83.86702428421452,6.0
2033-01-12,33.35150952350811,57.683658845471776,3.0
2033-01-13,26.08965489273487,57.35138232880638,10.0
2033-01-14,22.908223519253593,-9999.0,1.0
2033-01-15,25.963851482609623,-9999.0,1.0
2033-01-16,20.792327167850875,69.00092430256635,-9999.0
2033-01-17,,42.41408429044469,4.0
2033-01-18,26.254514292241005,53.34871916438741,6.0
2033-01-19,25.297509329086264,50.7584457469261,5.0
2033-01-20,26.154328721349415,69.28669835328932,
2033-01-21,29.72943890185112,76.07563686138728,3.0
2033-01-22,30.44841981030737,69.79344521302608,5.0
2033-01-23,19.696516309737923,58.12455635191511,7.0
2033-01-24,19.19013065536056,48.44496301520266,6.0
2033-01-25,22.9687447575611,59.45367674707805,6.0
2033-01-26,,57.34690020798952,1.0
2033-01-27,25.406948205499013,,4.0
2033-01-28,27.066570159436218,56.43535392536178,6.0
2033-01-29,24.42928488418172,63.08276148865244,3.0
2033-01-30,29.19153191135998,55.41664590770376,6.0
2033-01-31,25.164866214668,55.66525317929225,7.0
2033-02-01,29.835247456666824,63.773389097726536,2.0
2033-02-02,32.90784308431852,68.91651061204043,3.0
2033-02-03,18.868593004617377,48.97068895055291,7.0
2033-02-04,30.910610708904827,,9.0
2033-02-05,22.346959264200798,64.39649893728897,7.0
2033-02-06,26.538336826756197,53.705856213993755,2.0
2033-02-07,23.637101649743123,58.11864707968596,9.0
2033-02-08,22.567965846598504,52.374519907482394,7.0
2033-02-09,24.233216396718408,73.93280333393933,3.0
2033-02-10,27.860528791284224,61.8072869288941,4.0
2033-02-11,34.87284849968817,45.2025643504699,2.0
2033-02-12,-9999.0,55.46770660848351,4.0
2033-02-13,27.281144880766814,37.618139932591205,3.0
2033-02-14,26.820278354397495,55.07318827988206,1.0
2033-02-15,15.351639410875675,55.92948948723462,7.0
2033-02-16,-9999.0,58.5185638049938,3.0
2033-02-17,22.26957251171065,68.91292085522812,2.0
2033-02-18,28.486682732861574,61.58342233460965,10.0
2033-02-19,,53.42777984029372,4.0
2033-02-20,33.499065697565314,45.99841207524295,9.0
2033-02-21,25.13317903683914,70.60045950470231,10.0
2033-02-22,21.675369325696096,46.72780544535379,8.0
2033-02-23,27.715550361900128,66.77206782863121,10.0
2033-02-24,27.248368234692943,45.38150179894026,3.0
2033-02-25,27.95448430354203,64.38592130647227,6.0
2033-02-26,25.189739439228727,46.75840288324801,5.0
2033-02-27,26.656103473148875,-9999.0,9.0
2033-02-28,28.645897721222823,61.91085305303415,6.0
2033-03-01,25.85032822040339,57.56292837608944,6.0
2033-03-02,21.043063740491835,68.34063005346817,7.0
2033-03-03,,53.42712678070026,2.0
2033-03-04,17.12113391589049,49.250182537932695,1.0
2033-03-05,33.653366734947056,46.636592631760855,3.0
2033-03-06,22.79190830243318,58.90121886298018,7.0
2033-03-07,27.70810283931247,65.08348411908179,4.0
2033-03-08,24.318888214306643,61.01519814889761,
2033-03-09,26.270584745783665,72.08307500050799,6.0
2033-03-10,18.745660397911337,44.69318712032917,2.0
2033-03-11,25.480580125016818,46.516570141435544,3.0
2033-03-12,31.618081333108005,71.20420959902019,-9999.0
2033-03-13,24.28610048078983,52.07370545457355,9.0
2033-03-14,31.179581109886737,59.054917604322355,9.0
2033-03-15,31.307841240134323,80.61096910285949,9.0
2033-03-16,29.903787161767383,61.79559675319474,9.0
2033-03-17,24.72377260821518,58.25083273835878,-9999.0
2033-03-18,25.62062783698158,60.66529549519782,7.0
2033-03-19,29.2656922253098,52.41635292429817,2.0
2033-03-20,22.098251008932532,58.861327238060035,5.0
2033-03-21,-9999.0,65.8049959878606,
2033-03-22,29.368003412427875,42.124330696242396,8.0
2033-03-23,35.54383310653385,52.01436616338229,10.0
2033-03-24,25.352066673212967,41.17989826724627,5.0
2033-03-25,9.682486731862234,71.19713649545048,5.0
2033-03-26,-9999.0,66.13224576332794,5.0
2033-03-27,14.33544716394614,74.03061943803553,1.0
2033-03-28,24.213725192478243,,8.0
2033-03-29,26.459915534501594,75.42560348547552,5.0
2033-03-30,30.1173295255019,42.81025867569621,9.0
2033-03-31,30.096047478644202,53.25328098578937,5.0
2033-04-01,,72.26823783774415,3.0
2033-04-02,30.154082570014943,48.17553409080138,8.0
2033-04-03,25.169584906823058,47.350064790638505,10.0
2033-04-04,22.28878667432917,66.35195616428655,-9999.0
2033-04-05,27.13117247751708,49.23696922564572,2.0
2033-04-06,31.87557437509794,56.99577603883553,7.0
2033-04-07,29.891051717280764,53.6320224123786,7.0
2033-04-08,24.89239727869527,51.72755674398193,
2033-04-09,25.476431199072387,45.81007604569584,6.0
2033-04-10,20.795943571056274,52.12398434802131,3.0
2033-04-11,26.65505588339733,55.9239334567905,8.0
2033-04-12,20.633527334293905,68.99486354289276,9.0
2033-04-13,26.46249627990146,66.42601642122861,10.0
2033-04-14,38.92645952458145,63.40404385277823,9.0
2033-04-15,28.47153209489567,65.99857307069094,1.0
2033-04-16,27.030702700003783,41.647802692415745,1.0
2033-04-17,,46.4637509433688,3.0
2033-04-18,20.09799455162815,39.316741097671226,7.0
2033-04-19,24.142098602464806,76.88692807177645,
2033-04-20,14.753207202674952,,8.0
2033-04-21,,51.68241930554957,1.0
2033-04-22,27.812947262770876,67.85447884425379,3.0
2033-04-23,17.026276966401767,56.259295888700706,9.0
2033-04-24,14.448202504614407,63.17764561971576,2.0
2033-04-25,23.18484226221669,-9999.0,9.0
2033-04-26,9.740068588078621,54.73579139411855,1.0
2033-04-27,24.759153963836397,67.97393211446753,3.0
2033-04-28,16.618724420508787,52.756007625367346,6.0
2033-04-29,31.39792110055879,59.76419061135591,4.0
2033-04-30,24.785076923462853,66.9229480811277,6.0
2033-05-01,25.453918285225683,73.29907141338683,
2033-05-02,30.549166598529993,55.44866267677125,8.0
2033-05-03,23.864636958629124,49.57544038852321,2.0
2033-05-04,17.919931388337204,55.904293504891186,1.0
2033-05-05,33.55320434538688,67.95034359508331,1.0
2033-05-06,26.519913390757047,64.75833531820675,8.0
2033-05-07,25.38664043304796,52.60205188599067,6.0
2033-05-08,20.577327633305387,49.34755303794225,8.0
2033-05-09,,-9999.0,8.0
2033-05-10,15.993491428250822,64.83950425193632,8.0
2033-05-11,23.556807924356097,67.62454549118011,5.0
2033-05-12,29.14705373131926,72.18952152817882,8.0
2033-05-13,34.27909965261964,-9999.0,6.0
2033-05-14,25.327281255686035,70.06425183519804,10.0
2033-05-15,21.23216693884277,44.782311560618794,2.0
2033-05-16,30.59641261900783,43.61078239166606,4.0
2033-05-17,17.001010687965593,78.03446756022802,2.0
2033-05-18,27.95871536459094,65.10005006811377,3.0
2033-05-19,27.783140619329824,46.20685493833335,1.0
2033-05-20,28.179434758609478,71.81149290149571,6.0
2033-05-21,20.623541853130597,55.75119946576537,8.0
2033-05-22,31.07041969110361,73.62157015483446,3.0
2033-05-23,23.90150798509869,,7.0
2033-05-24,24.445855493597605,61.981979682150985,5.0
2033-05-25,25.37593090045214,69.49380749781861,9.0
2033-05-26,20.58165921657362,66.87413498172349,1.0
2033-05-27,21.416124994012367,61.539133694240256,8.0
2033-05-28,24.059946597232194,54.45898287706741,7.0
2033-05-29,24.90430077738528,89.62618512888375,9.0
2033-05-30,,50.6775292287638,5.0
2033-05-31,30.945926667605196,43.48646130126602,4.0
2033-06-01,23.073460461459966,49.981090611994645,4.0
2033-06-02,21.183185552990253,66.04338375649118,2.0
2033-06-03,23.738726289308396,70.12827023336098,4.0
2033-06-04,32.802361743195966,47.41419528371257,6.0
2033-06-05,21.907955939686353,47.48358973680363,3.0
2033-06-06,27.239192727140814,78.76502990006969,
2033-06-07,21.82251514833699,72.80792461920103,1.0
2033-06-08,28.48301811896612,67.8055764963117,
2033-06-09,17.33525956568598,48.60631847962619,6.0
2033-06-10,29.97455500901736,68.89480296117384,-9999.0
2033-06-11,33.018464873625405,50.347692237701324,7.0
2033-06-12,22.171984184055944,72.10094498951622,5.0
2033-06-13,24.90064574363992,59.855542803781105,10.0
2033-06-14,22.803433133818515,,7.0
2033-06-15,24.600134028472333,67.87953576590029,8.0
2033-06-16,23.146334896940658,51.31424602945744,6.0
2033-06-17,18.572677345152545,59.37402506634106,4.0
2033-06-18,32.41999158680894,44.623456728016066,6.0
2033-06-19,32.70283255824311,60.81124829490883,9.0
2033-06-20,26.265809057969165,80.68114995196994,8.0
2033-06-21,24.26882375394969,57.206767727350744,4.0
2033-06-22,17.03385376587245,,8.0
2033-06-23,25.41050079010556,,2.0
2033-06-24,27.800670371847243,73.16758363169194,1.0
2033-06-25,31.508483366701405,61.6949818531709,6.0
2033-06-26,29.472711632385135,63.702891924284934,8.0
2033-06-27,26.19615096028831,61.80932612393097,-9999.0
2033-06-28,17.219230804205637,60.828893146355284,10.0
2033-06-29,27.756353326565677,71.2476073253776,1.0
2033-06-30,14.443343186862679,51.6574891682305,4.0
2033-07-01,28.88200540122525,-9999.0,7.0
2033-07-02,21.221617768844656,67.57806495774138,-9999.0
2033-07-03,27.629619693796275,62.10049384110425,4.0
2033-07-04,31.940051917607054,78.48700794999152,10.0
2033-07-05,37.55352822458737,60.502628458559705,5.0
2033-07-06,,61.54863247174168,-9999.0
2033-07-07,25.704774502913033,73.68309333815634,8.0
2033-07-08,23.344487753039925,61.91666217361092,8.0
2033-07-09,,56.83367738439235,7.0
2033-07-10,-9999.0,64.40780938924236,5.0
2033-07-11,27.404890027841994,67.90098440076812,1.0
2033-07-12,21.65348296341711,71.71168887178423,2.0
2033-07-13,19.23724542331393,49.52938932569986,8.0
2033-07-14,30.160733644450474,39.820005227370324,-9999.0
2033-07-15,27.776784409888215,55.61658579194133,10.0
2033-07-16,27.087838307511802,59.775285372141774,10.0
2033-07-17,32.353006053293,52.37637171769619,5.0
2033-07-18,,64.39742111288469,9.0
2033-07-19,24.846699421233023,55.43028836176583,-9999.0
2033-07-20,35.7624569625835,56.37993734525714,2.0
2033-07-21,24.347588458777405,56.1972071261831,9.0
2033-07-22,30.356222727789934,53.57059053104353,4.0
2033-07-23,26.11590232522267,66.44771333117426,-9999.0
2033-07-24,32.06094023739261,66.33009004658281,9.0
2033-07-25,31.717365860620593,48.68669536588722,1.0
2033-07-26,28.09896085424426,54.59099522800136,7.0
2033-07-27,17.20696461011709,70.09854166028713,7.0
2033-07-28,,50.94598468448398,2.0
2033-07-29,19.90150464481183,62.09686452972494,3.0
2033-07-30,24.691699074560145,,5.0
2033-07-31,19.57205300094076,57.86540237842379,3.0
2033-08-01,27.036950136261876,57.676524253765336,3.0
2033-08-02,26.200136140809573,66.28951536132124,10.0
2033-08-03,15.577559352780376,56.98794884826128,1.0
2033-08-04,,56.00793139546612,3.0
2033-08-05,23.771951057315306,57.69578391247177,1.0
2033-08-06,24.169955683264778,57.517948318323015,10.0
2033-08-07,23.001197184111728,62.733341260357186,9.0
2033-08-08,16.20297822746049,62.25606935654882,8.0
2033-08-09,32.98611136313773,64.44428861781863,9.0
2033-08-10,,41.85791561868728,5.0
2033-08-11,25.86034057708892,72.84390235820132,1.0
2033-08-12,20.101691284228686,67.26124599477222,10.0
2033-08-13,30.93309661168619,68.47459403090706,7.0
2033-08-14,31.180002206046254,76.5739576739131,3.0
2033-08-15,-9999.0,50.183919051026436,4.0
2033-08-16,,63.88594175084501,1.0
2033-08-17,20.64019965668051,81.54268171478539,7.0
2033-08-18,26.320149134289764,,4.0
2033-08-19,19.14734335991624,63.017242752916644,4.0
2033-08-20,21.408001717283565,70.91093587279791,2.0
2033-08-21,10.149057433180902,,5.0
2033-08-22,29.12888539832143,62.84156409124983,4.0
2033-08-23,24.75626060513697,55.28840342176926,5.0
2033-08-24,31.69143403755053,72.99839049216799,8.0
2033-08-25,22.228190073263367,60.15331473925392,6.0
2033-08-26,15.234643507181897,56.97257661041574,8.0
2033-08-27,23.955863909144522,60.09320789810344,6.0
2033-08-28,,62.046668297557666,2.0
2033-08-29,23.16601473713384,77.00388382858065,5.0
2033-08-30,,53.32429852808311,4.0
2033-08-31,26.864339732843558,56.474625148275145,10.0
2033-09-01,24.884038687106333,42.28993698311791,10.0
2033-09-02,23.100613637285097,63.97496715238037,7.0
2033-09-03,23.02432536871457,67.57606669612574,10.0
2033-09-04,18.85114770198422,52.8716570311333,10.0
2033-09-05,28.62441200817256,70.13336998242701,9.0
2033-09-06,31.401225381484615,46.60129537753515,3.0
2033-09-07,22.74385484575702,72.8865033777474,2.0
2033-09-08,23.672057625764793,56.77318525811384,9.0
