{
    "columns": [
        "UsingIP",
        "LongURL",
        "ShortURL",
        "Symbol@",
        "Redirecting//",
        "PrefixSuffix-",
        "SubDomains",
        "HTTPS",
        "DomainRegLen",
        "Favicon",
        "NonStdPort",
        "HTTPSDomainURL",
        "RequestURL",
        "AnchorURL",
        "LinksInScriptTags",
        "ServerFormHandler",
        "InfoEmail",
        "AbnormalURL",
        "WebsiteForwarding",
        "StatusBarCust",
        "DisableRightClick",
        "UsingPopupWindow",
        "IframeRedirection",
        "AgeofDomain",
        "DNSRecording",
        "WebsiteTraffic",
        "PageRank",
        "GoogleIndex",
        "LinksPointingToPage",
        "StatsReport",
        "target"
    ],
    "target_variable": [
        "no",
        "yes"
    ],
    "no": {
        "UsingIP": {
            "1": 0.6068585425597061,
            "-1": 0.39314145744029394
        },
        "LongURL": {
            "1": 0.15020408163265306,
            "0": 0.017142857142857144,
            "-1": 0.8326530612244898
        },
        "ShortURL": {
            "1": 0.8948765054092672,
            "-1": 0.10512349459073281
        },
        "Symbol@": {
            "1": 0.8289446825882834,
            "-1": 0.17105531741171667
        },
        "Redirecting//": {
            "1": 0.8852827107572974,
            "-1": 0.1147172892427026
        },
        "PrefixSuffix-": {
            "-1": 0.9997958767095325,
            "1": 0.00020412329046744235
        },
        "SubDomains": {
            "0": 0.45979591836734696,
            "-1": 0.3746938775510204,
            "1": 0.16551020408163264
        },
        "HTTPS": {
            "1": 0.14326530612244898,
            "-1": 0.6226530612244898,
            "0": 0.23408163265306123
        },
        "DomainRegLen": {
            "-1": 0.5490916513574199,
            "1": 0.4509083486425801
        },
        "Favicon": {
            "1": 0.8142478056746275,
            "-1": 0.18575219432537252
        },
        "NonStdPort": {
            "1": 0.8499693815064299,
            "-1": 0.1500306184935701
        },
        "HTTPSDomainURL": {
            "-1": 0.14594815268422126,
            "1": 0.8540518473157788
        },
        "RequestURL": {
            "1": 0.45376607470912433,
            "-1": 0.5462339252908757
        },
        "AnchorURL": {
            "0": 0.30673469387755103,
            "-1": 0.6624489795918367,
            "1": 0.030816326530612243
        },
        "LinksInScriptTags": {
            "-1": 0.4873469387755102,
            "0": 0.35612244897959183,
            "1": 0.15653061224489795
        },
        "ServerFormHandler": {
            "-1": 0.8648979591836735,
            "1": 0.08122448979591837,
            "0": 0.053877551020408164
        },
        "InfoEmail": {
            "1": 0.8099612165748112,
            "-1": 0.19003878342518882
        },
        "AbnormalURL": {
            "1": 0.8767095325576648,
            "-1": 0.12329046744233517
        },
        "WebsiteForwarding": {
            "0": 0.8769136558481323,
            "1": 0.12308634415186773
        },
        "StatusBarCust": {
            "1": 0.8656868748724229,
            "-1": 0.13431312512757707
        },
        "DisableRightClick": {
            "1": 0.9538681363543581,
            "-1": 0.046131863645641966
        },
        "UsingPopupWindow": {
            "1": 0.8064911206368647,
            "-1": 0.19350887936313532
        },
        "IframeRedirection": {
            "1": 0.9093692590324556,
            "-1": 0.0906307409675444
        },
        "AgeofDomain": {
            "-1": 0.5372525005103083,
            "1": 0.4627474994896918
        },
        "DNSRecording": {
            "-1": 0.35068381302306595,
            "1": 0.649316186976934
        },
        "WebsiteTraffic": {
            "0": 0.35081632653061223,
            "1": 0.30775510204081635,
            "-1": 0.3414285714285714
        },
        "PageRank": {
            "-1": 0.7930189834660135,
            "1": 0.20698101653398654
        },
        "GoogleIndex": {
            "1": 0.8105735864462135,
            "-1": 0.18942641355378648
        },
        "LinksPointingToPage": {
            "1": 0.36244897959183675,
            "0": 0.5979591836734693,
            "-1": 0.03959183673469388
        },
        "StatsReport": {
            "1": 0.8287405592978159,
            "-1": 0.17125944070218413
        }
    },
    "target_variable_Percent_no": 0.4430070562692238,
    "yes": {
        "UsingIP": {
            "1": 0.6967040103912973,
            "-1": 0.3032959896087027
        },
        "LongURL": {
            "1": 0.19886363636363635,
            "0": 0.008603896103896103,
            "-1": 0.7925324675324675
        },
        "ShortURL": {
            "1": 0.8488390972560481,
            "-1": 0.15116090274395194
        },
        "Symbol@": {
            "1": 0.8670238675109596,
            "-1": 0.13297613248904042
        },
        "Redirecting//": {
            "1": 0.8590680305244358,
            "-1": 0.14093196947556422
        },
        "PrefixSuffix-": {
            "-1": 0.761974346484819,
            "1": 0.23802565351518104
        },
        "SubDomains": {
            "0": 0.22256493506493508,
            "-1": 0.24805194805194805,
            "1": 0.5293831168831169
        },
        "HTTPS": {
            "1": 0.9141233766233766,
            "-1": 0.08230519480519481,
            "0": 0.0035714285714285713
        },
        "DomainRegLen": {
            "-1": 0.7631108946257509,
            "1": 0.23688910537424906
        },
        "Favicon": {
            "1": 0.8140931969475564,
            "-1": 0.1859068030524436
        },
        "NonStdPort": {
            "1": 0.8751420685176164,
            "-1": 0.1248579314823835
        },
        "HTTPSDomainURL": {
            "-1": 0.17567786978405586,
            "1": 0.8243221302159441
        },
        "RequestURL": {
            "1": 0.7043351193375548,
            "-1": 0.29566488066244523
        },
        "AnchorURL": {
            "0": 0.6227272727272727,
            "-1": 0.006006493506493507,
            "1": 0.37126623376623374
        },
        "LinksInScriptTags": {
            "-1": 0.25487012987012986,
            "0": 0.4392857142857143,
            "1": 0.30584415584415586
        },
        "ServerFormHandler": {
            "-1": 0.6823051948051948,
            "1": 0.2366883116883117,
            "0": 0.08100649350649351
        },
        "InfoEmail": {
            "1": 0.8239974021756779,
            "-1": 0.17600259782432212
        },
        "AbnormalURL": {
            "1": 0.8334145153433999,
            "-1": 0.16658548465660009
        },
        "WebsiteForwarding": {
            "0": 0.8899171943497322,
            "1": 0.1100828056502679
        },
        "StatusBarCust": {
            "1": 0.8930021107322618,
            "-1": 0.10699788926773827
        },
        "DisableRightClick": {
            "1": 0.9590842669264491,
            "-1": 0.040915733073550904
        },
        "UsingPopupWindow": {
            "1": 0.8066244520214321,
            "-1": 0.19337554797856796
        },
        "IframeRedirection": {
            "1": 0.9074525085241111,
            "-1": 0.09254749147588895
        },
        "AgeofDomain": {
            "-1": 0.41532716350056825,
            "1": 0.5846728364994317
        },
        "DNSRecording": {
            "-1": 0.28024029874979706,
            "1": 0.7197597012502029
        },
        "WebsiteTraffic": {
            "0": 0.1383116883116883,
            "1": 0.7021103896103896,
            "-1": 0.15957792207792207
        },
        "PageRank": {
            "-1": 0.7009254749147589,
            "1": 0.2990745250852411
        },
        "GoogleIndex": {
            "1": 0.9004708556583861,
            "-1": 0.0995291443416139
        },