{
    "columns": [
        "UsingIP",
        "LongURL",
        "ShortURL",
        "Symbol@",
        "Redirecting//",
        "PrefixSuffix-",
        "SubDomains",
        "HTTPS",
        "DomainRegLen",
        "Favicon",
        "NonStdPort",
        "HTTPSDomainURL",
        "RequestURL",
        "AnchorURL",
        "LinksInScriptTags",
        "ServerFormHandler",
        "InfoEmail",
        "AbnormalURL",
        "WebsiteForwarding",
        "StatusBarCust",
        "DisableRightClick",
        "UsingPopupWindow",
        "IframeRedirection",
        "AgeofDomain",
        "DNSRecording",
        "WebsiteTraffic",
        "PageRank",
        "GoogleIndex",
        "LinksPointingToPage",
        "StatsReport",
        "target"
    ],
    "target_variable": [
        "yes",
        "no"
    ],
    "yes": {
        "UsingIP": {
            "1": 0.6969040917947608,
            "-1": 0.30309590820523924
        },
        "LongURL": {
            "-1": 0.7922077922077922,
            "1": 0.1987012987012987,
            "0": 0.00909090909090909
        },
        "ShortURL": {
            "1": 0.8504005195929855,
            "-1": 0.1495994804070145
        },
        "Symbol@": {
            "1": 0.8711842390127733,
            "-1": 0.12881576098722666
        },
        "Redirecting//": {
            "1": 0.8612253734574583,
            "-1": 0.13877462654254166
        },
        "PrefixSuffix-": {
            "-1": 0.7614202208270189,
            "1": 0.23857977917298118
        },
        "SubDomains": {
            "-1": 0.24545454545454545,
            "0": 0.21818181818181817,
            "1": 0.5363636363636364
        },
        "HTTPS": {
            "1": 0.9110389610389611,
            "0": 0.003246753246753247,
            "-1": 0.08571428571428572
        },
        "DomainRegLen": {
            "1": 0.2387962762502706,
            "-1": 0.7612037237497293
        },
        "Favicon": {
            "1": 0.817925957999567,
            "-1": 0.182074042000433
        },
        "NonStdPort": {
            "1": 0.8789781337951937,
            "-1": 0.12102186620480623
        },
        "HTTPSDomainURL": {
            "1": 0.8244208703182507,
            "-1": 0.1755791296817493
        },
        "RequestURL": {
            "1": 0.7042649924226023,
            "-1": 0.2957350075773977
        },
        "AnchorURL": {
            "0": 0.6222943722943723,
            "1": 0.370995670995671,
            "-1": 0.00670995670995671
        },
        "LinksInScriptTags": {
            "0": 0.43722943722943725,
            "-1": 0.25606060606060604,
            "1": 0.3067099567099567
        },
        "ServerFormHandler": {
            "-1": 0.6826839826839827,
            "1": 0.23614718614718613,
            "0": 0.08116883116883117
        },
        "InfoEmail": {
            "1": 0.8281013206321715,
            "-1": 0.17189867936782854
        },
        "AbnormalURL": {
            "1": 0.837843689110197,
            "-1": 0.16215631088980298
        },
        "WebsiteForwarding": {
            "0": 0.8917514613552717,
            "1": 0.10824853864472829
        },
        "StatusBarCust": {
            "1": 0.892833946741719,
            "-1": 0.10716605325828102
        },
        "DisableRightClick": {
            "1": 0.9592985494695822,
            "-1": 0.04070145053041784
        },
        "UsingPopupWindow": {
            "1": 0.8109980515263044,
            "-1": 0.1890019484736956
        },
        "IframeRedirection": {
            "1": 0.9092877246157177,
            "-1": 0.09071227538428231
        },
        "AgeofDomain": {
            "1": 0.5877895648408746,
            "-1": 0.41221043515912537
        },
        "DNSRecording": {
            "-1": 0.27798224723966225,
            "1": 0.7220177527603377
        },
        "WebsiteTraffic": {
            "-1": 0.15670995670995672,
            "1": 0.7041125541125541,
            "0": 0.13917748917748918
        },
        "PageRank": {
            "-1": 0.6995020567222342,
            "1": 0.30049794327776574
        },
        "GoogleIndex": {
            "1": 0.8984628707512449,
            "-1": 0.10153712924875515
        },
        "LinksPointingToPage": {
            "1": 0.412987012987013,
            "0": 0.5248917748917749,
            "-1": 0.06212121212121212
        },
        "StatsReport": {
            "1": 0.8846070578047196,
            "-1": 0.11539294219528036
        }
    },
    "target_variable_Percent_yes": 0.5569360675512666,
    "no": {
        "UsingIP": {
            "1": 0.6070748299319728,
            "-1": 0.3929251700680272
        },
        "LongURL": {
            "-1": 0.8291621327529923,
            "1": 0.15342763873775844,
            "0": 0.017410228509249184
        },
        "ShortURL": {
            "1": 0.8927891156462585,
            "-1": 0.1072108843537415
        },
        "Symbol@": {
            "1": 0.8258503401360544,
            "-1": 0.17414965986394557
        },
        "Redirecting//": {
            "1": 0.8821768707482993,
            "-1": 0.11782312925170069
        },
        "PrefixSuffix-": {
            "-1": 0.9997278911564625,
            "1": 0.00027210884353741496
        },
        "SubDomains": {
            "-1": 0.3797606093579978,
            "0": 0.4518498367791077,
            "1": 0.16838955386289445
        },
        "HTTPS": {
            "1": 0.14608269858541895,
            "0": 0.23313384113166485,
            "-1": 0.6207834602829162
        },
        "DomainRegLen": {
            "1": 0.4514285714285714,
            "-1": 0.5485714285714286
        },
        "Favicon": {
            "1": 0.8157823129251701,
            "-1": 0.18421768707482994
        },
        "NonStdPort": {
            "1": 0.851156462585034,
            "-1": 0.14884353741496598
        },
        "HTTPSDomainURL": {
            "1": 0.8506122448979592,
            "-1": 0.1493877551020408
        },
        "RequestURL": {
            "1": 0.4549659863945578,
            "-1": 0.5450340136054421
        },
        "AnchorURL": {
            "0": 0.3060391730141458,
            "1": 0.029923830250272034,
            "-1": 0.6640369967355821
        },
        "LinksInScriptTags": {
            "0": 0.3574537540805223,
            "-1": 0.48313384113166485,
            "1": 0.15941240478781285
        },
        "ServerFormHandler": {
            "-1": 0.8661588683351469,
            "1": 0.08052230685527748,
            "0": 0.05331882480957562
        },
        "InfoEmail": {
            "1": 0.8100680272108843,
            "-1": 0.18993197278911564
        },
        "AbnormalURL": {
            "1": 0.8734693877551021,
            "-1": 0.12653061224489795
        },
        "WebsiteForwarding": {
            "0": 0.8808163265306123,
            "1": 0.11918367346938775
        },
        "StatusBarCust": {
            "1": 0.8666666666666667,
            "-1": 0.13333333333333333
        },
        "DisableRightClick": {
            "1": 0.9556462585034013,
            "-1": 0.04435374149659864
        },
        "UsingPopupWindow": {
            "1": 0.806530612244898,
            "-1": 0.19346938775510203
        },
        "IframeRedirection": {
            "1": 0.9110204081632653,
            "-1": 0.08897959183673469
        },
        "AgeofDomain": {
            "1": 0.4636734693877551,
            "-1": 0.5363265306122449
        },
        "DNSRecording": {
            "-1": 0.35591836734693877,
            "1": 0.6440816326530612
        },
        "WebsiteTraffic": {
            "-1": 0.3408596300326442,
            "1": 0.30957562568008706,
            "0": 0.34956474428726875
        },
        "PageRank": {
            "-1": 0.7961904761904762,
            "1": 0.2038095238095238
        },
        "GoogleIndex": {
            "1": 0.8122448979591836,
            "-1": 0.18775510204081633
        },
        "LinksPointingToPage": {
            "1": 0.3645266594124048,