{
    "columns": [
        "income",
        "student",
        "credit_rating",
        "age_group",
        "target"
    ],
    "target_variable": [
        "no",
        "yes"
    ],
    "no": {
        "income": {
            "high": 0.42857142857142855,
            "low": 0.2857142857142857,
            "medium": 0.2857142857142857
        },
        "student": {
            "no": 0.6666666666666666,
            "yes": 0.3333333333333333
        },
        "credit_rating": {
            "excellent": 0.6666666666666666,
            "fair": 0.3333333333333333
        },
        "age_group": {
            "Very Young": 0.42857142857142855,
            "Young": 0.14285714285714285,
            "Senior": 0.42857142857142855
        }
    },
    "target_variable_Percent_no": 0.4,
    "yes": {
        "income": {
            "high": 0.2222222222222222,
            "low": 0.3333333333333333,
            "medium": 0.4444444444444444
        },
        "student": {
            "no": 0.375,
            "yes": 0.625
        },
        "credit_rating": {
            "excellent": 0.375,
            "fair": 0.625
        },
        "age_group": {
            "Very Young": 0.2222222222222222,
            "Young": 0.3333333333333333,
            "Senior": 0.4444444444444444
        }
    },
    "target_variable_Percent_yes": 0.6,
    "name": "buys_computer_training_75"
}